,Open,Close,test_close
1986-03-13 05:00:00,0.054594433,0.0599464662,0.0511975118832666
1986-03-14 05:00:00,0.0599464907,0.0620873049,0.05276649518595633
1986-03-17 05:00:00,0.0620873252,0.0631583482,0.053646728352447326
1986-03-18 05:00:00,0.0631583299,0.0615521036,0.052071791497617426
1986-03-19 05:00:00,0.0615521424,0.0604817346,0.050915242059744514
1986-03-20 05:00:00,0.0604816814,0.0588760711,0.048971433164034295
1986-03-21 05:00:00,0.0588760739,0.0572704636,0.04775498620380603
1986-03-24 05:00:00,0.0572704588,0.0556648485,0.0457563947896773
1986-03-25 05:00:00,0.055664859,0.056735266,0.04634406895296195
1986-03-26 05:00:00,0.0567352704,0.058340881,0.04825784931686883
1986-03-27 05:00:00,0.0583409314,0.0594113395,0.04947435047002813
1986-03-31 05:00:00,0.0594112746,0.0588760711,0.04835078273190874
1986-04-01 05:00:00,0.0588760846,0.058340881,0.0487170132851773
1986-04-02 05:00:00,0.0583408677,0.0588760711,0.04989533415234604
1986-04-03 05:00:00,0.0594113395,0.0594113395,0.050967079290899164
1986-04-04 05:00:00,0.0594113395,0.0594113395,0.050124981542737146
1986-04-07 05:00:00,0.0594112881,0.058340881,0.04832081609419703
1986-04-08 05:00:00,0.0583408677,0.0588760711,0.04989533415234604
1986-04-09 05:00:00,0.0588760596,0.0599464662,0.050431161764620924
1986-04-10 05:00:00,0.0599465307,0.0604817346,0.05017979998063993
1986-04-11 05:00:00,0.0610169,0.0615521036,0.052575030891986785
1986-04-14 05:00:00,0.0615521013,0.0620873049,0.05268981959206798
1986-04-15 05:00:00,0.0620873049,0.0620873049,0.050578964144364136
1986-04-16 05:00:00,0.062087306,0.0642287359,0.05403777747901728
1986-04-17 05:00:00,0.0642287373,0.0647639409,0.0549481033596706
1986-04-18 05:00:00,0.0647639195,0.0626231059,0.052807212782013835
1986-04-21 05:00:00,0.0626231059,0.0626231059,0.05198696031980887
1986-04-22 05:00:00,0.0626231263,0.0615521036,0.052016960296683123
1986-04-23 05:00:00,0.0615520844,0.0618196838,0.05181724144512856
1986-04-24 05:00:00,0.0618197044,0.0679751635,0.05757428846793289
1986-04-25 05:00:00,0.0685103735,0.0722574145,0.06407737204152397
1986-04-28 04:00:00,0.072257401,0.0727926046,0.06295580854140326
1986-04-29 04:00:00,0.0727926033,0.0706511736,0.06084543617341609
1986-04-30 04:00:00,0.0706511995,0.0690455884,0.05867202585538678
1986-05-01 04:00:00,0.0690455706,0.0679751635,0.05754549800406039
1986-05-02 04:00:00,0.0679751635,0.0679751635,0.05866900131663044
1986-05-05 04:00:00,0.067975177,0.0674399734,0.05782691779254634
1986-05-06 04:00:00,0.0679751635,0.0679751635,0.05912002977696318
1986-05-07 04:00:00,0.0679751635,0.0679751635,0.05779692429690897
1986-05-08 04:00:00,0.0679751353,0.0685103387,0.05824792469787354
1986-05-09 04:00:00,0.068510367,0.0679751635,0.05836274382286888
1986-05-12 04:00:00,0.0679751353,0.0685103387,0.05996209795421237
1986-05-13 04:00:00,0.0685103847,0.0690455884,0.05965588719608661
1986-05-14 04:00:00,0.069045542,0.0685103387,0.05889855491962237
1986-05-15 04:00:00,0.0685103387,0.0685103387,0.05965584059073592
1986-05-16 04:00:00,0.0685103847,0.0690455884,0.06049798447222088
1986-05-19 04:00:00,0.0690455706,0.0679751635,0.05799652646439313
1986-05-20 04:00:00,0.067975177,0.0674399734,0.05737588924793613
1986-05-21 04:00:00,0.0674399631,0.0663695559,0.0572610880171851
1986-05-22 04:00:00,0.0663695559,0.0663695559,0.057091465813449815
1986-05-23 04:00:00,0.0663695559,0.0663695559,0.05751251437285276
1986-05-27 04:00:00,0.0663695252,0.0685103387,0.0583545800471299
1986-05-28 04:00:00,0.0685103595,0.0706511736,0.060497958691584586
1986-05-29 04:00:00,0.070651188,0.0722574145,0.06261183576786067
1986-05-30 04:00:00,0.0727925958,0.0749334097,0.06562738013646907
1986-06-02 04:00:00,0.0749334187,0.0727926046,0.063440342579824
1986-06-03 04:00:00,0.0727926046,0.0727926046,0.06219852260315406
1986-06-04 04:00:00,0.0727926181,0.0722574145,0.06261958451005256
1986-06-05 04:00:00,0.0722574025,0.0733278096,0.06295581004319928
1986-06-06 04:00:00,0.0733278096,0.0733278096,0.06273488234738522
1986-06-09 04:00:00,0.0733277974,0.0701159611,0.0609302381853567
1986-06-10 04:00:00,0.0701159611,0.0701159611,0.05951921749781519
1986-06-11 04:00:00,0.0701159611,0.0701159611,0.05951921749781519
1986-06-12 04:00:00,0.0701159918,0.0674399734,0.05771513371878001
1986-06-13 04:00:00,0.0674399734,0.0674399734,0.057712126705474986
1986-06-16 04:00:00,0.0674399645,0.0669047609,0.057261089418844335
1986-06-17 04:00:00,0.0674399599,0.0679751635,0.0590052387741693
1986-06-18 04:00:00,0.067975177,0.0674399734,0.056924860703333025
1986-06-19 04:00:00,0.0674399645,0.0669047609,0.057261089418844335
1986-06-20 04:00:00,0.0669047296,0.0671723336,0.05762727528278333
1986-06-23 04:00:00,0.0671723604,0.0679751635,0.05697817372113434
1986-06-24 04:00:00,0.067975177,0.0674399734,0.05779693788601037
1986-06-25 04:00:00,0.0674399631,0.0663695559,0.0572610880171851
1986-06-26 04:00:00,0.0663695501,0.0642287359,0.05528734625510623
1986-06-27 04:00:00,0.0642287344,0.0636935309,0.05404604354116316
1986-06-30 04:00:00,0.0636935293,0.0658343434,0.05648752197921425
1986-07-01 04:00:00,0.0658343434,0.0658343434,0.055683540405226495
1986-07-02 04:00:00,0.0658343434,0.0658343434,0.055683540405226495
1986-07-03 04:00:00,0.0663695573,0.0669047609,0.05751251577450489
1986-07-07 04:00:00,0.0669047536,0.0642287359,0.054951108860400666
1986-07-08 04:00:00,0.0642287161,0.0626231059,0.052722401711832845
1986-07-09 04:00:00,0.0626230985,0.0599464662,0.05021281988640425
1986-07-10 04:00:00,0.0599464917,0.058340881,0.047052541820661986
1986-07-11 04:00:00,0.0583408563,0.0599464662,0.05073741914954155
1986-07-14 04:00:00,0.0583408891,0.0591436923,0.05031640460919107
1986-07-15 04:00:00,0.0591436589,0.0599464662,0.05023306472232747
1986-07-16 04:00:00,0.0604816943,0.0620873049,0.05203870485163975
1986-07-17 04:00:00,0.0620873252,0.0631583482,0.05277465108550672
1986-07-18 04:00:00,0.0631583273,0.0636935309,0.05294386591985756
1986-07-21 04:00:00,0.0636935309,0.0636935309,0.05483330939620146
1986-07-22 04:00:00,0.0636935293,0.0658343434,0.05567540483442457
1986-07-23 04:00:00,0.0658343465,0.0642287359,0.05562358371263798
1986-07-24 04:00:00,0.0652991487,0.0663695559,0.05728293236724369
1986-07-25 04:00:00,0.0663695573,0.0669047609,0.05751251577450489
1986-07-28 04:00:00,0.0669047413,0.065299131,0.055853153634998876
1986-07-29 04:00:00,0.0652991415,0.0636935309,0.05376463735298387
1986-07-30 04:00:00,0.0636935335,0.0615521036,0.05038246874335783
1986-07-31 04:00:00,0.0615520984,0.0610168949,0.051817255456164446
1986-08-01 04:00:00,0.0610169385,0.0604817346,0.05083043091033801
1986-08-04 04:00:00,0.0604817346,0.0604817346,0.0494225135392341
1986-08-05 04:00:00,0.0604816696,0.0599464662,0.050745554633031986
1986-08-06 04:00:00,0.0599465435,0.0594113395,0.049307735028875754
1986-08-07 04:00:00,0.0594112746,0.0588760711,0.04922285942574689
1986-08-08 04:00:00,0.0588761354,0.0594113395,0.050431239306774955
1986-08-11 04:00:00,0.0604816965,0.0615521036,0.05203870713292247
1986-08-12 04:00:00,0.0615521214,0.0631583482,0.05311088866868374
1986-08-13 04:00:00,0.0631583273,0.0636935309,0.053425393055889
1986-08-14 04:00:00,0.0636935206,0.065299131,0.05567539588808046
1986-08-15 04:00:00,0.065299122,0.065566726,0.055568731592472886
1986-08-18 04:00:00,0.0655667485,0.0647639409,0.05540063383417504
1986-08-19 04:00:00,0.0647639409,0.0647639409,0.05437136353093308
1986-08-20 04:00:00,0.0647639394,0.0642287359,0.054611864484627404
1986-08-21 04:00:00,0.0642287359,0.0642287359,0.055369150438735915
1986-08-22 04:00:00,0.0642287556,0.0631583482,0.053143488879968004
1986-08-25 04:00:00,0.0631583482,0.0631583482,0.052552817927804085
1986-08-26 04:00:00,0.0631583093,0.0626231059,0.05300432655938181
1986-08-27 04:00:00,0.0626231059,0.0626231059,0.052889016903385766
1986-08-28 04:00:00,0.0626231059,0.0626231059,0.05334056389126829
1986-08-29 04:00:00,0.062623121,0.0610168949,0.051084918421601344
1986-09-02 04:00:00,0.0610169515,0.0594113395,0.04928182094574396
1986-09-03 04:00:00,0.0588760717,0.0578056648,0.04691288720268716
1986-09-04 04:00:00,0.0588760666,0.0626231059,0.052115846756819906
1986-09-05 04:00:00,0.0626231137,0.065299131,0.05457321838833451
1986-09-08 04:00:00,0.0652991444,0.0647639409,0.05556875400789352
1986-09-09 04:00:00,0.0647639364,0.0658343434,0.0571681323394202
1986-09-10 04:00:00,0.065834348,0.0647639409,0.0556535651097434
1986-09-11 04:00:00,0.0647639382,0.0620873049,0.05322827938943675
1986-09-12 04:00:00,0.0620873463,0.0604817346,0.05145156621929203
1986-09-15 04:00:00,0.0604816965,0.0615521036,0.05071560165286115
1986-09-16 04:00:00,0.0615521036,0.0615521036,0.05136623228067805
1986-09-17 04:00:00,0.0615521214,0.0631583482,0.05350195740022201
1986-09-18 04:00:00,0.0631583273,0.0636935309,0.05471851839340047
1986-09-19 04:00:00,0.0636935309,0.0636935309,0.053961232455151276
1986-09-22 04:00:00,0.0636935519,0.0631583482,0.05354020491509459
1986-09-23 04:00:00,0.0631583288,0.0642287359,0.05471851989518228
1986-09-24 04:00:00,0.0642287464,0.0634259433,0.05362500690615235
1986-09-25 04:00:00,0.0634259316,0.0620873049,0.052805725925964
1986-09-26 04:00:00,0.0620873049,0.0620873049,0.052353582134536225
1986-09-29 04:00:00,0.0620873463,0.0604817346,0.051030033126885144
1986-09-30 04:00:00,0.0604817346,0.0604817346,0.051617697269499274
1986-10-01 04:00:00,0.0604816696,0.0599464662,0.05026454654139201
1986-10-02 04:00:00,0.0599464662,0.0599464662,0.050630763757396835
1986-10-03 04:00:00,0.0599465307,0.0604817346,0.051081857406934716
1986-10-06 04:00:00,0.0620872946,0.065299131,0.05575193941169232
1986-10-07 04:00:00,0.0652991252,0.066637136,0.057703956690680513
1986-10-08 04:00:00,0.0666371292,0.0685103387,0.058367002443695526
1986-10-09 04:00:00,0.0685103595,0.0706511736,0.061761588430748304
1986-10-10 04:00:00,0.0706511634,0.0738629997,0.0638449760729074
1986-10-13 04:00:00,0.0738630103,0.0706511736,0.06146608672151643
1986-10-14 04:00:00,0.0711863949,0.0717215985,0.06233556141612695
1986-10-15 04:00:00,0.0717215733,0.0749334097,0.06497661775864572
1986-10-16 04:00:00,0.0749334097,0.0749334097,0.06521446726230806
1986-10-17 04:00:00,0.0749334229,0.0770742372,0.06734969939412139
1986-10-20 04:00:00,0.077074258,0.0776094571,0.06729789600825598
1986-10-21 04:00:00,0.0781446441,0.0808206573,0.07056473636683336
1986-10-22 04:00:00,0.0808206573,0.0808206573,0.0713192403373526
1986-10-23 04:00:00,0.0808206573,0.0808206573,0.07088320573813434
1986-10-24 04:00:00,0.0808206512,0.0802854523,0.0688835461560302
1986-10-27 05:00:00,0.0808206785,0.0829621181,0.0728233976634769
1986-10-28 05:00:00,0.0829620637,0.0848352686,0.07580893147987666
1986-10-29 05:00:00,0.0848353275,0.0824269131,0.07243645839456292
1986-10-30 05:00:00,0.0824268904,0.0840325058,0.07440105391499685
1986-10-31 05:00:00,0.0840325255,0.0829621181,0.07384338285862668
1986-11-03 05:00:00,0.0834973256,0.0845677331,0.07508168892542955
1986-11-04 05:00:00,0.0845677332,0.0877789557,0.07741651082431389
1986-11-05 05:00:00,0.087778928,0.0931315795,0.08228621896051891
1986-11-06 05:00:00,0.0931315559,0.0952723697,0.0863815805581325
1986-11-07 05:00:00,0.095272401,0.0947372019,0.08422454476445296
1986-11-10 05:00:00,0.0947371704,0.0909901261,0.0814629867969856
1986-11-11 05:00:00,0.091525957,0.091525957,0.08269880771554483
1986-11-12 05:00:00,0.091525957,0.091525957,0.08263832131278548
1986-11-13 05:00:00,0.09152598,0.0901873484,0.08092417059980761
1986-11-14 05:00:00,0.0901873187,0.0909901261,0.07956945508527014
1986-11-17 05:00:00,0.0909901333,0.091525957,0.08168182696095272
1986-11-18 05:00:00,0.0915259602,0.0867085084,0.07821798069405617
1986-11-19 05:00:00,0.0867084956,0.0899197161,0.07998086029978424
1986-11-20 05:00:00,0.0899197075,0.0968779624,0.08572266227738368
1986-11-21 05:00:00,0.0974131943,0.1000892073,0.09069877099511814
1986-11-24 05:00:00,0.1000892609,0.108117938,0.09446128210139193
1986-11-25 05:00:00,0.1081178298,0.1091882363,0.0992804082376324
1986-11-26 05:00:00,0.1091883456,0.108117938,0.09905907474261255
1986-11-28 05:00:00,0.1081178861,0.1065122709,0.09663426210550341
1986-12-01 05:00:00,0.1065123011,0.1043714955,0.09502677605470922
1986-12-02 05:00:00,0.1049066782,0.1049066782,0.09693752599663696
1986-12-03 05:00:00,0.1049066559,0.1041038483,0.09519334964188886
1986-12-04 05:00:00,0.1041038306,0.105441846,0.0956677095425249
1986-12-05 05:00:00,0.1054418864,0.1049066782,0.09575918853039411
1986-12-08 05:00:00,0.1049066302,0.1038362235,0.09384024301358096
1986-12-09 05:00:00,0.1038362996,0.1033011004,0.09370067635207846
1986-12-10 05:00:00,0.10330105,0.1041038483,0.0935858358611128
1986-12-11 05:00:00,0.1041038705,0.1049066782,0.09527668464788519
1986-12-12 05:00:00,0.1049066555,0.1011602357,0.09209611436045151
1986-12-15 05:00:00,0.1011602374,0.0984835997,0.08831473052509864
1986-12-16 05:00:00,0.0990188239,0.0995540321,0.09104316699540504
1986-12-17 05:00:00,0.0995540201,0.1006244272,0.09115794681323308
1986-12-18 05:00:00,0.1006244298,0.1014278531,0.09135754408842445
1986-12-19 05:00:00,0.10169541,0.1038362235,0.0945645379854696
1986-12-22 05:00:00,0.103836271,0.1049066782,0.0958658468722362
1986-12-23 05:00:00,0.104906681,0.1059770882,0.09609543168117796
1986-12-24 05:00:00,0.1059770628,0.1057094634,0.09587396375705026
1986-12-26 05:00:00,0.1057094454,0.105441846,0.09646310782412115
1986-12-29 05:00:00,0.1054418636,0.1011602357,0.09302301589914919
1986-12-30 05:00:00,0.1011602461,0.1022306532,0.09186300644766021
1986-12-31 05:00:00,0.1022306929,0.1033011004,0.0946794064944072
1987-01-02 05:00:00,0.1033010603,0.1022306532,0.09313481375220789
1987-01-05 05:00:00,0.1022307009,0.108117938,0.09759677181108373
1987-01-06 05:00:00,0.1081179021,0.1097235084,0.09970153341436117
1987-01-07 05:00:00,0.1097234717,0.1156113297,0.10470786952572553
1987-01-08 05:00:00,0.1161465074,0.1193577275,0.10987539518078648
1987-01-09 05:00:00,0.1193577831,0.1241752356,0.11348156082665639
1987-01-12 05:00:00,0.1241752889,0.1322039664,0.1208010976990721
1987-01-13 05:00:00,0.1311334836,0.1284568459,0.11745152335431897
1987-01-14 05:00:00,0.1284568459,0.1284568459,0.11699738225344447
1987-01-15 05:00:00,0.1284568642,0.1354151219,0.12683190478241357
1987-01-16 05:00:00,0.1354151801,0.1322039664,0.12083625576801893
1987-01-19 05:00:00,0.1322038517,0.1370206773,0.12411670927990315
1987-01-20 05:00:00,0.1370207425,0.139161557,0.13116549361989627
1987-01-21 05:00:00,0.1391615716,0.145049423,0.13487314183254284
1987-01-22 05:00:00,0.1450493619,0.1595010906,0.14362582145341207
1987-01-23 05:00:00,0.1595010854,0.1445141584,0.14233536225263776
1987-01-26 05:00:00,0.1455845628,0.1471901685,0.13444659200807507
1987-01-27 05:00:00,0.1471901908,0.1530780494,0.1439032960682809
1987-01-28 05:00:00,0.153078076,0.1536132842,0.1419784698463289
1987-01-29 05:00:00,0.1536132343,0.1471901685,0.13716187008185443
1987-01-30 05:00:00,0.1471901725,0.1565568596,0.14336231261210486
1987-02-02 05:00:00,0.1565568732,0.1562892646,0.14905562616641532
1987-02-03 05:00:00,0.1562892976,0.1536132842,0.1434498718817352
1987-02-04 05:00:00,0.1536132754,0.1541484743,0.14350680579562436
1987-02-05 05:00:00,0.1541484564,0.1530780494,0.1431405738217606
1987-02-06 05:00:00,0.1530780586,0.1474578083,0.13870066741250753
1987-02-09 05:00:00,0.1471901953,0.1461197883,0.13600849921974145
1987-02-10 05:00:00,0.1461197704,0.1466549784,0.13423028568828244
1987-02-11 05:00:00,0.1471902164,0.1536132842,0.142640187978472
1987-02-12 05:00:00,0.1536132453,0.1643179208,0.15307079548762204
1987-02-13 05:00:00,0.1643179022,0.1627123058,0.1519090703130388
1987-02-17 05:00:00,0.1627123773,0.1637827754,0.1512336508180212
1987-02-18 05:00:00,0.1637827634,0.1536132842,0.14728352854408655
1987-02-19 05:00:00,0.1530780263,0.1471901685,0.13716700493198886
1987-02-20 05:00:00,0.1471901892,0.1455845833,0.13442989190015453
1987-02-23 05:00:00,0.1455845794,0.1546836495,0.14211589726284046
1987-02-24 05:00:00,0.1546837082,0.1621771753,0.15140573433114213
1987-02-25 05:00:00,0.1621771033,0.1595010906,0.15174986411816604
1987-02-26 05:00:00,0.1595010884,0.1653883308,0.15562738594309167
1987-02-27 05:00:00,0.1653883369,0.1643179208,0.15349174591566594
1987-03-02 05:00:00,0.164317917,0.1595010906,0.14977334023663502
1987-03-03 05:00:00,0.1595010906,0.1595010906,0.1493711258320971
1987-03-04 05:00:00,0.159501071,0.170740962,0.15872512126620109
1987-03-05 05:00:00,0.1707410423,0.1787697077,0.17042947741983738
1987-03-06 05:00:00,0.1787697166,0.1782345176,0.1659864641123363
1987-03-09 05:00:00,0.1782344837,0.1750226468,0.16548056090000784
1987-03-10 05:00:00,0.1750226998,0.1803753525,0.17089679478887376
1987-03-11 05:00:00,0.1830513328,0.1830513328,0.17252881881518078
1987-03-12 05:00:00,0.1830513252,0.1838541329,0.17156680172691097
1987-03-13 05:00:00,0.1838541247,0.1771634668,0.16655163292358566
1987-03-16 05:00:00,0.176628196,0.1760929972,0.16209877386184957
1987-03-17 05:00:00,0.1760930685,0.1819809377,0.17154740491036335
1987-03-18 05:00:00,0.1830513409,0.1916152239,0.18149125466372595
1987-03-19 05:00:00,0.1916152029,0.1953616142,0.18230603955374391
1987-03-20 05:00:00,0.1953616838,0.1932208687,0.18310965776961297
1987-03-23 05:00:00,0.1932208258,0.1918828189,0.18307149571010228
1987-03-24 05:00:00,0.1873330162,0.1932208687,0.1832517347779543
1987-03-25 05:00:00,0.1932208317,0.1924180239,0.1827104161316555
1987-03-26 05:00:00,0.1924180558,0.1910800487,0.18150063122541127
1987-03-27 05:00:00,0.1921503957,0.1964320242,0.18933797128534025
1987-03-30 05:00:00,0.1964320145,0.2071373165,0.18944599764326853
1987-03-31 05:00:00,0.2044606786,0.2071373165,0.20082079183318768
1987-04-01 05:00:00,0.2071373903,0.1948264688,0.18969714677742644
1987-04-02 05:00:00,0.198038186,0.2033902109,0.19607485982025707
1987-04-03 05:00:00,0.2033903643,0.213559866,0.20269655334467984
1987-04-06 04:00:00,0.2135598728,0.2124894559,0.20039742598698496
1987-04-07 04:00:00,0.2124893886,0.20124951,0.19349177279609364
1987-04-08 04:00:00,0.2012494666,0.2071373165,0.19802680893327107
1987-04-09 04:00:00,0.2071372641,0.2033902109,0.19309459261547346
1987-04-10 04:00:00,0.2033902803,0.2047283053,0.1946660828334359
1987-04-13 04:00:00,0.2044606162,0.1980381757,0.18861065141022237
1987-04-14 04:00:00,0.1980382789,0.20124951,0.19084149068627454
1987-04-15 04:00:00,0.2028551361,0.2055311501,0.19710810392303557
1987-04-16 04:00:00,0.2055310239,0.2108836919,0.20312557668223263
1987-04-20 04:00:00,0.2108837847,0.2049959153,0.19762767829307393
1987-04-21 04:00:00,0.2049958601,0.2082076967,0.19564314308811248
1987-04-22 04:00:00,0.2082076611,0.2108836919,0.20120336096032077
1987-04-23 04:00:00,0.2108836919,0.2108836919,0.20033427556549555
1987-04-24 04:00:00,0.2108837784,0.2119541764,0.20078538636458632
1987-04-27 04:00:00,0.2119541764,0.2119541764,0.20053397664531047
1987-04-28 04:00:00,0.2119541401,0.227476269,0.21325631140387458
1987-04-29 04:00:00,0.2274762154,0.2210531682,0.21718719921731378
1987-04-30 04:00:00,0.2210532014,0.2226587981,0.21388474830978765
1987-05-01 04:00:00,0.2226588484,0.2247996628,0.21299553763802237
1987-05-04 04:00:00,0.2247996018,0.2290818542,0.2190186987192959
1987-05-05 04:00:00,0.2296170076,0.2478151619,0.23442846989118493
1987-05-06 04:00:00,0.2478153148,0.2419274449,0.23415208227689988
1987-05-07 04:00:00,0.2419274342,0.2531673312,0.24034738404786538
1987-05-08 04:00:00,0.2537024978,0.2708302438,0.2606483169747804
1987-05-11 04:00:00,0.2708302435,0.2633367777,0.25483363616127974
1987-05-12 04:00:00,0.2633368359,0.254237771,0.24515228086355734
1987-05-13 04:00:00,0.255843852,0.2606606781,0.2510013946931693
1987-05-14 04:00:00,0.260660714,0.262801528,0.25666656219723905
1987-05-15 04:00:00,0.2622663284,0.2553086877,0.24693660163647024
1987-05-18 04:00:00,0.2553087847,0.2467449009,0.23275329425347024
1987-05-19 04:00:00,0.2467448435,0.2381809801,0.23004307209967578
1987-05-20 04:00:00,0.2371104968,0.2344338596,0.2212993282071949
1987-05-21 04:00:00,0.2349691051,0.2387161404,0.23052336551407393
1987-05-22 04:00:00,0.2387161448,0.2317578793,0.2232979628319427
1987-05-26 04:00:00,0.2317578471,0.2344338596,0.22475155120230284
1987-05-27 04:00:00,0.2344338596,0.2344338596,0.22824335945120566
1987-05-28 04:00:00,0.2344339151,0.2488856465,0.23627379787159697
1987-05-29 04:00:00,0.2488857157,0.2467449009,0.24051670428351457
1987-06-01 04:00:00,0.2467448983,0.2419274449,0.23320031337772917
1987-06-02 04:00:00,0.2419273432,0.2408569455,0.23177643635060008
1987-06-03 04:00:00,0.2419274325,0.2424626499,0.23538473802338444
1987-06-04 04:00:00,0.2424625605,0.2408569455,0.2302664886708783
1987-06-05 04:00:00,0.2408569189,0.2338986546,0.22228406543951706
1987-06-08 04:00:00,0.2338986338,0.2349690497,0.22250452612907168
1987-06-09 04:00:00,0.2349691393,0.2333635241,0.22363623242483754
1987-06-10 04:00:00,0.2333635738,0.2215884775,0.2107225588458448
1987-06-11 04:00:00,0.2253349165,0.2087429911,0.20223381216661807
1987-06-12 04:00:00,0.2087430235,0.210348621,0.20549927773645038
1987-06-15 04:00:00,0.210348621,0.210348621,0.19973812672296276
1987-06-16 04:00:00,0.2103485577,0.2146301866,0.20584359853958745
1987-06-17 04:00:00,0.2157006174,0.2221236676,0.21165302847015255
1987-06-18 04:00:00,0.2215885193,0.2245321423,0.2118939424474604
1987-06-19 04:00:00,0.2253348381,0.223729223,0.2152541093592788
1987-06-22 04:00:00,0.2247996812,0.2221236676,0.21168058656662225
1987-06-23 04:00:00,0.2221236922,0.2199828774,0.20674573648270922
1987-06-24 04:00:00,0.2210532161,0.224264428,0.21616989632093464
1987-06-25 04:00:00,0.223729223,0.223729223,0.21325504511477789
1987-06-26 04:00:00,0.224264428,0.224264428,0.21379090046978177
1987-06-29 04:00:00,0.2242643559,0.2231939584,0.21069358734525423
1987-06-30 04:00:00,0.2237292745,0.2183772475,0.20967684828266897
1987-07-01 04:00:00,0.2178420715,0.2194476873,0.21039819639248947
1987-07-02 04:00:00,0.219982878,0.2140950263,0.2032493044299244
1987-07-06 04:00:00,0.2135598197,0.2087429911,0.2011795034664985
1987-07-07 04:00:00,0.2082078055,0.1932208687,0.18469429521396563
1987-07-08 04:00:00,0.1948263838,0.1996438354,0.18708581734733087
1987-07-09 04:00:00,0.2007142862,0.2049959153,0.19743104896200236
1987-07-10 04:00:00,0.2039254124,0.207672447,0.19592451206055017
1987-07-13 04:00:00,0.2076726261,0.2124894559,0.20054723166517618
1987-07-14 04:00:00,0.2140949844,0.2247996628,0.21251182528335733
1987-07-15 04:00:00,0.2247996787,0.2189124525,0.21159113571653876
1987-07-16 04:00:00,0.2194476455,0.2183772475,0.20626170464159088
1987-07-17 04:00:00,0.2183772534,0.2189124525,0.21177607397672915
1987-07-20 04:00:00,0.2183772111,0.2130245417,0.20389685451824135
1987-07-21 04:00:00,0.2130246552,0.2124894559,0.2042219817853237
1987-07-22 04:00:00,0.2124894105,0.2140950263,0.2037160661970745
1987-07-23 04:00:00,0.2140950858,0.2092782557,0.19374628451420506
1987-07-24 04:00:00,0.2098132759,0.2108836919,0.20235984476099134
1987-07-27 04:00:00,0.2108838515,0.213559866,0.2007554942433032
1987-07-28 04:00:00,0.2146301569,0.2130245417,0.2058298525479927
1987-07-29 04:00:00,0.2130246552,0.2124894559,0.20076365189437695
1987-07-30 04:00:00,0.2124892726,0.207672447,0.1970998724585229
1987-07-31 04:00:00,0.2066015374,0.20124951,0.18894999920513555
1987-08-03 04:00:00,0.2012494765,0.1964320242,0.18759085722855673
1987-08-04 04:00:00,0.1964319962,0.2007142305,0.1902562706594324
1987-08-05 04:00:00,0.2012494495,0.2082076967,0.1988389003176536
1987-08-06 04:00:00,0.2087430321,0.2162358761,0.2061608567851252
1987-08-07 04:00:00,0.2162358252,0.2215884775,0.212158907221216
1987-08-10 04:00:00,0.2221236766,0.2215884775,0.21077552086353535
1987-08-11 04:00:00,0.2226587273,0.2173067033,0.2085745553641516
1987-08-12 04:00:00,0.2173068641,0.2140950263,0.20550143352029693
1987-08-13 04:00:00,0.2140949122,0.2205179781,0.21215066585676112
1987-08-14 04:00:00,0.2205180793,0.2215884775,0.2113631798143203
1987-08-17 04:00:00,0.2215883438,0.2231939584,0.21243474569090637
1987-08-18 04:00:00,0.2215885022,0.2194476873,0.2093076659494244
1987-08-19 04:00:00,0.2194476873,0.2194476873,0.20674273556872436
1987-08-20 04:00:00,0.2194476239,0.2253348678,0.21540450108497566
1987-08-21 04:00:00,0.2247996018,0.2290818542,0.22076283727916746
1987-08-24 04:00:00,0.2290818823,0.2392513603,0.22571190584130107
1987-08-25 04:00:00,0.2413922076,0.2456744611,0.23638317173310952
1987-08-26 04:00:00,0.2456744904,0.2472801059,0.24075946552393646
1987-08-27 04:00:00,0.2472799632,0.2478151619,0.23680326387282946
1987-08-28 04:00:00,0.2483504856,0.2574495673,0.24771009598831029
1987-08-31 04:00:00,0.2563791923,0.254237771,0.24233508578598162
1987-09-01 04:00:00,0.2526319661,0.242997691,0.23539621393148735
1987-09-02 04:00:00,0.2408569707,0.2462096214,0.23554615839537263
1987-09-03 04:00:00,0.2488857157,0.2467449009,0.23741894894943982
1987-09-04 04:00:00,0.2467449046,0.2397866547,0.2313662401704093
1987-09-08 04:00:00,0.2392513393,0.2387161404,0.22386377300526306
1987-09-09 04:00:00,0.2397866427,0.2413922399,0.23275987873361714
1987-09-10 04:00:00,0.2424624696,0.2451384813,0.2367325028041165
1987-09-11 04:00:00,0.2451386107,0.2488856465,0.23811871158805786
1987-09-14 04:00:00,0.2494208384,0.2553086877,0.24583437546135656
1987-09-15 04:00:00,0.255843902,0.2523644567,0.24050601683956785
1987-09-16 04:00:00,0.2526321298,0.2499561161,0.24426806157294578
1987-09-17 04:00:00,0.2504912856,0.2483504713,0.23598912925055515
1987-09-18 04:00:00,0.2483504355,0.2462096214,0.23525878422476865
1987-09-21 04:00:00,0.2290818542,0.2290818542,0.23040388486349883
1987-09-22 04:00:00,0.229081768,0.2451384813,0.2320884790229556
1987-09-23 04:00:00,0.247280079,0.2579847574,0.24663840267453452
1987-09-24 04:00:00,0.2569143996,0.2622664273,0.2583894123608914
1987-09-25 04:00:00,0.2633367844,0.2654782236,0.2647599880274285
1987-09-28 04:00:00,0.265478101,0.2740413547,0.26606072203478703
1987-09-29 04:00:00,0.2761828364,0.2751124203,0.2661015655670127
1987-09-30 04:00:00,0.2740414796,0.28367576,0.27343209436947546
1987-10-01 04:00:00,0.2836756791,0.2933099568,0.2817546301870948
1987-10-02 04:00:00,0.2954515366,0.3104378283,0.29775448608344846
1987-10-05 04:00:00,0.3147200272,0.3382702172,0.3238430995488102
1987-10-06 04:00:00,0.3382701666,0.3157904148,0.3094389107727622
1987-10-07 04:00:00,0.3168607817,0.3125785291,0.3026486760832583
1987-10-08 04:00:00,0.3136495998,0.3082969487,0.2940808003953421
1987-10-09 04:00:00,0.3093673644,0.3072265685,0.3082585294118445
1987-10-12 04:00:00,0.3082969128,0.3061560988,0.2914284431601004
1987-10-13 04:00:00,0.309367224,0.3136494756,0.30134173132145037
1987-10-14 04:00:00,0.3136496121,0.3050857484,0.3002752686426291
1987-10-15 04:00:00,0.3018738925,0.3018738925,0.2982298535204677
1987-10-16 04:00:00,0.3018739185,0.2772533298,0.2833766900699999
1987-10-19 04:00:00,0.2633366727,0.1937559247,0.20106949275385233
1987-10-20 04:00:00,0.196967284,0.2055311501,0.19680989896754397
1987-10-21 04:00:00,0.2215884716,0.2424626499,0.23523420247928328
1987-10-22 04:00:00,0.2429976672,0.2280113697,0.21697105069124945
1987-10-23 04:00:00,0.2247997083,0.2066015601,0.1989313326174127
1987-10-26 05:00:00,0.1991086465,0.1680643708,0.16124162025754885
1987-10-27 05:00:00,0.1744874327,0.1766282469,0.16708327203934203
1987-10-28 05:00:00,0.1712762205,0.1766282469,0.16471033284906156
1987-10-29 05:00:00,0.1766283304,0.2044607848,0.19232508346157573
1987-10-30 05:00:00,0.2130245417,0.2130245417,0.2074108531455252
1987-11-02 05:00:00,0.2108837225,0.215165332,0.20454528952309659
1987-11-03 05:00:00,0.2108838214,0.2055311501,0.18403586710739006
1987-11-04 05:00:00,0.2012495238,0.2087429911,0.2007343233751513
1987-11-05 05:00:00,0.2098134305,0.2162358761,0.2069620524002289
1987-11-06 05:00:00,0.2151653013,0.2033902109,0.19475783610778308
1987-11-09 05:00:00,0.2001790936,0.20124951,0.1886544362325111
1987-11-10 05:00:00,0.1991086954,0.20124951,0.19269578581793922
1987-11-11 05:00:00,0.2033902884,0.2098133564,0.19884709566056102
1987-11-12 05:00:00,0.2173068641,0.2140950263,0.2056826392815907
1987-11-13 05:00:00,0.2140950277,0.2066015601,0.19909859711038536
1987-11-16 05:00:00,0.2087430401,0.2044607848,0.19807063315852957
1987-11-17 05:00:00,0.2001789957,0.2001789957,0.18775227505911118
1987-11-18 05:00:00,0.2033903352,0.2055311501,0.18651712536998843
1987-11-19 05:00:00,0.2066014297,0.1980381757,0.1897924766974839
1987-11-20 05:00:00,0.19482635,0.2033902109,0.19015304531933452
1987-11-23 05:00:00,0.2023199695,0.2044607848,0.19693340237721202
1987-11-24 05:00:00,0.2076724629,0.2033902109,0.18899970611479233
1987-11-25 05:00:00,0.2033902478,0.1969671994,0.18928317831935715
1987-11-27 05:00:00,0.1969671541,0.1937559247,0.18465755457624056
1987-11-30 05:00:00,0.1894744093,0.1916152239,0.16891593579955355
1987-12-01 05:00:00,0.1905447952,0.187332958,0.17979081967223465
1987-12-02 05:00:00,0.1862626282,0.1884040684,0.1782107759334579
1987-12-03 05:00:00,0.1894744048,0.1728818566,0.16717179225670264
1987-12-04 05:00:00,0.1723466087,0.179840073,0.16902963145511052
1987-12-07 05:00:00,0.1841217512,0.1851921678,0.17438266867584673
1987-12-08 05:00:00,0.1851920732,0.2033902109,0.1890486696257696
1987-12-09 05:00:00,0.2023198027,0.1980381757,0.19163979420447674
1987-12-10 05:00:00,0.19482635,0.2033902109,0.19424409407793775
1987-12-11 05:00:00,0.2044607518,0.2055311501,0.1938442494570083
1987-12-14 05:00:00,0.2055309901,0.2173067033,0.20520130604932518
1987-12-15 05:00:00,0.2194476873,0.2194476873,0.20752488077924625
1987-12-16 05:00:00,0.216235785,0.2322931141,0.2201292736472027
1987-12-17 05:00:00,0.2344338903,0.2226587981,0.21410926443091682
1987-12-18 05:00:00,0.224799612,0.2226587981,0.21769559980038622
1987-12-21 05:00:00,0.2247995871,0.2205179781,0.21234319502918453
1987-12-22 05:00:00,0.2205180524,0.2247996628,0.21064227429732085
1987-12-23 05:00:00,0.2280113697,0.2280113697,0.2165797451879996
1987-12-24 05:00:00,0.2280113697,0.2280113697,0.21928643296064365
1987-12-28 05:00:00,0.2269411551,0.2194476873,0.20744919890539393
1987-12-29 05:00:00,0.2194476161,0.2333635241,0.21985562492737643
1987-12-30 05:00:00,0.23336349,0.2387161404,0.22801379257688836
1987-12-31 05:00:00,0.2365753674,0.2322931141,0.22334981982752566
1988-01-04 05:00:00,0.2344339838,0.2397866547,0.229927665572788
1988-01-05 05:00:00,0.2451386217,0.2440682054,0.23547250464491043
1988-01-06 05:00:00,0.2451386397,0.2504912913,0.2431718007036281
1988-01-07 05:00:00,0.2483504709,0.2590551674,0.24590596687881572
1988-01-08 05:00:00,0.2579848024,0.2397866547,0.2368768467325566
1988-01-11 05:00:00,0.2387160848,0.2478151619,0.233192341311657
1988-01-12 05:00:00,0.2483503397,0.242997691,0.22701974352281695
1988-01-13 05:00:00,0.2397864804,0.242997691,0.2342040336866944
1988-01-14 05:00:00,0.2451385732,0.2408569455,0.23366835829130395
1988-01-15 05:00:00,0.2526321334,0.2472801059,0.2394861360501963
1988-01-18 05:00:00,0.2483503164,0.2451384813,0.23255250542946015
1988-01-19 05:00:00,0.2397864579,0.2451384813,0.23697067340494726
1988-01-20 05:00:00,0.2429977506,0.2312226593,0.21985667791466312
1988-01-21 05:00:00,0.2322930547,0.2355042845,0.22952834303352887
1988-01-22 05:00:00,0.238180964,0.230687499,0.2199954817618277
1988-01-25 05:00:00,0.2322930739,0.2387161404,0.22952836280704503
1988-01-26 05:00:00,0.2355043383,0.2333635241,0.2262478182151213
1988-01-27 05:00:00,0.2344338878,0.2387161404,0.22998752671100675
1988-01-28 05:00:00,0.2397866486,0.2419274449,0.2328198594388624
1988-01-29 05:00:00,0.2419273521,0.2387161404,0.2269040511966125
1988-02-01 05:00:00,0.2429977772,0.2365753353,0.22803569295231085
1988-02-02 05:00:00,0.2365753265,0.2387161404,0.22780009494556452
1988-02-03 05:00:00,0.2387162059,0.2258700877,0.21659202522029375
1988-02-04 05:00:00,0.2269411119,0.2183772475,0.20654709284553974
1988-02-05 05:00:00,0.2226587734,0.2205179781,0.21549225767096658
1988-02-08 05:00:00,0.2173068481,0.2215884775,0.213681735910626
1988-02-09 05:00:00,0.2237292732,0.2258700877,0.2158418302919216
1988-02-10 05:00:00,0.2269411666,0.2301523983,0.21899657774388714
1988-02-11 05:00:00,0.2312226483,0.2344338596,0.22334363277192892
1988-02-12 05:00:00,0.2344338965,0.2365753353,0.22908548657962768
1988-02-16 05:00:00,0.23550432,0.2462096214,0.233466086774186
1988-02-17 05:00:00,0.2483504355,0.2462096214,0.2386871324552473
1988-02-18 05:00:00,0.2451386341,0.2483504713,0.2406450194492109
1988-02-19 05:00:00,0.2494209347,0.2515617311,0.23981937498308525
1988-02-22 05:00:00,0.2515617311,0.2515617311,0.24021859031130788
1988-02-23 05:00:00,0.2515616415,0.2547728717,0.24629354318523866
1988-02-24 05:00:00,0.2547729354,0.2563791573,0.24950863949164415
1988-02-25 05:00:00,0.2558439127,0.2488856465,0.24213027649550867
1988-02-26 05:00:00,0.2494208366,0.2494208366,0.23801463677926193
1988-02-29 05:00:00,0.2504913405,0.254237771,0.2425752617334851
1988-03-01 05:00:00,0.2558438882,0.2526320517,0.24270119656411282
1988-03-02 05:00:00,0.2526320577,0.2547728717,0.24814734626264112
1988-03-03 05:00:00,0.2569143474,0.2611959577,0.2515921294141208
1988-03-04 05:00:00,0.2611959456,0.2601255476,0.2480601395494233
1988-03-07 05:00:00,0.2611958216,0.2681540847,0.25672131427523226
1988-03-08 05:00:00,0.2697598245,0.273506254,0.2652954813127053
1988-03-09 05:00:00,0.2719005412,0.2740413547,0.26491244151366544
1988-03-10 05:00:00,0.2751123812,0.2686893344,0.2614216423136142
1988-03-11 05:00:00,0.2676190436,0.2676190436,0.2544303681208433
1988-03-14 05:00:00,0.2665486477,0.2724358737,0.2594332376388593
1988-03-15 05:00:00,0.2729710705,0.2676190436,0.25810510243395157
1988-03-16 05:00:00,0.2686894654,0.2772533298,0.2632618114916667
1988-03-17 05:00:00,0.2783237061,0.273506254,0.26604978569121585
1988-03-18 05:00:00,0.2729710025,0.2494208366,0.2445131948958874
1988-03-21 05:00:00,0.2504913329,0.2515617311,0.23553815091621289
1988-03-22 05:00:00,0.2515616894,0.2579847574,0.2488198760475342
1988-03-23 05:00:00,0.264407144,0.2526320517,0.24622384894381355
1988-03-24 05:00:00,0.2515617268,0.2419274449,0.2312574492461863
1988-03-25 05:00:00,0.2429977682,0.2403217554,0.2328481032247609
1988-03-28 05:00:00,0.2376458332,0.24353306,0.23139814407333148
1988-03-29 05:00:00,0.2451386762,0.2419274449,0.23541261451109818
1988-03-30 05:00:00,0.242997739,0.2344338596,0.22532947788852198
1988-03-31 05:00:00,0.2333635796,0.2419274449,0.23060012866919521
1988-04-04 04:00:00,0.2397865654,0.2365753353,0.22656480411357904
1988-04-05 04:00:00,0.2376458399,0.2397866547,0.22622566213109963
1988-04-06 04:00:00,0.2397865845,0.2488856465,0.23697080366196133
1988-04-07 04:00:00,0.2494207321,0.2451384813,0.2380145330482364
1988-04-08 04:00:00,0.2462096569,0.2483504713,0.23873900355633992
1988-04-11 04:00:00,0.2504912495,0.2462096214,0.2355980285688304
1988-04-12 04:00:00,0.2451385821,0.2387161404,0.22921752409357055
1988-04-13 04:00:00,0.2397865952,0.2440682054,0.23185778163301052
1988-04-14 04:00:00,0.2376457591,0.226941064,0.2215948450979326
1988-04-15 04:00:00,0.2280115039,0.2322931141,0.22259447025638224
1988-04-18 04:00:00,0.2312226483,0.2344338596,0.22502831791483402
1988-04-19 04:00:00,0.2344339283,0.2322931141,0.22980768932409745
1988-04-20 04:00:00,0.2322931078,0.2333635241,0.22351332994281847
1988-04-21 04:00:00,0.2355043623,0.2328283489,0.22318060898571446
1988-04-22 04:00:00,0.2333634987,0.2365753353,0.22807376166630178
1988-04-25 04:00:00,0.236575359,0.2360401601,0.22695802334688153
1988-04-26 04:00:00,0.2387161404,0.2387161404,0.22994396483044
1988-04-27 04:00:00,0.2387162478,0.2376458496,0.22465113756533128
1988-04-28 04:00:00,0.2376457128,0.2371104956,0.22718754491533844
1988-04-29 04:00:00,0.2355043383,0.2333635241,0.2232999978572181
1988-05-02 04:00:00,0.2333634708,0.2355042845,0.22278131298710946
1988-05-03 04:00:00,0.2365754173,0.2419274449,0.23297320138001965
1988-05-04 04:00:00,0.2429977656,0.2446033806,0.23417122430116422
1988-05-05 04:00:00,0.2429978074,0.2440682054,0.23338862991153064
1988-05-06 04:00:00,0.2429976682,0.2451384813,0.2377193772761359
1988-05-09 04:00:00,0.2451384813,0.2451384813,0.23721653206851556
1988-05-10 04:00:00,0.2451386217,0.2440682054,0.23330730642187802
1988-05-11 04:00:00,0.2419273521,0.2387161404,0.22702397077235048
1988-05-12 04:00:00,0.2387162381,0.2397866547,0.23084612775306113
1988-05-13 04:00:00,0.2419272752,0.242997691,0.23321888986269812
1988-05-16 04:00:00,0.24299777,0.2494208366,0.24066682383311644
1988-05-17 04:00:00,0.2526321,0.2483504713,0.2403881523736331
1988-05-18 04:00:00,0.2483503397,0.242997691,0.23471772541820712
1988-05-19 04:00:00,0.2397865952,0.2440682054,0.23360193499418358
1988-05-20 04:00:00,0.2451385732,0.2408569455,0.23282626864622813
1988-05-23 04:00:00,0.2408569344,0.2355042845,0.22589230694955376
1988-05-24 04:00:00,0.2355042291,0.242997691,0.23099916352465044
1988-05-25 04:00:00,0.2419273521,0.2387161404,0.23051280456996892
1988-05-26 04:00:00,0.2397865565,0.2403217554,0.23275979158822224
1988-05-27 04:00:00,0.2408570627,0.2376458496,0.22865909736058398
1988-05-31 04:00:00,0.237645793,0.2483504713,0.23651166328601647
1988-06-01 04:00:00,0.2494209399,0.2537025511,0.2440303653423328
1988-06-02 04:00:00,0.2547728657,0.2526320517,0.24427610695136792
1988-06-03 04:00:00,0.2526320577,0.2547728717,0.2447789584168376
1988-06-06 04:00:00,0.2547728965,0.2601255476,0.24944862520769107
1988-06-07 04:00:00,0.2611959577,0.2611959577,0.25284206541081033
1988-06-08 04:00:00,0.2601255719,0.2654782236,0.25655183040740326
1988-06-09 04:00:00,0.2665486869,0.2644072473,0.2569369877363883
1988-06-10 04:00:00,0.2644071057,0.2665485442,0.25650805324753634
1988-06-13 04:00:00,0.2676190824,0.2670838833,0.25894122609276593
1988-06-14 04:00:00,0.2697598934,0.2697598934,0.2610845810161919
1988-06-15 04:00:00,0.2686893303,0.2740413547,0.26253901280623637
1988-06-16 04:00:00,0.2708302375,0.2719006538,0.26215619674078994
1988-06-17 04:00:00,0.2719007082,0.2697598934,0.26226640698148884
1988-06-20 04:00:00,0.2686893344,0.2686893344,0.2573665168477959
1988-06-21 04:00:00,0.2676189144,0.2740413547,0.26321149318700776
1988-06-22 04:00:00,0.2783236646,0.2868875265,0.275042675865933
1988-06-23 04:00:00,0.2868875734,0.2826053202,0.2737817692899469
1988-06-24 04:00:00,0.2826053323,0.27939412,0.27039703063485376
1988-06-27 04:00:00,0.2793940038,0.2740413547,0.2654371927722181
1988-06-28 04:00:00,0.2740413581,0.2815348208,0.2704241747704259
1988-06-29 04:00:00,0.2826052183,0.2815348208,0.2730435963794875
1988-06-30 04:00:00,0.2836756901,0.2868875265,0.275859478718111
1988-07-01 04:00:00,0.2868875386,0.2911691666,0.279916771979849
1988-07-05 04:00:00,0.2890284783,0.2981275618,0.2853691626649706
1988-07-06 04:00:00,0.2986625902,0.2943809628,0.2872549579681021
1988-07-07 04:00:00,0.2922395244,0.2943809628,0.28353145450740413
1988-07-08 04:00:00,0.291169143,0.2933099568,0.2833618357261187
1988-07-11 04:00:00,0.2943810394,0.2858171761,0.2777358723739738
1988-07-12 04:00:00,0.2868874484,0.2809996009,0.27017341993633437
1988-07-13 04:00:00,0.2804645066,0.2858171761,0.2734266546091675
1988-07-14 04:00:00,0.2858171288,0.2868875265,0.2745141366764088
1988-07-15 04:00:00,0.2868875265,0.2868875265,0.2755858362710413
1988-07-18 04:00:00,0.2879579191,0.2890283167,0.2793042003163677
1988-07-19 04:00:00,0.2879579897,0.2826053202,0.27395137853896756
1988-07-20 04:00:00,0.284746653,0.2740413547,0.2653833367093199
1988-07-21 04:00:00,0.272971052,0.2611959577,0.25263227155466694
1988-07-22 04:00:00,0.2601256177,0.2644072473,0.25564982794838187
1988-07-25 04:00:00,0.2654782169,0.2590551674,0.25138494872692263
1988-07-26 04:00:00,0.2483504713,0.2483504713,0.23772515879055334
1988-07-27 04:00:00,0.2494209332,0.2467449009,0.23975941307421067
1988-07-28 04:00:00,0.2462096065,0.2494208366,0.23828791271986915
1988-07-29 04:00:00,0.2504912437,0.2547728717,0.24516191419669298
1988-08-01 04:00:00,0.2558439429,0.2504912913,0.24270125047519286
1988-08-02 04:00:00,0.2504912495,0.2462096214,0.23553806937216848
1988-08-03 04:00:00,0.2451385732,0.2408569455,0.2301800511900396
1988-08-04 04:00:00,0.2408570627,0.2376458496,0.22950118739900915
1988-08-05 04:00:00,0.2376457343,0.2290818542,0.2146182211592773
1988-08-08 04:00:00,0.2301521827,0.2280113697,0.21703890889892108
1988-08-09 04:00:00,0.2269411298,0.2215884775,0.21105792939819423
1988-08-10 04:00:00,0.2194477144,0.2162358761,0.20710386262260982
1988-08-11 04:00:00,0.2183772647,0.2215884775,0.20861837073702816
1988-08-12 04:00:00,0.2215884003,0.2226587981,0.2128558472604567
1988-08-15 04:00:00,0.2226587273,0.2173067033,0.20677044253407928
1988-08-16 04:00:00,0.2162357988,0.2247996628,0.213392034235099
1988-08-17 04:00:00,0.2247996628,0.2247996628,0.21586155769884385
1988-08-18 04:00:00,0.2258700877,0.2258700877,0.2171430986810634
1988-08-19 04:00:00,0.22587016,0.2162358761,0.20818203259351264
1988-08-22 04:00:00,0.2151654328,0.2055311501,0.19746412483470976
1988-08-23 04:00:00,0.2066014751,0.2114189267,0.20031791398527332
1988-08-24 04:00:00,0.2119540985,0.2205179781,0.20868421469508291
1988-08-25 04:00:00,0.2151652653,0.2173067033,0.20895186839115354
1988-08-26 04:00:00,0.2173068634,0.2199828774,0.21115546703144616
1988-08-29 04:00:00,0.2226587413,0.2231939584,0.2139274598869747
1988-08-30 04:00:00,0.2226589005,0.2194476873,0.21037936598181517
1988-08-31 04:00:00,0.2205180955,0.2140950263,0.20372518318346522
1988-09-01 04:00:00,0.2119542704,0.2092782557,0.1978573441689946
1988-09-02 04:00:00,0.2130244962,0.2205179781,0.20933483936205022
1988-09-06 04:00:00,0.2205180025,0.2226587981,0.21346834149422023
1988-09-07 04:00:00,0.2237292922,0.2215884775,0.21048899028998846
1988-09-08 04:00:00,0.2205180025,0.2226587981,0.2159951310723045
1988-09-09 04:00:00,0.2215883819,0.2312226593,0.22127727441657896
1988-09-12 04:00:00,0.2301523983,0.2301523983,0.22395629130000572
1988-09-13 04:00:00,0.2280114479,0.2312226593,0.22006811539335303
1988-09-14 04:00:00,0.234969088,0.2312226593,0.22267466476236564
1988-09-15 04:00:00,0.2312226877,0.223729223,0.21534454688506344
1988-09-16 04:00:00,0.2237292143,0.2226587981,0.21325503632576925
1988-09-19 04:00:00,0.2247996903,0.2215884775,0.20987648149902327
1988-09-20 04:00:00,0.2226587032,0.2280113697,0.21645421007227128
1988-09-21 04:00:00,0.2290819816,0.2301523983,0.22126038276415727
1988-09-22 04:00:00,0.2312227099,0.2333635241,0.22418579901522406
1988-09-23 04:00:00,0.2333636117,0.2301523983,0.22115674192333756
1988-09-26 04:00:00,0.2301522961,0.224264428,0.2142728832106613
1988-09-27 04:00:00,0.2226587981,0.2226587981,0.2121833782508631
1988-09-28 04:00:00,0.2237292273,0.226941064,0.21493973495616103
1988-09-29 04:00:00,0.2258700414,0.226941064,0.2179851419036396
1988-09-30 04:00:00,0.225870037,0.223729223,0.2135947809935388
1988-10-03 04:00:00,0.2194476783,0.2199828774,0.2089079410176211
1988-10-04 04:00:00,0.220518068,0.2189124525,0.21043112402095687
1988-10-05 04:00:00,0.2194475846,0.215165332,0.205419540413871
1988-10-06 04:00:00,0.2151654245,0.2140950263,0.2064257311081974
1988-10-07 04:00:00,0.214094958,0.2130245417,0.19774544010939366
1988-10-10 04:00:00,0.2140949031,0.2108836919,0.19645227286474665
1988-10-11 04:00:00,0.2130245417,0.2130245417,0.2033198032348693
1988-10-12 04:00:00,0.2119542379,0.216771692,0.20820333839947125
1988-10-13 04:00:00,0.2157005271,0.2205179781,0.21204399982317312
1988-10-14 04:00:00,0.2226589005,0.2194476873,0.21037936598181517
1988-10-17 04:00:00,0.2194475864,0.2226587981,0.2141408220006369
1988-10-18 04:00:00,0.2215884504,0.2247996628,0.21363802712999558
1988-10-19 04:00:00,0.229081767,0.2280113697,0.21590727649252983
1988-10-20 04:00:00,0.2258700179,0.2290818542,0.22057137641045443
1988-10-21 04:00:00,0.226941064,0.226941064,0.21731228036836114
1988-10-24 04:00:00,0.2280114669,0.2226587981,0.2135425588456883
1988-10-25 04:00:00,0.222658928,0.2162358761,0.20677063777029048
1988-10-26 04:00:00,0.2151653559,0.2130245417,0.20017073994187484
1988-10-27 04:00:00,0.2108837784,0.2119541764,0.19678558219439424
1988-10-28 04:00:00,0.2108837784,0.2119541764,0.2003343617807829
1988-10-31 05:00:00,0.2108837728,0.2098133564,0.19865017641755855
1988-11-01 05:00:00,0.2098133893,0.2087429911,0.20190893471223603
1988-11-02 05:00:00,0.2087429891,0.2023199201,0.19199604434174233
1988-11-03 05:00:00,0.2023199201,0.2023199201,0.1904072676632751
1988-11-04 05:00:00,0.1991087049,0.1991087049,0.19377777415036945
1988-11-07 05:00:00,0.1991085981,0.2001789957,0.1894467422297481
1988-11-08 05:00:00,0.2023198473,0.2082076967,0.19777536711455923
1988-11-09 05:00:00,0.2055310766,0.2130245417,0.20183251694112414
1988-11-10 05:00:00,0.2130245688,0.2098133564,0.20331983042333235
1988-11-11 05:00:00,0.207672496,0.2039254606,0.196216702680438
1988-11-14 05:00:00,0.2055310087,0.207672447,0.1967199063742484
1988-11-15 05:00:00,0.2076725603,0.20124951,0.1909243595191441
1988-11-16 05:00:00,0.2017846039,0.1980381757,0.1868035285044769
1988-11-17 05:00:00,0.198038222,0.1969671994,0.18837509421990717
1988-11-18 05:00:00,0.1980382203,0.1996438354,0.1883750925178802
1988-11-21 05:00:00,0.1969671994,0.1969671994,0.18555964832804506
1988-11-22 05:00:00,0.1969671994,0.1969671994,0.18730381694810205
1988-11-23 05:00:00,0.1980382177,0.2007142305,0.1901192584561855
1988-11-25 05:00:00,0.1980382859,0.198573485,0.18753306819687054
1988-11-28 05:00:00,0.1980382789,0.20124951,0.1927060760462851
1988-11-29 05:00:00,0.2012494156,0.2033902109,0.19249266446514213
1988-11-30 05:00:00,0.2023199201,0.2023199201,0.19446652060392466
1988-12-01 05:00:00,0.2033902884,0.2098133564,0.19878713637402257
1988-12-02 05:00:00,0.2076725156,0.2130245417,0.20403595380292217
1988-12-05 05:00:00,0.2130245745,0.2119541764,0.2024177867939514
1988-12-06 05:00:00,0.2119541438,0.2130245417,0.20146597402788302
1988-12-07 05:00:00,0.2119540895,0.2108836919,0.2027590483057935
1988-12-08 05:00:00,0.2108837728,0.2098133564,0.20039433097236525
1988-12-09 05:00:00,0.2087429584,0.2098133564,0.19999512624768556
1988-12-12 05:00:00,0.2087428725,0.2028550059,0.19509315879707145
1988-12-13 05:00:00,0.2023199695,0.2044607848,0.19446657053463667
1988-12-14 05:00:00,0.2044606786,0.2071373165,0.19739244343975315
1988-12-15 05:00:00,0.2098133564,0.2098133564,0.19932265711245378
1988-12-16 05:00:00,0.2087429318,0.2130245417,0.20426553773885558
1988-12-19 05:00:00,0.2167715046,0.2173067033,0.20974687399844782
1988-12-20 05:00:00,0.2199828864,0.2194476873,0.2129026409364343
1988-12-21 05:00:00,0.2205180112,0.223729223,0.2134683501989585
1988-12-22 05:00:00,0.224799612,0.2226587981,0.21426725275794212
1988-12-23 05:00:00,0.2215884003,0.2226587981,0.2120137430613056
1988-12-27 05:00:00,0.2226588756,0.2215884775,0.2139275948636623
1988-12-28 05:00:00,0.2226588068,0.223729223,0.21308543596028073
1988-12-29 05:00:00,0.2226587032,0.2280113697,0.21819834798035487
1988-12-30 05:00:00,0.229081767,0.2280113697,0.22120020708842958
1989-01-03 05:00:00,0.2290819198,0.2296171188,0.21771154091657507
1989-01-04 05:00:00,0.2290819018,0.2322931141,0.22420764561725548
1989-01-05 05:00:00,0.2344339497,0.2285467237,0.21952218943073376
1989-01-06 05:00:00,0.2290818781,0.226941064,0.2186140749635399
1989-01-09 05:00:00,0.226941102,0.2247996628,0.21511715467995174
1989-01-10 05:00:00,0.2237292143,0.2226587981,0.21325503632576925
1989-01-11 05:00:00,0.2221236494,0.2247996628,0.21336175287959946
1989-01-12 05:00:00,0.2237292648,0.2247996628,0.21927018499239637
1989-01-13 05:00:00,0.2247996252,0.226941064,0.21781553267047116
1989-01-16 05:00:00,0.2280114863,0.227476269,0.21964710919073127
1989-01-17 05:00:00,0.2253348043,0.2205179781,0.21170582380889869
1989-01-18 05:00:00,0.2215883757,0.2205179781,0.20666081150397275
1989-01-19 05:00:00,0.2237292041,0.2290818542,0.2192701228041969
1989-01-20 05:00:00,0.2290818664,0.2317578793,0.22162136654518605
1989-01-23 05:00:00,0.2312226921,0.226941064,0.2176601906089246
1989-01-24 05:00:00,0.2269411106,0.2258700877,0.21731232691705316
1989-01-25 05:00:00,0.226941064,0.226941064,0.21647019056594985
1989-01-26 05:00:00,0.2253348659,0.2322931141,0.22168978830582375
1989-01-27 05:00:00,0.2317578459,0.2371104956,0.2289025590486844
1989-01-30 05:00:00,0.2376457984,0.2504912913,0.23819584860632403
1989-01-31 05:00:00,0.2526320501,0.2553086877,0.2455610955743026
1989-02-01 05:00:00,0.2547729677,0.2537025511,0.2443361690977568
1989-02-02 05:00:00,0.2547728296,0.2606606781,0.2561858231898455
1989-02-03 05:00:00,0.2590551617,0.2611959577,0.25451812408879704
1989-02-06 05:00:00,0.2601255654,0.2590551674,0.24789052197517236
1989-02-07 05:00:00,0.259590277,0.2660133243,0.25598591760186196
1989-02-08 05:00:00,0.2654782291,0.2676190436,0.26094782057191424
1989-02-09 05:00:00,0.2654783096,0.2729711533,0.26437674398971467
1989-02-10 05:00:00,0.2697598918,0.2649430633,0.2570247999458175
1989-02-13 05:00:00,0.2633368255,0.2622664273,0.25375230744127464
1989-02-14 05:00:00,0.2649430244,0.2579847574,0.24997705058502362
1989-02-15 05:00:00,0.2590550808,0.2665485442,0.254578000822562
1989-02-16 05:00:00,0.2676189185,0.2686893344,0.2570165023955653
1989-02-17 05:00:00,0.269759858,0.2676190436,0.2584383272245532
1989-02-21 05:00:00,0.2665486869,0.2644072473,0.2560649025430024
1989-02-22 05:00:00,0.2633367109,0.2569142878,0.24930140041045235
1989-02-23 05:00:00,0.2579846296,0.2585198283,0.246588620825257
1989-02-24 05:00:00,0.2579848002,0.2515617311,0.2447846761913297
1989-02-27 05:00:00,0.2515617425,0.255843997,0.24623368673828594
1989-02-28 05:00:00,0.2569143105,0.2547728717,0.24467492516156142
1989-03-01 05:00:00,0.2569144073,0.2537025511,0.2455770703790634
1989-03-02 05:00:00,0.2537024802,0.2601255476,0.2501211058397601
1989-03-03 05:00:00,0.2601256177,0.2644072473,0.25396563339611333
1989-03-06 05:00:00,0.2644072008,0.2654782236,0.2539218900551248
1989-03-07 05:00:00,0.2558438739,0.2290818542,0.2237569622516702
1989-03-08 05:00:00,0.2301523328,0.2247996628,0.21821225175746406
1989-03-09 05:00:00,0.2258701068,0.2215884775,0.2118502191863456
1989-03-10 05:00:00,0.2205180793,0.2215884775,0.21256636997657097
1989-03-13 05:00:00,0.2226588568,0.2258700877,0.21476968032473565
1989-03-14 05:00:00,0.228011527,0.2258700877,0.21489570701054106
1989-03-15 05:00:00,0.2258700263,0.215165332,0.20733932239760122
1989-03-16 05:00:00,0.2173068724,0.2194476873,0.20941081004987439
1989-03-17 05:00:00,0.2151654125,0.1991087049,0.19114918704394768
1989-03-20 05:00:00,0.1985734875,0.1991087049,0.1871968359064553
1989-03-21 05:00:00,0.2001791506,0.213559866,0.19978264940886703
1989-03-22 05:00:00,0.2119541708,0.2098133564,0.19966188704448484
1989-03-23 05:00:00,0.2087429086,0.215165332,0.20426551396059978
1989-03-27 05:00:00,0.214094958,0.2130245417,0.20487297266656412
1989-03-28 05:00:00,0.2151653559,0.2130245417,0.20287691811984132
1989-03-29 05:00:00,0.2130245745,0.2119541764,0.20169560204681147
1989-03-30 05:00:00,0.2130246484,0.213559866,0.20208673977315073
1989-03-31 05:00:00,0.2140950652,0.213559866,0.20360943878591087
1989-04-03 04:00:00,0.2140949342,0.215165332,0.20574501821648994
1989-04-04 04:00:00,0.2151654245,0.2140950263,0.2029369307585398
1989-04-05 04:00:00,0.2140949368,0.2157005519,0.20535346413934263
1989-04-06 04:00:00,0.2162358493,0.2194476873,0.20918160705700473
1989-04-07 04:00:00,0.2194476873,0.2194476873,0.21071259081883653
1989-04-10 04:00:00,0.2194476783,0.2199828774,0.21329882570216085
1989-04-11 04:00:00,0.2205180949,0.2199828774,0.208626525567432
1989-04-12 04:00:00,0.2215884248,0.2060662955,0.19718875559171067
1989-04-13 04:00:00,0.2044607368,0.2087429911,0.20286613099748507
1989-04-14 04:00:00,0.2108836572,0.2173067033,0.20809348958600538
1989-04-17 04:00:00,0.219447562,0.2205179781,0.21191563914366185
1989-04-18 04:00:00,0.2247995162,0.2280113697,0.21601130969938254
1989-04-19 04:00:00,0.2355042484,0.2349690497,0.2267287475873303
1989-04-20 04:00:00,0.2355044004,0.2397866547,0.2292551847522475
1989-04-21 04:00:00,0.2397865654,0.2365753353,0.2266847381703414
1989-04-24 04:00:00,0.2355043363,0.2360401601,0.22588674605923842
1989-04-25 04:00:00,0.237645714,0.2344338596,0.2253834331125617
1989-04-26 04:00:00,0.2355042869,0.2312226593,0.22104480915082547
1989-04-27 04:00:00,0.2312226483,0.2344338596,0.22466674086106053
1989-04-28 04:00:00,0.2344339084,0.2392513603,0.22637933613657424
1989-05-01 04:00:00,0.2371104906,0.2338986546,0.22565971245467153
1989-05-02 04:00:00,0.2344338708,0.2312226593,0.22126626524198656
1989-05-03 04:00:00,0.2312226593,0.2312226593,0.2242456927728611
1989-05-04 04:00:00,0.2322931289,0.2247996628,0.2155741844838559
1989-05-05 04:00:00,0.2280114669,0.2226587981,0.21309153434614814
1989-05-08 04:00:00,0.2226587734,0.2205179781,0.21037924036556888
1989-05-09 04:00:00,0.2215884133,0.226941064,0.21706682945321631
1989-05-10 04:00:00,0.2290818456,0.2312226593,0.222884479996992
1989-05-11 04:00:00,0.232293057,0.2312226593,0.22008491680912812
1989-05-12 04:00:00,0.2338987294,0.2322931141,0.22160255645557214
1989-05-15 04:00:00,0.2317578471,0.2344338596,0.22475155120230284
1989-05-16 04:00:00,0.2344338792,0.2408569455,0.2299275586737224
1989-05-17 04:00:00,0.2413922076,0.2456744611,0.23737516086119825
1989-05-18 04:00:00,0.2451385839,0.2494208366,0.24028388353791996
1989-05-19 04:00:00,0.2488856193,0.2494208366,0.24403489433909442
1989-05-22 04:00:00,0.2494209399,0.2537025511,0.2423456792553651
1989-05-23 04:00:00,0.2494209176,0.2424626499,0.23524859382476393
1989-05-24 04:00:00,0.2403217718,0.2462096214,0.234108259033583
1989-05-25 04:00:00,0.2462096214,0.2462096214,0.2382879277893224
1989-05-26 04:00:00,0.2483504325,0.2520968616,0.2413338736098396
1989-05-30 04:00:00,0.2526320517,0.2526320517,0.2434558585543698
1989-05-31 04:00:00,0.2526320996,0.2590551674,0.2498915435427378
1989-06-01 04:00:00,0.2579846855,0.2569142878,0.24839331629571149
1989-06-02 04:00:00,0.2574494998,0.2494208366,0.2416325187948658
1989-06-05 04:00:00,0.2504911529,0.242997691,0.23379382104651114
1989-06-06 04:00:00,0.2429978253,0.2504912913,0.2389227117420134
1989-06-07 04:00:00,0.2515617425,0.255843997,0.24629364595735126
1989-06-08 04:00:00,0.255843997,0.255843997,0.247151622428035
1989-06-09 04:00:00,0.255843997,0.255843997,0.24582851248787563
1989-06-12 04:00:00,0.2558438882,0.2526320517,0.2439943107031226
1989-06-13 04:00:00,0.2499559308,0.2451384813,0.23683620933869776
1989-06-14 04:00:00,0.2472801059,0.2472801059,0.23412720714601676
1989-06-15 04:00:00,0.2472799423,0.242997691,0.23238290751646673
1989-06-16 04:00:00,0.2424624923,0.242997691,0.2328826439238938
1989-06-19 04:00:00,0.2440682597,0.2419274449,0.22916794684277164
1989-06-20 04:00:00,0.2419273874,0.2333635241,0.22606199596089738
1989-06-21 04:00:00,0.2280114456,0.2355042845,0.2277679295913302
1989-06-22 04:00:00,0.236575433,0.2376458496,0.22701807212077085
1989-06-23 04:00:00,0.2376457128,0.2371104956,0.22893222440538352
1989-06-26 04:00:00,0.236575298,0.2344338596,0.224311759490206
1989-06-27 04:00:00,0.23443391,0.230687499,0.22301094957240508
1989-06-28 04:00:00,0.2312227396,0.2258700877,0.21450250752181432
1989-06-29 04:00:00,0.2264058519,0.2226587981,0.2110329869550398
1989-06-30 04:00:00,0.2226588111,0.226941064,0.21549229593845354
1989-07-03 04:00:00,0.2274762307,0.2312226593,0.22175796125846858
1989-07-05 04:00:00,0.2333634987,0.2365753353,0.2254275584383123
1989-07-06 04:00:00,0.2387162059,0.2258700877,0.21788515424488253
1989-07-07 04:00:00,0.2258700179,0.2290818542,0.220962441555983
1989-07-10 04:00:00,0.2301522241,0.2349690497,0.22395611434168927
1989-07-11 04:00:00,0.2349690969,0.2290818542,0.2217126642049152
1989-07-12 04:00:00,0.226940954,0.2280113697,0.21550805755348534
1989-07-13 04:00:00,0.2274762629,0.226941064,0.2178181500627403
1989-07-14 04:00:00,0.228011527,0.2258700877,0.2139336831289569
1989-07-17 04:00:00,0.2258699319,0.2280113697,0.21798503143617154
1989-07-18 04:00:00,0.2280114565,0.2290818542,0.22187276394577538
1989-07-19 04:00:00,0.2312226804,0.2317578793,0.22069746182823025
1989-07-20 04:00:00,0.2322930658,0.2290818542,0.2234538045168435
1989-07-21 04:00:00,0.2269410567,0.2365753353,0.22831997800421533
1989-07-24 04:00:00,0.2344338965,0.2365753353,0.2264992281515461
1989-07-25 04:00:00,0.2355043065,0.2226587981,0.22011409157662598
1989-07-26 04:00:00,0.2258700877,0.2258700877,0.2153389847554692
1989-07-27 04:00:00,0.2296171808,0.2301523983,0.22002209865047462
1989-07-28 04:00:00,0.2312227161,0.2322931141,0.22069749754824386
1989-07-31 04:00:00,0.2312226483,0.2344338596,0.22418573681373744
1989-08-01 04:00:00,0.2344339283,0.2322931141,0.22391301704494282
1989-08-02 04:00:00,0.2312227161,0.2322931141,0.2242457501910522
1989-08-03 04:00:00,0.2328282719,0.2355042845,0.2258237096581297
1989-08-04 04:00:00,0.2344339256,0.2440682054,0.2332964859142237
1989-08-07 04:00:00,0.2472801059,0.2472801059,0.23593132115588844
1989-08-08 04:00:00,0.2462096099,0.2526320517,0.2426188397239386
1989-08-09 04:00:00,0.2520969486,0.2515617311,0.24595738819635216
1989-08-10 04:00:00,0.2526321057,0.2504912913,0.24044813278877086
1989-08-11 04:00:00,0.2526321334,0.2472801059,0.24032824048536838
1989-08-14 04:00:00,0.2472800607,0.2440682054,0.23508918636938603
1989-08-15 04:00:00,0.2440681826,0.2462096214,0.23659600238806178
1989-08-16 04:00:00,0.2472800425,0.2392513603,0.23051893285928315
1989-08-17 04:00:00,0.238716232,0.2419274449,0.2307861613229889
1989-08-18 04:00:00,0.2419273685,0.2462096214,0.2366478222216557
1989-08-21 04:00:00,0.2462096047,0.2403217554,0.23257446079352917
1989-08-22 04:00:00,0.2397866357,0.2499561161,0.23955710108383954
1989-08-23 04:00:00,0.2510265372,0.2537025511,0.2426605612541124
1989-08-24 04:00:00,0.2563790871,0.2526320517,0.24314710690447328
1989-08-25 04:00:00,0.2515616443,0.2520968616,0.24015854474515663
1989-08-28 04:00:00,0.2515617156,0.2531673312,0.24280483419864396
1989-08-29 04:00:00,0.2563791419,0.2504912913,0.2419139913237629
1989-08-30 04:00:00,0.2515617363,0.2537025511,0.2441284408020934
1989-08-31 04:00:00,0.2547729624,0.2515617311,0.24343409903345758
1989-09-01 04:00:00,0.2526321209,0.2563791573,0.24646321638473268
1989-09-05 04:00:00,0.2558438717,0.2569142878,0.2501293310573729
1989-09-06 04:00:00,0.2558439907,0.2537025511,0.2436033469827663
1989-09-07 04:00:00,0.2526320483,0.2494208366,0.240388101050371
1989-09-08 04:00:00,0.2483504238,0.2526320517,0.24301805882799954
1989-09-11 04:00:00,0.2515617387,0.254237771,0.24370690665102757
1989-09-12 04:00:00,0.2547729202,0.2579847574,0.24944864932358968
1989-09-13 04:00:00,0.2611958761,0.2665485442,0.25834560419001207
1989-09-14 04:00:00,0.2686895414,0.2729711533,0.2633218636053414
1989-09-15 04:00:00,0.2740413588,0.2686893344,0.2608613346876325
1989-09-18 04:00:00,0.2676190252,0.2719006538,0.26152741200517937
1989-09-19 04:00:00,0.2729710705,0.2676190436,0.25984925612099374
1989-09-20 04:00:00,0.2686894016,0.2783236802,0.2650059154209643
1989-09-21 04:00:00,0.2815349165,0.2804645002,0.2709500539022969
1989-09-22 04:00:00,0.280464506,0.2826053202,0.2699977996105076
1989-09-25 04:00:00,0.282605274,0.2868875265,0.2780962334930166
1989-09-26 04:00:00,0.2868875501,0.2879579663,0.2773305251441087
1989-09-27 04:00:00,0.2836757345,0.2852819562,0.27622062353071186
1989-09-28 04:00:00,0.2847467247,0.2911691666,0.28035965707495336
1989-09-29 04:00:00,0.291169143,0.2933099568,0.28588813353349707
1989-10-02 04:00:00,0.2922396915,0.2981275618,0.28780206183949986
1989-10-03 04:00:00,0.3018738867,0.2954514623,0.28659122317307606
1989-10-04 04:00:00,0.2954514854,0.3232839108,0.306957976867416
1989-10-05 04:00:00,0.3232838644,0.3393405676,0.33572550396003464
1989-10-06 04:00:00,0.3409460811,0.3414812982,0.32955977565661243
1989-10-09 04:00:00,0.340411014,0.3500452936,0.33765482689927495
1989-10-10 04:00:00,0.3532572156,0.347904563,0.3392682807549221
1989-10-11 04:00:00,0.3436228214,0.3425524235,0.33058444812049004
1989-10-12 04:00:00,0.342552416,0.3361293674,0.3285507626867883
1989-10-13 04:00:00,0.3329181035,0.3147199452,0.3072371505161513
1989-10-16 04:00:00,0.3029443658,0.3243543506,0.30573954793058533
1989-10-17 04:00:00,0.322212816,0.3366645277,0.33026332135852243
1989-10-18 04:00:00,0.3377349484,0.3446932137,0.3333213816410847
1989-10-19 04:00:00,0.3468341384,0.3607500494,0.35160498497690895
1989-10-20 04:00:00,0.3596796041,0.3650322556,0.34996969743354356
1989-10-23 04:00:00,0.3628915482,0.3559332788,0.3487941111525359
1989-10-24 04:00:00,0.3532571099,0.3462988436,0.3303669866153385
1989-10-25 04:00:00,0.3489747427,0.3414812982,0.3357033823678819
1989-10-26 04:00:00,0.3371998259,0.3329181969,0.32836476099848255
1989-10-27 04:00:00,0.3329181666,0.3297063112,0.31896499525439737
1989-10-30 05:00:00,0.3339884975,0.3409461379,0.33005103690233284
1989-10-31 05:00:00,0.3436228326,0.3500452936,0.3392457809725187
1989-11-01 05:00:00,0.3500453458,0.3516515493,0.3448942584938024
1989-11-02 05:00:00,0.3462986297,0.3264949024,0.31934101228006284
1989-11-03 05:00:00,0.3275654743,0.3350589573,0.32485401291534544
1989-11-06 05:00:00,0.3350589139,0.3307766616,0.32441668452763395
1989-11-07 05:00:00,0.3318471044,0.3468340337,0.33798372825463474
1989-11-08 05:00:00,0.351651592,0.3564684391,0.34984032678988086
1989-11-09 05:00:00,0.3596796643,0.3586092293,0.3466013685389342
1989-11-10 05:00:00,0.3596796344,0.3618210554,0.3527958251723433
1989-11-13 05:00:00,0.3618208844,0.3773424029,0.3623980371669546
1989-11-14 05:00:00,0.3800186173,0.3703843355,0.3624536856582452
1989-11-15 05:00:00,0.3714554096,0.3789482713,0.3687356181689836
1989-11-16 05:00:00,0.3810896824,0.3746666312,0.3626829455161342
1989-11-17 05:00:00,0.3752016957,0.3719905019,0.36481758228129735
1989-11-20 05:00:00,0.3714553585,0.3703843355,0.3539997095290559
1989-11-21 05:00:00,0.3703841387,0.3773424029,0.36778351489547845
1989-11-22 05:00:00,0.3778776228,0.3778776228,0.36668460926052404
1989-11-24 05:00:00,0.3805542628,0.3752016127,0.3666877061046776
1989-11-27 05:00:00,0.3746665125,0.371455282,0.3598608691236578
1989-11-28 05:00:00,0.3725257218,0.3725257218,0.3646941812562403
1989-11-29 05:00:00,0.3746665483,0.3661026657,0.35529014153192406
1989-11-30 05:00:00,0.359679622,0.3725257218,0.36037517128107055
1989-12-01 05:00:00,0.3730609389,0.3639618754,0.3577124377947669
1989-12-04 05:00:00,0.3639618981,0.3693139255,0.35994056672654295
1989-12-05 05:00:00,0.371455282,0.371455282,0.36109616886005824
1989-12-06 05:00:00,0.3703842824,0.3650322556,0.3555146089718093
1989-12-07 05:00:00,0.3596796159,0.3661026657,0.35790836502910395
1989-12-08 05:00:00,0.3661027266,0.3628914952,0.3494228476969994
1989-12-11 05:00:00,0.3628913257,0.3553978801,0.3436208794206337
1989-12-12 05:00:00,0.3586091764,0.3532571495,0.33753006705323685
1989-12-13 05:00:00,0.3457636539,0.3425524235,0.33687877475003347
1989-12-14 05:00:00,0.3382701757,0.3339885473,0.3278121972113581
1989-12-15 05:00:00,0.3350589993,0.3297063112,0.31479343935221493
1989-12-18 05:00:00,0.3307767045,0.3350589573,0.326384819572489
1989-12-19 05:00:00,0.3350590201,0.3441580832,0.33145438408013206
1989-12-20 05:00:00,0.3479044735,0.3543275595,0.34263095210889105
1989-12-21 05:00:00,0.3543275658,0.3575387597,0.34208398302079246
1989-12-22 05:00:00,0.3575387366,0.3671730161,0.3547430021647813
1989-12-26 05:00:00,0.3677082811,0.3661026657,0.3559921238488428
1989-12-27 05:00:00,0.3682434906,0.3693139255,0.3595657898973599
1989-12-28 05:00:00,0.3575387713,0.3650322556,0.3539608780518577
1989-12-29 05:00:00,0.3661026719,0.3725257218,0.3651211840499329
1990-01-02 05:00:00,0.3735961373,0.3800185621,0.36525483839731976
1990-01-03 05:00:00,0.3832305324,0.3821600974,0.37282542287165654
1990-01-04 05:00:00,0.382160027,0.393399924,0.3802950732926078
1990-01-05 05:00:00,0.3917943037,0.3837656379,0.376949112121288
1990-01-08 05:00:00,0.3832305113,0.3896529377,0.37535170098122705
1990-01-09 05:00:00,0.3896527466,0.3885823488,0.38100045444691943
1990-01-10 05:00:00,0.3853711051,0.3778776228,0.3734960526922748
1990-01-11 05:00:00,0.3800186173,0.3703843355,0.3596876073927504
1990-01-12 05:00:00,0.3644968996,0.3687785268,0.3582505778565732
1990-01-15 05:00:00,0.367172912,0.3687785268,0.36023807718382983
1990-01-16 05:00:00,0.366102653,0.3800185621,0.36578386623452985
1990-01-17 05:00:00,0.3768074278,0.3746666312,0.3722903924984138
1990-01-18 05:00:00,0.3837654581,0.4067804217,0.39209849903335225
1990-01-19 05:00:00,0.4078510871,0.40303424,0.3947700723941949
1990-01-22 05:00:00,0.4024988793,0.3885823488,0.3805692881570337
1990-01-23 05:00:00,0.3896527945,0.3843007684,0.3748659770823295
1990-01-24 05:00:00,0.3768072386,0.3885823488,0.3735833591966369
1990-01-25 05:00:00,0.3917941668,0.3885823488,0.3822413523113113
1990-01-26 05:00:00,0.3875119143,0.3885823488,0.3789170685587919
1990-01-29 05:00:00,0.3917942941,0.3917942941,0.38049734039383765
1990-01-30 05:00:00,0.392864687,0.3907238543,0.3797648472568582
1990-01-31 05:00:00,0.3939350786,0.3960758746,0.3836031750921194
1990-02-01 05:00:00,0.3960758106,0.4014284611,0.3926636267725456
1990-02-02 05:00:00,0.3982166429,0.4014284611,0.3973332721138405
1990-02-05 05:00:00,0.4008931795,0.4035691917,0.39234316574191297
1990-02-06 05:00:00,0.4024990201,0.4024990201,0.3877264480229883
1990-02-07 05:00:00,0.400358217,0.399287194,0.3934617983074631
1990-02-08 05:00:00,0.4008931795,0.4035691917,0.39486943420510556
1990-02-09 05:00:00,0.4035694419,0.4046398401,0.39505311595097936
1990-02-12 05:00:00,0.4046396141,0.4057100117,0.39690671853215065
1990-02-13 05:00:00,0.4067804093,0.4057100117,0.3965237887746511
1990-02-14 05:00:00,0.4078508561,0.4067804217,0.39585130926479195
1990-02-15 05:00:00,0.4067803896,0.4153442681,0.4075918921270514
1990-02-16 05:00:00,0.4206971108,0.4196267128,0.41129859003155644
1990-02-20 05:00:00,0.4185556374,0.4292609394,0.41583283853898934
1990-02-21 05:00:00,0.4228377996,0.4115979075,0.4069475097478943
1990-02-22 05:00:00,0.4142739025,0.4126682878,0.4082371257332653
1990-02-23 05:00:00,0.4099926126,0.4174854755,0.40653599205426616
1990-02-26 05:00:00,0.4174854611,0.4249789119,0.41572291147579676
1990-02-27 05:00:00,0.4260491377,0.4196267128,0.4113650665962041
1990-02-28 05:00:00,0.4196266233,0.4228378534,0.4162419325565807
1990-03-01 05:00:00,0.4217676264,0.4281900525,0.42343851393364673
1990-03-02 05:00:00,0.4292610267,0.4442473352,0.43343713517096205
1990-03-05 05:00:00,0.4431768775,0.4506703615,0.4369940395856915
1990-03-06 05:00:00,0.4485294686,0.447458446,0.4320074962996614
1990-03-07 05:00:00,0.4485296388,0.4399657547,0.43459392234101557
1990-03-08 05:00:00,0.4410360705,0.454951942,0.4415878968068583
1990-03-09 05:00:00,0.4538813712,0.456022203,0.44867381728269606
1990-03-12 05:00:00,0.454951878,0.4635157585,0.45323390334246483
1990-03-13 05:00:00,0.4645862217,0.454951942,0.4489254469370465
1990-03-14 05:00:00,0.4592343529,0.461910367,0.45054383451233804
1990-03-15 05:00:00,0.4619104867,0.4752912223,0.4652838295297599
1990-03-16 05:00:00,0.4795732501,0.4881370962,0.48041074403262485
1990-03-19 05:00:00,0.4870665626,0.4988416731,0.486108362240671
1990-03-20 05:00:00,0.4988418609,0.4838548899,0.47606473678823846
1990-03-21 05:00:00,0.4833196843,0.4849252999,0.4807033616522247
1990-03-22 05:00:00,0.4859957965,0.4763615131,0.4659106031249536
1990-03-23 05:00:00,0.4795731477,0.4720796645,0.46374974647403633
1990-03-26 05:00:00,0.4731500282,0.4774322808,0.4702205093234184
1990-03-27 05:00:00,0.4758260236,0.481713891,0.471576545170187
1990-03-28 05:00:00,0.4806438768,0.4752912223,0.4579050828690896
1990-03-29 05:00:00,0.4726148939,0.4731500745,0.47004577994493957
1990-03-30 05:00:00,0.4710092908,0.4742204845,0.4624531801517904
1990-04-02 04:00:00,0.4699388349,0.4774322808,0.4677575901064941
1990-04-03 04:00:00,0.4827844088,0.4967009425,0.4844683590287886
1990-04-04 04:00:00,0.4967009538,0.5009825826,0.4949721038056367
1990-04-05 04:00:00,0.5004470429,0.4902775884,0.48353578573031086
1990-04-06 04:00:00,0.4913483022,0.4892075062,0.4784254769368417
1990-04-09 04:00:00,0.4870663596,0.4902775884,0.48291968406736885
1990-04-10 04:00:00,0.4908129799,0.5052641034,0.49253598606349414
1990-04-11 04:00:00,0.5074056199,0.5181103349,0.50574997560242
1990-04-12 04:00:00,0.5213212833,0.5170396566,0.5066899374727498
1990-04-16 04:00:00,0.5223918911,0.5202510953,0.5119728136704538
1990-04-17 04:00:00,0.5191806574,0.5309557319,0.5197054493639968
1990-04-18 04:00:00,0.5277447182,0.5191808343,0.4986870040967304
1990-04-19 04:00:00,0.5138279072,0.5095462799,0.5076695564776514
1990-04-20 04:00:00,0.5138282211,0.5074057579,0.49900854801714445
1990-04-23 04:00:00,0.5041937056,0.5052641034,0.48749852955349127
1990-04-24 04:00:00,0.5116872494,0.4967009425,0.4790622214019038
1990-04-25 04:00:00,0.4988417753,0.4967009425,0.48400377540469464
1990-04-26 04:00:00,0.5009826679,0.4913483858,0.4844630618200938
1990-04-27 04:00:00,0.4892073734,0.481713891,0.470027033421033
1990-04-30 04:00:00,0.4817140108,0.4967009425,0.48069051068453916
1990-05-01 04:00:00,0.5031233787,0.4892075062,0.4795092852345135
1990-05-02 04:00:00,0.4902777927,0.4988416731,0.48950381453912684
1990-05-03 04:00:00,0.5009824755,0.5052641034,0.49841711946806555
1990-05-04 04:00:00,0.5095465274,0.5288150907,0.5119239632503039
1990-05-07 04:00:00,0.5309556648,0.5480834246,0.5451493867078767
1990-05-08 04:00:00,0.5373786688,0.5373786688,0.5296830258894332
1990-05-09 04:00:00,0.5384490663,0.5373786688,0.5255222205586563
1990-05-10 04:00:00,0.5416606446,0.5523653626,0.5407084390527004
1990-05-11 04:00:00,0.5566474088,0.5609290004,0.5416382234970669
1990-05-14 04:00:00,0.5673518933,0.5630696416,0.5545193508747488
1990-05-15 04:00:00,0.5609290846,0.5545066595,0.5444807404745617
1990-05-16 04:00:00,0.5523652386,0.5545066595,0.5377112793836005
1990-05-17 04:00:00,0.5545066595,0.5545066595,0.5451471899612557
1990-05-18 04:00:00,0.5534354374,0.5844796896,0.5745730168522769
1990-05-21 04:00:00,0.5887615132,0.6016070247,0.6032632786119976
1990-05-22 04:00:00,0.6080299449,0.6123121977,0.5929619574786997
1990-05-23 04:00:00,0.6165939901,0.6497784257,0.6335956889165857
1990-05-24 04:00:00,0.6572718977,0.6551311016,0.6563371482947744
1990-05-25 04:00:00,0.6358624697,0.6358624697,0.6385104758782347
1990-05-29 04:00:00,0.6358624415,0.6444262862,0.6334573877996235
1990-05-30 04:00:00,0.6519200206,0.6465674043,0.6355192790002064
1990-05-31 04:00:00,0.6401440803,0.6251577735,0.6199417919480936
1990-06-01 04:00:00,0.6272986943,0.6433560252,0.6299364060308648
1990-06-04 04:00:00,0.6412152284,0.6551311016,0.6418850027491487
1990-06-05 04:00:00,0.661554066,0.6283689737,0.6217702203813715
1990-06-06 04:00:00,0.627298643,0.6251577735,0.6212745398276027
1990-06-07 04:00:00,0.6272986117,0.6165938973,0.6053967916515859
1990-06-08 04:00:00,0.6165937865,0.6294392943,0.6157305858037034
1990-06-11 04:00:00,0.6251577433,0.6412151456,0.6329655445829587
1990-06-12 04:00:00,0.6465672682,0.6497784257,0.633709423382335
1990-06-13 04:00:00,0.649778413,0.6551311016,0.6479926982826996
1990-06-14 04:00:00,0.6551312523,0.6465674043,0.6315778305409054
1990-06-15 04:00:00,0.6380030554,0.6508492231,0.6458260571875982
1990-06-18 04:00:00,0.6487079679,0.6412151456,0.6340485690887121
1990-06-19 04:00:00,0.6401440089,0.6422854662,0.6289633892886926
1990-06-20 04:00:00,0.6454969126,0.6647654772,0.6497805887802599
1990-06-21 04:00:00,0.6636948758,0.6594126225,0.6455646066965386
1990-06-22 04:00:00,0.6615543884,0.6487082839,0.6433010954818457
1990-06-25 04:00:00,0.6476375699,0.6380032897,0.6346011792656441
1990-06-26 04:00:00,0.6444263034,0.6401440501,0.632527493953674
1990-06-27 04:00:00,0.6401436412,0.6529898047,0.6411125482403364
1990-06-28 04:00:00,0.6562015364,0.6551311016,0.6478059551809636
1990-06-29 04:00:00,0.6551308135,0.6508492231,0.6371101698833144
1990-07-02 04:00:00,0.6508493878,0.6315808296,0.6247040670195361
1990-07-03 04:00:00,0.6283689728,0.6165938973,0.606648399571398
1990-07-05 04:00:00,0.6123121748,0.6187345982,0.6045856543385852
1990-07-06 04:00:00,0.6176642555,0.6272985339,0.6185464370287477
1990-07-09 04:00:00,0.6294394204,0.6358624697,0.6270266770313313
1990-07-10 04:00:00,0.6358624211,0.6315808296,0.6264801964749438
1990-07-11 04:00:00,0.6337218895,0.6465674043,0.631073900049401
1990-07-12 04:00:00,0.6444264151,0.6636949778,0.652257115527739
1990-07-13 04:00:00,0.6658359765,0.6711885929,0.6735726025197621
1990-07-16 04:00:00,0.6743995437,0.6786811352,0.6770933411660707
1990-07-17 04:00:00,0.6797522712,0.6658357382,0.654483354373248
1990-07-18 04:00:00,0.6615538607,0.6508492231,0.6433005744297304
1990-07-19 04:00:00,0.64549661,0.6572716832,0.6340219372067608
1990-07-20 04:00:00,0.6594125259,0.6272985339,0.6299727094265322
1990-07-23 04:00:00,0.6272986117,0.6165938973,0.608885100513973
1990-07-24 04:00:00,0.6208754502,0.595184505,0.5703380422649431
1990-07-25 04:00:00,0.5994660642,0.6123121977,0.5931696603571694
1990-07-26 04:00:00,0.6101707169,0.5887613297,0.5817568778341027
1990-07-27 04:00:00,0.5866206997,0.5909023285,0.5822325002642685
1990-07-30 04:00:00,0.5866205858,0.5823383331,0.5610612174038039
1990-07-31 04:00:00,0.584479868,0.5694929361,0.5616846167947074
1990-08-01 04:00:00,0.5673520092,0.571633637,0.5469432487073078
1990-08-02 04:00:00,0.5609290426,0.5652112961,0.5512179672691744
1990-08-03 04:00:00,0.5609290481,0.5416604877,0.5165153839876453
1990-08-06 04:00:00,0.5266741803,0.5181103349,0.4992394784490344
1990-08-07 04:00:00,0.5245328546,0.5245328546,0.5130943218314741
1990-08-08 04:00:00,0.5352380504,0.5438013077,0.5325929529732178
1990-08-09 04:00:00,0.5480834623,0.5577177405,0.5453336778978439
1990-08-10 04:00:00,0.5577180157,0.5523653626,0.5356730913688281
1990-08-13 04:00:00,0.5459426472,0.5566473603,0.5449944481833882
1990-08-14 04:00:00,0.5587882459,0.5502243638,0.5430599903285298
1990-08-15 04:00:00,0.5545066173,0.5502243638,0.5485155360457412
1990-08-16 04:00:00,0.5480836539,0.5288150907,0.526087242611986
1990-08-17 04:00:00,0.5223919397,0.5159695148,0.5110708129584367
1990-08-20 04:00:00,0.5159697863,0.4752912223,0.47420833284584063
1990-08-21 04:00:00,0.4645862281,0.4645862281,0.4334700142681811
1990-08-22 04:00:00,0.4710094782,0.4603047967,0.45343175871516195
1990-08-23 04:00:00,0.4496000054,0.443176955,0.4379520167735578
1990-08-24 04:00:00,0.4474582406,0.4902775884,0.4752666134166006
1990-08-27 04:00:00,0.5052641646,0.5202510953,0.5112452632138229
1990-08-28 04:00:00,0.5159694965,0.5384492874,0.5252112600945225
1990-08-29 04:00:00,0.5352380625,0.5181103349,0.5164748240781378
1990-08-30 04:00:00,0.5202510278,0.5138279796,0.5166261123727409
1990-08-31 04:00:00,0.5138281695,0.5266742706,0.5127228811939872
1990-09-04 04:00:00,0.5223919556,0.5330966711,0.5215367415153622
1990-09-05 04:00:00,0.5352379611,0.5052641034,0.5005964582997393
1990-09-06 04:00:00,0.4967008999,0.4924186468,0.4782516627741842
1990-09-07 04:00:00,0.4881370355,0.4945594966,0.48880435772726827
1990-09-10 04:00:00,0.5031232605,0.4774322808,0.48071419181633246
1990-09-11 04:00:00,0.4795734782,0.4752912223,0.4629079536363463
1990-09-12 04:00:00,0.4817141037,0.4913483858,0.4790059337693222
1990-09-13 04:00:00,0.4967008999,0.4924186468,0.48366451481986417
1990-09-14 04:00:00,0.4881369745,0.5116871595,0.4963241846390787
1990-09-17 04:00:00,0.5095464178,0.5202510953,0.5137284756744478
1990-09-18 04:00:00,0.519180809,0.5288150907,0.5154946335687427
1990-09-19 04:00:00,0.5395196128,0.5309557319,0.5230458012816612
1990-09-20 04:00:00,0.5266740886,0.5116871595,0.5082604682616179
1990-09-21 04:00:00,0.5116872486,0.5181103349,0.5002334525519956
1990-09-24 04:00:00,0.509546465,0.5009825826,0.4893083613922826
1990-09-25 04:00:00,0.5106166102,0.5170396566,0.5010255996077433
1990-09-26 04:00:00,0.5181103476,0.5159695148,0.5034151933945168
1990-09-27 04:00:00,0.5223920689,0.5074057579,0.4967574214969659
1990-09-28 04:00:00,0.4988418628,0.5395197868,0.523222492327811
1990-10-01 04:00:00,0.5545067676,0.5748457313,0.5621101481804942
1990-10-02 04:00:00,0.5844797512,0.5641407967,0.5572336594891425
1990-10-03 04:00:00,0.5609288098,0.5630696416,0.5626456810596139
1990-10-04 04:00:00,0.5587880821,0.5491538048,0.5440213757710026
1990-10-05 04:00:00,0.5395197268,0.5545066595,0.543497067876693
1990-10-08 04:00:00,0.5652112961,0.5652112961,0.5486475957749022
1990-10-09 04:00:00,0.5587883507,0.5395197868,0.5348811023103792
1990-10-10 04:00:00,0.530955629,0.5095462799,0.5018418416514336
1990-10-11 04:00:00,0.5116872494,0.4967009425,0.4860398554649237
1990-10-12 04:00:00,0.5009826081,0.4881370962,0.4610079575130044
1990-10-15 04:00:00,0.4945596067,0.4838548899,0.47081587696966665
1990-10-16 04:00:00,0.4859955281,0.4677979946,0.4628438784364164
1990-10-17 04:00:00,0.4688685804,0.4838548899,0.4641006819369409
1990-10-18 04:00:00,0.4881371091,0.5234624147,0.5074519517527278
1990-10-19 04:00:00,0.5309557319,0.5309557319,0.5194049134684207
1990-10-22 04:00:00,0.5309556648,0.5480834246,0.5385320697412794
1990-10-23 04:00:00,0.5459427351,0.5502243638,0.5466787461203566
1990-10-24 04:00:00,0.5438014071,0.5598587394,0.5463399629738817
1990-10-25 04:00:00,0.5609290846,0.5545066595,0.546045522222272
1990-10-26 04:00:00,0.5459426863,0.5427308679,0.5382572490319788
1990-10-29 05:00:00,0.5459427659,0.5352380872,0.52755203972918
1990-10-30 05:00:00,0.5352379342,0.5470130444,0.534277014643898
1990-10-31 05:00:00,0.5523652453,0.5459427834,0.5428842997556629
1990-11-01 05:00:00,0.5395196791,0.5438013077,0.537000116369974
1990-11-02 05:00:00,0.5438012268,0.5566473603,0.5480239870479124
1990-11-05 05:00:00,0.5587879727,0.5619992018,0.5511187875044925
1990-11-06 05:00:00,0.5630698746,0.5502243638,0.5427759441456246
1990-11-07 05:00:00,0.5459427834,0.5459427834,0.54174614724581
1990-11-08 05:00:00,0.5438013077,0.5438013077,0.5394831950231307
1990-11-09 05:00:00,0.5545066595,0.5545066595,0.5486354992338036
1990-11-12 05:00:00,0.5652111873,0.5898317695,0.5780007836386076
1990-11-13 05:00:00,0.5887614069,0.587691009,0.5775191138727749
1990-11-14 05:00:00,0.5866206238,0.595184505,0.5858411773213064
1990-11-15 05:00:00,0.5909022922,0.5812680125,0.5708818001958278
1990-11-16 05:00:00,0.5780567052,0.5823383331,0.575582933560348
1990-11-19 05:00:00,0.5823383708,0.595184505,0.5850426649883218
1990-11-20 05:00:00,0.5930435693,0.5844796896,0.5842726745000633
1990-11-21 05:00:00,0.5823382819,0.5887613297,0.5727730626374452
1990-11-23 05:00:00,0.593043582,0.5887613297,0.5852941942143914
1990-11-26 05:00:00,0.5866207172,0.6016070247,0.585601397941069
1990-11-27 05:00:00,0.6037484045,0.6155235171,0.6010647966898617
1990-11-28 05:00:00,0.618734644,0.6026779413,0.5986268088475484
1990-11-29 05:00:00,0.6016069596,0.6101708412,0.5956728638287743
1990-11-30 05:00:00,0.6101707545,0.6187345982,0.6159172103489894
1990-12-03 05:00:00,0.6272987728,0.6326513886,0.623079326713686
1990-12-04 05:00:00,0.6294394442,0.6380032897,0.6285914208301122
1990-12-05 05:00:00,0.6380032373,0.6444262862,0.6356007274263078
1990-12-06 05:00:00,0.6529902219,0.6401440501,0.6311184407414316
1990-12-07 05:00:00,0.6358624697,0.6358624697,0.619143314131918
1990-12-10 05:00:00,0.6272986597,0.6337217093,0.6289743910997245
1990-12-11 05:00:00,0.6272986774,0.6176643968,0.6176663778116449
1990-12-12 05:00:00,0.6144532673,0.6208756566,0.6031215237402634
1990-12-13 05:00:00,0.6251579288,0.6230171323,0.610470144134446
1990-12-14 05:00:00,0.6251577081,0.6305097342,0.6209352785057121
1990-12-17 05:00:00,0.6251577901,0.6337217093,0.6209353614461222
1990-12-18 05:00:00,0.6380032373,0.6444262862,0.6356007274263078
1990-12-19 05:00:00,0.6454967373,0.6412151456,0.6345012180438658
1990-12-20 05:00:00,0.6358626861,0.6465674043,0.6368265162741835
1990-12-21 05:00:00,0.6487082839,0.6487082839,0.6377775570905797
1990-12-24 05:00:00,0.6465671555,0.6444262862,0.6321445298175732
1990-12-26 05:00:00,0.6444262619,0.6422854662,0.6333695713373402
1990-12-27 05:00:00,0.6422855075,0.6401440501,0.6313461338032482
1990-12-28 05:00:00,0.6380032132,0.6422854662,0.6322322861919574
1990-12-31 05:00:00,0.6422854904,0.6444262862,0.6313461166885261
1991-01-02 05:00:00,0.6422855075,0.6401440501,0.6331502319699212
1991-01-03 05:00:00,0.6401440331,0.6444262862,0.6395486857052006
1991-01-04 05:00:00,0.6422856023,0.6497784257,0.6433764605796242
1991-01-07 05:00:00,0.6444263026,0.6412151456,0.6486482461042513
1991-01-08 05:00:00,0.6401439332,0.6294392943,0.6218661634614548
1991-01-09 05:00:00,0.6337217093,0.6337217093,0.632877816188838
1991-01-10 05:00:00,0.6358623913,0.6701179147,0.6571573874888585
1991-01-11 05:00:00,0.6722586917,0.667976439,0.654018004250716
1991-01-14 05:00:00,0.6615539356,0.6572716832,0.6416164114292684
1991-01-15 05:00:00,0.6572720549,0.6711885929,0.6668026654379489
1991-01-16 05:00:00,0.6722586412,0.704372704,0.6909506660195532
1991-01-17 05:00:00,0.7364864916,0.7193593979,0.7130302736749528
1991-01-18 05:00:00,0.706513697,0.7300645113,0.7159828955176479
1991-01-21 05:00:00,0.7247118786,0.7664608955,0.7520076379027714
1991-01-22 05:00:00,0.7675310895,0.7611080408,0.7516905916049623
1991-01-23 05:00:00,0.7557551811,0.7621783018,0.7603497452556951
1991-01-24 05:00:00,0.7643190616,0.7750236988,0.7627892466752684
1991-01-25 05:00:00,0.777165538,0.7664608955,0.7573653868083454
1991-01-28 05:00:00,0.7621786399,0.7900110483,0.7869926207081761
1991-01-29 05:00:00,0.7900109532,0.7921517491,0.7792502261613024
1991-01-30 05:00:00,0.7921518182,0.8242665529,0.8030472229127597
1991-01-31 05:00:00,0.8264073956,0.8403232694,0.8342138846073794
1991-02-01 05:00:00,0.8478170077,0.8542400599,0.8398911053983511
1991-02-04 05:00:00,0.8563805567,0.8488871455,0.8382393736326037
1991-02-05 05:00:00,0.8499576293,0.8670853972,0.8506961478605746
1991-02-06 05:00:00,0.8649442175,0.9056221247,0.889639905113512
1991-02-07 05:00:00,0.909903648,0.8820719123,0.890867079014555
1991-02-08 05:00:00,0.8820720102,0.8906351924,0.87611030728835
1991-02-11 05:00:00,0.8917062475,0.8927766085,0.8719821233601692
1991-02-12 05:00:00,0.8842126727,0.8842126727,0.8801781487549079
1991-02-13 05:00:00,0.877790049,0.9034816623,0.8846960154307837
1991-02-14 05:00:00,0.9013405102,0.8628033996,0.8492117384959954
1991-02-15 05:00:00,0.8692257095,0.8842126727,0.8772040666948087
1991-02-19 05:00:00,0.8756491046,0.8777899742,0.8699202269497661
1991-02-20 05:00:00,0.8713669337,0.8799308538,0.8759789629474497
1991-02-21 05:00:00,0.8820724518,0.8563807607,0.8550599598327295
1991-02-22 05:00:00,0.8542395049,0.8756488562,0.8774781672841527
1991-02-25 05:00:00,0.8842127076,0.8820719123,0.8679080575056091
1991-02-26 05:00:00,0.8692257056,0.8713665009,0.8600009172820506
1991-02-27 05:00:00,0.8756490403,0.901340723,0.8832747801386134
1991-02-28 05:00:00,0.9077632329,0.8884946704,0.8809018098863319
1991-03-01 05:00:00,0.8820719779,0.9056221247,0.8880205267313386
1991-03-04 05:00:00,0.9056221675,0.9163268805,0.8996895263751767
1991-03-05 05:00:00,0.918467706,0.9548640251,0.9433474722206938
1991-03-06 05:00:00,0.9634279885,0.9184678197,0.9166659165943329
1991-03-07 05:00:00,0.8927766495,0.8906351924,0.900542657068442
1991-03-08 05:00:00,0.8949176659,0.8777899742,0.8764619000587004
1991-03-11 05:00:00,0.8713671895,0.8499578238,0.8388103366379696
1991-03-12 05:00:00,0.8413936749,0.8199843168,0.8178821676154655
1991-03-13 05:00:00,0.8221247571,0.8606618643,0.8478520152802744
1991-03-14 05:00:00,0.8692260937,0.8392528892,0.8280048325738463
1991-03-15 05:00:00,0.8413938822,0.827477932,0.821551145964591
1991-03-18 05:00:00,0.8242668642,0.8499578238,0.837243795569961
1991-03-19 05:00:00,0.8413936559,0.8478167057,0.8403178364500903
1991-03-20 05:00:00,0.8478167057,0.8478167057,0.8507165701711656
1991-03-21 05:00:00,0.8520979247,0.8114200234,0.8120619298180856
1991-03-22 05:00:00,0.8092793743,0.8028563261,0.796375038112771
1991-03-25 05:00:00,0.8049982126,0.841393888,0.8281783816703907
1991-03-26 05:00:00,0.845675784,0.900269568,0.8806946309505506
1991-03-27 05:00:00,0.899199185,0.9227499962,0.9191229160742509
1991-03-28 05:00:00,0.9184679639,0.9088336825,0.907497469798713
1991-04-01 05:00:00,0.9077631894,0.9141862392,0.9000289945864921
1991-04-02 05:00:00,0.9206091134,0.9612870216,0.9401979073653877
1991-04-03 05:00:00,0.9655689751,0.9741328955,0.9838873989120032
1991-04-04 05:00:00,0.9762736918,0.9741328955,0.9771622447336554
1991-04-05 05:00:00,0.9762734941,0.9420186281,0.9332558792918775
1991-04-08 04:00:00,0.9420186288,0.9537937045,0.9516471917913236
1991-04-09 04:00:00,0.9548640424,0.9441593289,0.9453816597530533
1991-04-10 04:00:00,0.9398781598,0.9206095934,0.9039133040767666
1991-04-11 04:00:00,0.9291730691,0.9505831003,0.937102814819383
1991-04-12 04:00:00,0.9377363795,0.9184678197,0.8909442995495596
1991-04-15 04:00:00,0.9077632844,0.9741328955,0.9474293257069988
1991-04-16 04:00:00,0.9741325299,0.9612870216,0.9435018447793055
1991-04-17 04:00:00,0.9762733781,0.9548640251,0.9704872404169649
1991-04-18 04:00:00,0.9527232692,0.9420186281,0.9256754566756555
1991-04-19 04:00:00,0.909903901,0.9184678197,0.9140820665022957
1991-04-22 04:00:00,0.9077634567,0.8745790124,0.8700762588700144
1991-04-23 04:00:00,0.8756489133,0.8702962995,0.8593347262810198
1991-04-24 04:00:00,0.8692257438,0.8820719123,0.8751596671236683
1991-04-25 04:00:00,0.8777897025,0.8628033996,0.863042201073867
1991-04-26 04:00:00,0.8585211472,0.8628033996,0.8524125610761715
1991-04-29 04:00:00,0.867085596,0.8371123075,0.8347629144994286
1991-04-30 04:00:00,0.8371119902,0.8478167057,0.8258045489713837
1991-05-01 04:00:00,0.8435348442,0.8628033996,0.8390921301495169
1991-05-02 04:00:00,0.8670849115,0.8606618643,0.8595417584115168
1991-05-03 04:00:00,0.8606623464,0.8670853972,0.8515477385965866
1991-05-06 04:00:00,0.8606622907,0.8799308538,0.8686304804282443
1991-05-07 04:00:00,0.8842131652,0.8670853972,0.8644202329230737
1991-05-08 04:00:00,0.8649441532,0.8820719123,0.8659397914623952
1991-05-09 04:00:00,0.8842127734,0.9056221247,0.8904037650879104
1991-05-10 04:00:00,0.9099040599,0.8799308538,0.8755889075352954
1991-05-13 04:00:00,0.884213264,0.8831428289,0.8644203307169178
1991-05-14 04:00:00,0.8788604759,0.8670853972,0.8608064603519736
1991-05-15 04:00:00,0.8585214513,0.8392528892,0.8252865213839726
1991-05-16 04:00:00,0.8499574712,0.8510279059,0.8408302051213283
1991-05-17 04:00:00,0.8478170268,0.8499578238,0.8351978598131282
1991-05-20 04:00:00,0.8520983029,0.8488871455,0.8340723877535297
1991-05-21 04:00:00,0.8542397723,0.8735083342,0.8672523692595533
1991-05-22 04:00:00,0.8799307818,0.9141862392,0.8945391255513755
1991-05-23 04:00:00,0.9163269196,0.9377362728,0.9261653467400208
1991-05-24 04:00:00,0.9420186281,0.9420186281,0.9465941317173971
1991-05-28 04:00:00,0.9463001732,0.948440969,0.9424599027490643
1991-05-29 04:00:00,0.9527231732,0.9441593289,0.9383052259731954
1991-05-30 04:00:00,0.9430888943,0.9441593289,0.9372602724305139
1991-05-31 04:00:00,0.9463000156,0.9398776293,0.9229731885268322
1991-06-03 04:00:00,0.9377365967,0.9591466188,0.9439922112371661
1991-06-04 04:00:00,0.9591465943,0.9677097797,0.9497881408272022
1991-06-05 04:00:00,0.9634282117,0.9591466188,0.9629771757532595
1991-06-06 04:00:00,0.9655683929,0.9516525269,0.9423838626468495
1991-06-07 04:00:00,0.9398777376,0.9441593289,0.9273679029336108
1991-06-10 04:00:00,0.9441593532,0.946300149,0.9369481218665783
1991-06-11 04:00:00,0.9505829454,0.9473711252,0.9517997508151979
1991-06-12 04:00:00,0.948440636,0.9516525269,0.9462876067156287
1991-06-13 04:00:00,0.9505831003,0.9505831003,0.9467473650787994
1991-06-14 04:00:00,0.9527229851,0.971991539,0.9591159173059935
1991-06-17 04:00:00,0.9741324078,0.971991539,0.963228058471806
1991-06-18 04:00:00,0.9698509177,0.9548640251,0.9376504244255699
1991-06-19 04:00:00,0.9398778754,0.8852833509,0.8825025078465814
1991-06-20 04:00:00,0.864944195,0.8628033996,0.846812550598635
1991-06-21 04:00:00,0.8670850127,0.8756488562,0.8701276880887931
1991-06-24 04:00:00,0.8649445208,0.8403232694,0.83430348284692
1991-06-25 04:00:00,0.849957298,0.8456757069,0.838905515685461
1991-06-26 04:00:00,0.8478164351,0.8628033996,0.8504759008880924
1991-06-27 04:00:00,0.8702965152,0.8735083342,0.8557805023927472
1991-06-28 04:00:00,0.8702961146,0.8751135468,0.8473012835939642
1991-07-01 04:00:00,0.8831424473,0.9168621302,0.8926424256338805
1991-07-02 04:00:00,0.9152562676,0.8751135468,0.8814891932603004
1991-07-03 04:00:00,0.8285482471,0.8221251965,0.795037886572743
1991-07-05 04:00:00,0.8189139213,0.7932223082,0.7857519068514165
1991-07-08 04:00:00,0.7803764203,0.8606618643,0.8345074336598728
1991-07-09 04:00:00,0.8670853884,0.8719028234,0.8601449189167596
1991-07-10 04:00:00,0.8767191994,0.8381820917,0.837853736496001
1991-07-11 04:00:00,0.8446054444,0.8510279059,0.8378176799220469
1991-07-12 04:00:00,0.8606622342,0.8735083342,0.8562404309305691
1991-07-15 04:00:00,0.8831427853,0.8975939155,0.8868662331909505
1991-07-16 04:00:00,0.8991994752,0.8670853972,0.8634266800798329
1991-07-17 04:00:00,0.844605282,0.8702962995,0.8479231720355784
1991-07-18 04:00:00,0.8735079587,0.8606618643,0.8638679843655908
1991-07-19 04:00:00,0.8670850693,0.8702962995,0.847152390429649
1991-07-22 04:00:00,0.8574511151,0.8670853972,0.8661975899340035
1991-07-23 04:00:00,0.8735086282,0.8542400599,0.8510568135520771
1991-07-24 04:00:00,0.8606624548,0.841393888,0.832783480426464
1991-07-25 04:00:00,0.8606622174,0.8478167057,0.8498347272827687
1991-07-26 04:00:00,0.8606617477,0.9120449424,0.897203146330483
1991-07-29 04:00:00,0.9120453834,0.9024111032,0.8815203353477088
1991-07-30 04:00:00,0.905622293,0.9345251322,0.9140657480483512
1991-07-31 04:00:00,0.9377362803,0.9441593289,0.9364724937396147
1991-08-01 04:00:00,0.9473707095,0.9409482479,0.9331261613178299
1991-08-02 04:00:00,0.9473707095,0.9409482479,0.9434121937202136
1991-08-05 04:00:00,0.9409480534,0.9281019568,0.9160500845450699
1991-08-06 04:00:00,0.9281021817,0.957005024,0.9472181432364692
1991-08-07 04:00:00,0.9602167363,0.9762734771,0.9665580625752597
1991-08-08 04:00:00,0.9762737888,1.0148109198,1.0005000576091092
1991-08-09 04:00:00,1.0115994396,1.03729105,1.0304543613057149
1991-08-12 04:00:00,1.0244451106,1.0661940575,1.0563079761257015
1991-08-13 04:00:00,1.0758280312,1.0597707033,1.0510903339418292
1991-08-14 04:00:00,1.0629819337,1.0597707033,1.0539273592242253
1991-08-15 04:00:00,1.0597708172,1.0469253063,1.0425933961220935
1991-08-16 04:00:00,1.0372909372,1.050136447,1.0397545199705576
1991-08-19 04:00:00,0.995542276,1.0308681726,1.019431678408317
1991-08-20 04:00:00,1.0356851586,1.0340789557,1.0330038332427307
1991-08-21 04:00:00,1.0533479592,1.0790395737,1.0673802710161908
1991-08-22 04:00:00,1.082250805,1.0790395737,1.0730397094733064
1991-08-23 04:00:00,1.0790390254,1.0950963497,1.0958075683104127
1991-08-26 04:00:00,1.0886733024,1.0950963497,1.0717101076976334
1991-08-27 04:00:00,1.0886733532,1.0886733532,1.0745962486787235
1991-08-28 04:00:00,1.0886735832,1.0999134779,1.097694806121055
1991-08-29 04:00:00,1.1047312851,1.1015194654,1.090492882995882
1991-08-30 04:00:00,1.101518809,1.0950963497,1.084571373811471
1991-09-03 04:00:00,1.0918853422,1.0677999258,1.0563415029306924
1991-09-04 04:00:00,1.0694049973,1.0613763332,1.0390669356807933
1991-09-05 04:00:00,1.066193607,1.0340789557,1.0252064059604464
1991-09-06 04:00:00,1.0405022807,1.03729105,1.0364740542862023
1991-09-09 04:00:00,1.03729105,1.03729105,1.0309121263822831
1991-09-10 04:00:00,1.0533475721,1.0276565552,1.0282238663255825
1991-09-11 04:00:00,1.0340791476,1.0533477068,1.043215378079445
1991-09-12 04:00:00,1.0661937937,1.0999134779,1.0854733779951289
1991-09-13 04:00:00,1.0983081344,1.0661940575,1.0598853790898488
1991-09-16 04:00:00,1.0661940575,1.0661940575,1.054616538062625
1991-09-17 04:00:00,1.0629819547,1.0854623318,1.0665597969600569
1991-09-18 04:00:00,1.0790390757,1.0886733532,1.0829957884432204
1991-09-19 04:00:00,1.0918845414,1.1079418659,1.103435873149195
1991-09-20 04:00:00,1.1143650631,1.111153245,1.1003184865435216
1991-09-23 04:00:00,1.1079419234,1.0902789831,1.083062508444371
1991-09-24 04:00:00,1.0950966946,1.1304219961,1.1169373858705498
1991-09-25 04:00:00,1.130422206,1.1272109747,1.1095392873257595
1991-09-26 04:00:00,1.1239995766,1.1464793682,1.1381148793652471
1991-09-27 04:00:00,1.1496905939,1.133633852,1.122334484109821
1991-09-30 04:00:00,1.13363371,1.1432679892,1.124302833039664
1991-10-01 04:00:00,1.143267855,1.14166224,1.126548949434401
1991-10-02 04:00:00,1.1368450399,1.1175764799,1.124272590317048
1991-10-03 04:00:00,1.1111530248,1.1239991188,1.1176746561690507
1991-10-04 04:00:00,1.1304221377,1.1320283413,1.1266811355321735
1991-10-07 04:00:00,1.120787664,1.1368449926,1.123351421181809
1991-10-08 04:00:00,1.1304220382,1.1464793682,1.1371459896095288
1991-10-09 04:00:00,1.1496906281,1.1496906281,1.1562580586968494
1991-10-10 04:00:00,1.1625365245,1.1529022455,1.1324890081251482
1991-10-11 04:00:00,1.1657478606,1.1512967348,1.127405247641363
1991-10-14 04:00:00,1.1561137874,1.1850166321,1.1704476284630658
1991-10-15 04:00:00,1.185016282,1.1737763882,1.1604083296850405
1991-10-16 04:00:00,1.1753822811,1.1657480001,1.1494097879320648
1991-10-17 04:00:00,1.165747929,1.1464793682,1.1329980468982583
1991-10-18 04:00:00,1.1561132669,1.1561132669,1.157635265951967
1991-10-21 04:00:00,1.156113394,1.1689589024,1.1601616922466889
1991-10-22 04:00:00,1.1753820033,1.1737763882,1.1769269001294376
1991-10-23 04:00:00,1.1785933241,1.1593247652,1.1510921428647407
1991-10-24 04:00:00,1.1625365837,1.1593247652,1.1406080966078633
1991-10-25 04:00:00,1.1593249087,1.1496906281,1.1451523376603845
1991-10-28 05:00:00,1.1496904857,1.1593247652,1.1299137352933144
1991-10-29 05:00:00,1.1593249501,1.1657480001,1.15056523181822
1991-10-30 05:00:00,1.1657478819,1.213919282,1.1977781817139501
1991-10-31 05:00:00,1.2139192005,1.2058905363,1.199631127013177
1991-11-01 05:00:00,1.2010740155,1.1898341179,1.179011437492214
1991-11-04 05:00:00,1.1850162288,1.1689589024,1.162934575223673
1991-11-05 05:00:00,1.1721707222,1.2042847872,1.1939226167127615
1991-11-06 05:00:00,1.207495974,1.2235532999,1.2061924765538947
1991-11-07 05:00:00,1.226764822,1.2171305418,1.2101460890130582
1991-11-08 05:00:00,1.2203420699,1.2235532999,1.2296991639923576
1991-11-11 05:00:00,1.2331878662,1.2524564266,1.241027722046809
1991-11-12 05:00:00,1.2620911199,1.2829653025,1.2763710140118718
1991-11-13 05:00:00,1.2781483601,1.2974169254,1.2845081799063536
1991-11-14 05:00:00,1.3038387956,1.2749359608,1.2658406511957168
1991-11-15 05:00:00,1.2717250312,1.2203423977,1.2326088792908791
1991-11-18 05:00:00,1.2235534407,1.2492450476,1.23778753203797
1991-11-19 05:00:00,1.2363989353,1.2363989353,1.2178089496290028
1991-11-20 05:00:00,1.2460333718,1.2396109104,1.2319638335017373
1991-11-21 05:00:00,1.2363989501,1.2492450476,1.2327838750687974
1991-11-22 05:00:00,1.2460333049,1.2331877947,1.2238447362367495
1991-11-25 05:00:00,1.2299766395,1.2283710241,1.2288792739961991
1991-11-26 05:00:00,1.2347934573,1.213919282,1.1912104713633127
1991-11-27 05:00:00,1.210707792,1.2235532999,1.2122937061689143
1991-11-29 05:00:00,1.217130392,1.2492450476,1.2391160882298067
1991-12-02 05:00:00,1.2363988703,1.3006275892,1.278439353098733
1991-12-03 05:00:00,1.2974162551,1.3022330999,1.2906268754833263
1991-12-04 05:00:00,1.3070509723,1.3102622032,1.292513307463146
1991-12-05 05:00:00,1.3070505857,1.3070505857,1.293052595002571
1991-12-06 05:00:00,1.3038388495,1.3391647339,1.3280945776988275
1991-12-09 05:00:00,1.3263195341,1.3102622032,1.3015192279233503
1991-12-10 05:00:00,1.3102618158,1.3070505857,1.2803898378245009
1991-12-11 05:00:00,1.3118677769,1.2942048311,1.2815484643513528
1991-12-12 05:00:00,1.2974166914,1.3102622032,1.3065055828981258
1991-12-13 05:00:00,1.3134734342,1.3102622032,1.30219021044865
1991-12-16 05:00:00,1.3102619795,1.3118675947,1.2910353274410795
1991-12-17 05:00:00,1.3102620694,1.3086564541,1.2982554774097395
1991-12-18 05:00:00,1.3102619568,1.3215018511,1.306554274887766
1991-12-19 05:00:00,1.3150792569,1.319896102,1.303527626810883
1991-12-20 05:00:00,1.3359534963,1.3263192177,1.3189238786785111
1991-12-23 05:00:00,1.326319189,1.3712787628,1.3453681947296232
1991-12-24 05:00:00,1.3712787031,1.3648562431,1.362590466077414
1991-12-26 05:00:00,1.3648566849,1.3857308626,1.3714989518443446
1991-12-27 05:00:00,1.3905474308,1.4178446531,1.4098535968448402
1991-12-30 05:00:00,1.4194502015,1.4226620197,1.4081130267142683
1991-12-31 05:00:00,1.4226618413,1.429084301,1.4055553770661078
1992-01-02 05:00:00,1.4226623091,1.4644106627,1.4414660093259783
1992-01-03 05:00:00,1.4644108985,1.4515653849,1.4345422007408999
1992-01-06 05:00:00,1.4547762233,1.4965245724,1.4827309028853648
1992-01-07 05:00:00,1.4965241995,1.5414843559,1.518302210560904
1992-01-08 05:00:00,1.5286394995,1.5960794687,1.5861854783777218
1992-01-09 05:00:00,1.5960787892,1.6346158981,1.6334931060525122
1992-01-10 05:00:00,1.6314046579,1.6089248657,1.5986684246928888
1992-01-13 05:00:00,1.5928671894,1.6330105066,1.620716595829741
1992-01-14 05:00:00,1.6378274926,1.647461772,1.6238632534849629
1992-01-15 05:00:00,1.6538854599,1.6892107725,1.6861360151588798
1992-01-16 05:00:00,1.6859988208,1.6410386562,1.6452084342729236
1992-01-17 05:00:00,1.6410387398,1.6249819994,1.6075948676176282
1992-01-20 05:00:00,1.6346164839,1.5735989809,1.5753599718176403
1992-01-21 05:00:00,1.5703877127,1.5334562063,1.5023966729323135
1992-01-22 05:00:00,1.541484929,1.6121361256,1.5782952136786719
1992-01-23 05:00:00,1.6121357084,1.6057132483,1.62448950398894
1992-01-24 05:00:00,1.599290862,1.6008964777,1.5961060410485572
1992-01-27 05:00:00,1.6025018283,1.5495135784,1.5561998623458493
1992-01-28 05:00:00,1.5543302003,1.5511189699,1.4998519693175254
1992-01-29 05:00:00,1.5735987633,1.5992903709,1.5904157690820853
1992-01-30 05:00:00,1.599290725,1.5864452124,1.5614632695465858
1992-01-31 05:00:00,1.5864441759,1.5446952581,1.540482448357153
1992-02-03 05:00:00,1.5190047434,1.6057132483,1.576179493505137
1992-02-04 05:00:00,1.6089246503,1.5992903709,1.5788678864874228
1992-02-05 05:00:00,1.6025012487,1.6346158981,1.6189928329414585
1992-02-06 05:00:00,1.6249817231,1.6217699051,1.634279962314281
1992-02-07 05:00:00,1.6217696057,1.615347147,1.6021940202609528
1992-02-10 05:00:00,1.613742084,1.5992903709,1.5704290152517189
1992-02-11 05:00:00,1.5960793612,1.5735989809,1.563480569452949
1992-02-12 05:00:00,1.5238212305,1.615347147,1.59796368223585
1992-02-13 05:00:00,1.6121361036,1.5735989809,1.5710785256310658
1992-02-14 05:00:00,1.5703874766,1.5222160816,1.5189938025437968
1992-02-18 05:00:00,1.5318503308,1.5190048218,1.5406781147016488
1992-02-19 05:00:00,1.5157929582,1.4788620472,1.4591019376074996
1992-02-20 05:00:00,1.4901018898,1.5093704462,1.5122315695020134
1992-02-21 05:00:00,1.5029476091,1.47083354,1.4749319175570506
1992-02-24 05:00:00,1.4708332274,1.4756500721,1.466776210358546
1992-02-25 05:00:00,1.4772562731,1.4868905544,1.4654481135125081
1992-02-26 05:00:00,1.4901021053,1.567176342,1.542729596013615
1992-02-27 05:00:00,1.5768106331,1.6041078568,1.5941706661882833
1992-02-28 05:00:00,1.6057137753,1.5864452124,1.5832325505993907
1992-03-02 05:00:00,1.5896563777,1.5800220966,1.5803281648945244
1992-03-03 05:00:00,1.5864448172,1.5832329988,1.5854112358010326
1992-03-04 05:00:00,1.5832332616,1.5735989809,1.5692046119495657
1992-03-05 05:00:00,1.5735982243,1.5575414896,1.5380871366089792
1992-03-06 05:00:00,1.5511188885,1.5190048218,1.5125151106644878
1992-03-09 05:00:00,1.5254280926,1.5286399126,1.529735823504474
1992-03-10 05:00:00,1.535061414,1.5639642477,1.5572454747338682
1992-03-11 05:00:00,1.5703868546,1.5446952581,1.540104427708954
1992-03-12 05:00:00,1.544695381,1.5559358597,1.5304410614561874
1992-03-13 05:00:00,1.5735989094,1.554330349,1.5490933953447126
1992-03-16 05:00:00,1.5543305243,1.5960794687,1.5738313136530238
1992-03-17 05:00:00,1.610530708,1.644250989,1.6300078443517378
1992-03-18 05:00:00,1.650673368,1.6233767271,1.6208465831475962
1992-03-19 05:00:00,1.6314049416,1.6378279924,1.6482906436563098
1992-03-20 05:00:00,1.6378269304,1.6506724358,1.6451538050090022
1992-03-23 05:00:00,1.6506724358,1.6506724358,1.6423161918113394
1992-03-24 05:00:00,1.6570965571,1.6378279924,1.6310668514761133
1992-03-25 05:00:00,1.6378269304,1.6506724358,1.6422672522313349
1992-03-26 05:00:00,1.6538846398,1.6057132483,1.5998840074691714
1992-03-27 05:00:00,1.5992898231,1.5575414896,1.542338238614029
1992-03-30 05:00:00,1.5607529104,1.5414843559,1.5416444922744077
1992-03-31 05:00:00,1.5479076883,1.5222160816,1.525357778463352
1992-04-01 05:00:00,1.5061584272,1.5479073524,1.5308344380434775
1992-04-02 05:00:00,1.5479079805,1.5029478073,1.5094797981856303
1992-04-03 05:00:00,1.5093704462,1.5093704462,1.5109519529621167
1992-04-06 04:00:00,1.5125813387,1.5575414896,1.543760602247886
1992-04-07 04:00:00,1.5671765374,1.4901022911,1.496654423012707
1992-04-08 04:00:00,1.4868902698,1.5061588287,1.469501289273353
1992-04-09 04:00:00,1.5190045717,1.5414843559,1.51365170604263
1992-04-10 04:00:00,1.5575422566,1.4901022911,1.4787102454937084
1992-04-13 04:00:00,1.499736168,1.5093704462,1.478572047979803
1992-04-14 04:00:00,1.519005138,1.5029478073,1.5122986890530257
1992-04-15 04:00:00,1.6538850214,1.6554906368,1.6267677710740145
1992-04-16 04:00:00,1.657095005,1.6394320726,1.627635166573171
1992-04-20 04:00:00,1.5992906439,1.5173995495,1.4990376987163359
1992-04-21 04:00:00,1.5190057551,1.4917085171,1.4837890698209435
1992-04-22 04:00:00,1.496524955,1.5109766722,1.487086573017045
1992-04-23 04:00:00,1.5222164486,1.4868905544,1.4516418645513056
1992-04-24 04:00:00,1.4901016782,1.441930294,1.4463718487684147
1992-04-27 04:00:00,1.445142007,1.4547762871,1.4775043004437407
1992-04-28 04:00:00,1.4611992664,1.4001817703,1.3876656354392765
1992-04-29 04:00:00,1.406605242,1.4306912422,1.4051785490760125
1992-04-30 04:00:00,1.4387192961,1.4162395,1.4138731306076053
1992-05-01 04:00:00,1.4194502304,1.4611991644,1.4440232160618507
1992-05-04 04:00:00,1.4579876129,1.4644106627,1.4643817084273323
1992-05-05 04:00:00,1.4611992724,1.4965245724,1.4856414938661615
1992-05-06 04:00:00,1.5029478028,1.4901022911,1.4812439316206607
1992-05-07 04:00:00,1.4901023987,1.4772562981,1.46820288740998
1992-05-08 04:00:00,1.4901020991,1.47083354,1.462430440869099
1992-05-11 04:00:00,1.4740449433,1.4644106627,1.4548334894552184
1992-05-12 04:00:00,1.474044733,1.4676216841,1.4494204284325747
1992-05-13 04:00:00,1.461199029,1.4483529329,1.4284399709765268
1992-05-14 04:00:00,1.4483530376,1.4226620197,1.4049343438066018
1992-05-15 04:00:00,1.4162392326,1.4130280018,1.4126574801849259
1992-05-18 04:00:00,1.4226619169,1.4483529329,1.4396584011743414
1992-05-19 04:00:00,1.4547762114,1.47083354,1.4593592809113005
1992-05-20 04:00:00,1.4708339394,1.4997367859,1.4880680509994377
1992-05-21 04:00:00,1.5029478834,1.4981310368,1.476011534033077
1992-05-22 04:00:00,1.502947886,1.4868905544,1.4733048622628147
1992-05-26 04:00:00,1.4901023447,1.4836792946,1.4813749256842925
1992-05-27 04:00:00,1.4868905795,1.4772562981,1.4731072419037972
1992-05-28 04:00:00,1.474045441,1.5286399126,1.5113152771793636
1992-05-29 04:00:00,1.5382736073,1.554330349,1.552881175756447
1992-06-01 04:00:00,1.5479080621,1.5960794687,1.5724533220230654
1992-06-02 04:00:00,1.5960786899,1.5784157515,1.5690726382433198
1992-06-03 04:00:00,1.5735990466,1.5800220966,1.5833763709247606
1992-06-04 04:00:00,1.5832330446,1.5752049685,1.5697440681109498
1992-06-05 04:00:00,1.5735989094,1.554330349,1.5517995737754902
1992-06-08 04:00:00,1.5511188885,1.5190048218,1.5186470522085074
1992-06-09 04:00:00,1.5222164743,1.4772562981,1.470586132013942
1992-06-10 04:00:00,1.4804676766,1.4451417923,1.439792363580338
1992-06-11 04:00:00,1.4451418072,1.3873361349,1.4107451119582208
1992-06-12 04:00:00,1.4162389565,1.4451417923,1.4210499761116182
1992-06-15 04:00:00,1.4451422943,1.4595940113,1.4825576567469483
1992-06-16 04:00:00,1.4547762409,1.4017879963,1.413171425928894
1992-06-17 04:00:00,1.3969707869,1.3945623636,1.3839839577519086
1992-06-18 04:00:00,1.4066047453,1.3921536207,1.3925500195986587
1992-06-19 04:00:00,1.4162395,1.4162395,1.4073353306817964
1992-06-22 04:00:00,1.4114226773,1.4306912422,1.3938531204003866
1992-06-23 04:00:00,1.4403254998,1.4162395,1.4149415701707184
1992-06-24 04:00:00,1.421056458,1.3921536207,1.3804909226835491
1992-06-25 04:00:00,1.3921540297,1.3487994671,1.2906611509172023
1992-06-26 04:00:00,1.3391645555,1.2861763239,1.2738752741195327
1992-06-29 04:00:00,1.3198962336,1.3921536207,1.3720521147081044
1992-06-30 04:00:00,1.4017883116,1.3487994671,1.3446914910483443
1992-07-01 04:00:00,1.3536168814,1.389744997,1.3711653312030592
1992-07-02 04:00:00,1.4017881031,1.3463908434,1.3325129907426785
1992-07-06 04:00:00,1.3487990125,1.3391647339,1.3078782607421644
1992-07-07 04:00:00,1.3439824804,1.3102622032,1.2952063234354938
1992-07-08 04:00:00,1.3102620232,1.3223047256,1.2766045184482877
1992-07-09 04:00:00,1.3295309544,1.3295309544,1.3356824721606912
1992-07-10 04:00:00,1.3343478886,1.3391647339,1.311137026898848
1992-07-13 04:00:00,1.3439826201,1.3487994671,1.3382418709127322
1992-07-14 04:00:00,1.3584330697,1.370475769,1.3613686864628889
1992-07-15 04:00:00,1.3825196709,1.3777022362,1.3849437454157112
1992-07-16 04:00:00,1.368067629,1.3921536207,1.3748046063737291
1992-07-17 04:00:00,1.3825187039,1.35361588,1.345696836322233
1992-07-20 04:00:00,1.3391640911,1.3343472481,1.3261085760015945
1992-07-21 04:00:00,1.3487999071,1.3825201988,1.3741923194424572
1992-07-22 04:00:00,1.3825197478,1.3487994671,1.3378486473617741
1992-07-23 04:00:00,1.3439823357,1.3680677414,1.3574600645815948
1992-07-24 04:00:00,1.3704761461,1.4017879963,1.4000889699625603
1992-07-27 04:00:00,1.40178804,1.4066048861,1.3969255037690473
1992-07-28 04:00:00,1.4162394743,1.4258737564,1.4111247534042874
1992-07-29 04:00:00,1.4355080385,1.4258737564,1.390630543937192
1992-07-30 04:00:00,1.4162391282,1.4090132713,1.4151836736648136
1992-07-31 04:00:00,1.4162391219,1.4017879963,1.3878466537358491
1992-08-03 04:00:00,1.4017883029,1.4210568666,1.4042352742768287
1992-08-04 04:00:00,1.4258735559,1.4234651327,1.4172501917194325
1992-08-05 04:00:00,1.4210564044,1.3873361349,1.3723718407344663
1992-08-06 04:00:00,1.3777022362,1.3777022362,1.3568433317309996
1992-08-07 04:00:00,1.3777020974,1.3632509708,1.3874304475051602
1992-08-10 04:00:00,1.368068018,1.3656595945,1.3785944484475792
1992-08-11 04:00:00,1.3728855465,1.3752939701,1.3539151459429206
1992-08-12 04:00:00,1.3825194552,1.3680677414,1.3695149921259784
1992-08-13 04:00:00,1.3728854529,1.3656595945,1.3601393610208916
1992-08-14 04:00:00,1.3680677414,1.3680677414,1.3672253621708563
1992-08-17 04:00:00,1.3632507246,1.3391647339,1.3385842461802753
1992-08-18 04:00:00,1.3295304552,1.3391647339,1.331622204549035
1992-08-19 04:00:00,1.3391640911,1.3343472481,1.333957781972316
1992-08-20 04:00:00,1.3391649622,1.3560250998,1.3418078342672217
1992-08-21 04:00:00,1.3584332237,1.3439821005,1.3315969410548547
1992-08-24 04:00:00,1.3415736602,1.3295309544,1.3248664983799046
1992-08-25 04:00:00,1.3247138358,1.3560250998,1.3427676099284511
1992-08-26 04:00:00,1.3536165556,1.380110383,1.3757644343562987
1992-08-27 04:00:00,1.3873360328,1.4186472893,1.4095239745729131
1992-08-28 04:00:00,1.4162383085,1.4330984354,1.4233018748190602
1992-08-31 04:00:00,1.4306914034,1.4355082512,1.4218034485205564
1992-09-01 04:00:00,1.4258739676,1.4355082512,1.4150860592900543
1992-09-02 04:00:00,1.435507293,1.452367425,1.4342053749941854
1992-09-03 04:00:00,1.4595930478,1.476452589,1.4702277263533077
1992-09-04 04:00:00,1.469228097,1.4644106627,1.4528065753762007
1992-09-08 04:00:00,1.4644103354,1.4788620472,1.4574581294509699
1992-09-09 04:00:00,1.4788616594,1.5053554773,1.491413957977052
1992-09-10 04:00:00,1.5077649571,1.5222160816,1.4989685861118076
1992-09-11 04:00:00,1.512582115,1.5173995495,1.507851694020772
1992-09-14 04:00:00,1.536667851,1.5752049685,1.5628226898708775
1992-09-15 04:00:00,1.5703880361,1.5655711889,1.5419088787341764
1992-09-16 04:00:00,1.5366670542,1.5487097502,1.5549726682052167
1992-09-17 04:00:00,1.5511191465,1.56316185,1.5542837286003746
1992-09-18 04:00:00,1.5655706232,1.5390762091,1.514757830228426
1992-09-21 04:00:00,1.5173994361,1.5246247053,1.5126742765861891
1992-09-22 04:00:00,1.522216446,1.4981310368,1.491784863783252
1992-09-23 04:00:00,1.4981308756,1.5246247053,1.5163907146439755
1992-09-24 04:00:00,1.5270337575,1.5463023186,1.5380184357432327
1992-09-25 04:00:00,1.5463023924,1.5173995495,1.471244510038602
1992-09-28 04:00:00,1.4740450135,1.4836792946,1.4884872817937946
1992-09-29 04:00:00,1.483679272,1.5173995495,1.5059817042409378
1992-09-30 04:00:00,1.536667845,1.5511189699,1.5238465507625207
1992-10-01 04:00:00,1.5414843397,1.5342584848,1.5405777074187768
1992-10-02 04:00:00,1.5270338305,1.5173995495,1.5063518761181456
1992-10-05 04:00:00,1.5125818586,1.5752049685,1.509212836523126
1992-10-06 04:00:00,1.5848393877,1.5896562338,1.5796546917624426
1992-10-07 04:00:00,1.5896562681,1.56316185,1.5839380858978132
1992-10-08 04:00:00,1.5848394955,1.6065164804,1.6029325488603945
1992-10-09 04:00:00,1.6089245908,1.5872476101,1.5685822925021071
1992-10-12 04:00:00,1.5992896548,1.6161497831,1.6025114699512102
1992-10-13 04:00:00,1.6330110086,1.6233767271,1.6102904381763778
1992-10-14 04:00:00,1.6257850038,1.6089248657,1.60508548228443
1992-10-15 04:00:00,1.6041072669,1.6281926632,1.6108544014060655
1992-10-16 04:00:00,1.6330108025,1.6450535059,1.6203039886971382
1992-10-19 04:00:00,1.6378268411,1.6932240725,1.6792610415267575
1992-10-20 04:00:00,1.7004499261,1.6932240725,1.695132751825703
1992-10-21 04:00:00,1.7004511008,1.7341707945,1.7111021748168866
1992-10-22 04:00:00,1.7341706321,1.7293537855,1.701826825682474
1992-10-23 04:00:00,1.7389872984,1.707675457,1.6987995551876693
1992-10-26 05:00:00,1.7052679479,1.7341707945,1.7118659396469695
1992-10-27 05:00:00,1.7341705344,1.6956334114,1.6896479344500293
1992-10-28 05:00:00,1.7004511781,1.7052680254,1.6840350510181707
1992-10-29 05:00:00,1.710085383,1.7341707945,1.7172278138188943
1992-10-30 05:00:00,1.7317617764,1.710084796,1.7036088282036133
1992-11-02 05:00:00,1.7149012707,1.7269439697,1.702022408691974
1992-11-03 05:00:00,1.7245359431,1.7004505396,1.690150564788965
1992-11-04 05:00:00,1.7004511781,1.7052680254,1.7113720729947772
1992-11-05 05:00:00,1.7149014742,1.7702987194,1.744248976128823
1992-11-06 05:00:00,1.7678897014,1.7871582508,1.7748314501758742
1992-11-09 05:00:00,1.7871588528,1.7702987194,1.742968584707647
1992-11-10 05:00:00,1.7727072172,1.7895673513,1.7758652489632638
1992-11-11 05:00:00,1.787159276,1.8064278364,1.8054927364439237
1992-11-12 05:00:00,1.8064273065,1.8016098738,1.7779583210334664
1992-11-13 05:00:00,1.8016098286,1.796792984,1.7815244629061837
1992-11-16 05:00:00,1.7919750941,1.7871582508,1.779727489544669
1992-11-17 05:00:00,1.7895680641,1.7341707945,1.7401071185899966
1992-11-18 05:00:00,1.743804975,1.7727078199,1.7562678406047993
1992-11-19 05:00:00,1.7775245706,1.8112442493,1.8115449617662307
1992-11-20 05:00:00,1.8112450324,1.8305135965,1.81471871409056
1992-11-23 05:00:00,1.7389883086,1.7052680254,1.7053005622396498
1992-11-24 05:00:00,1.7582567167,1.7630735636,1.7408299330050596
1992-11-25 05:00:00,1.7727077121,1.7558475733,1.744199146644121
1992-11-27 05:00:00,1.7630732577,1.7678906918,1.7624299333418136
1992-11-30 05:00:00,1.7823420135,1.7943847179,1.773872870048173
1992-12-01 05:00:00,1.7871594481,1.7943847179,1.7786950708397598
1992-12-02 05:00:00,1.7919765131,1.7486225367,1.7513120444580323
1992-12-03 05:00:00,1.7486223971,1.7654819489,1.7633899783838416
1992-12-04 05:00:00,1.7630732577,1.7678906918,1.7664896965513321
1992-12-07 05:00:00,1.7727081352,1.7992025614,1.7715365890722907
1992-12-08 05:00:00,1.8064272283,1.7823412418,1.7660493063512348
1992-12-09 05:00:00,1.7678909731,1.7727078199,1.7748327339356962
1992-12-10 05:00:00,1.7341698823,1.7149013281,1.7286234194560208
1992-12-11 05:00:00,1.7052674395,1.6643218994,1.6604406806802459
1992-12-14 05:00:00,1.6715482518,1.6787735224,1.6824348015076964
1992-12-15 05:00:00,1.6811820352,1.6643218994,1.6525642213627165
1992-12-16 05:00:00,1.6667299065,1.6763641834,1.665163068936451
1992-12-17 05:00:00,1.6811825364,1.7341707945,1.7148186135889674
1992-12-18 05:00:00,1.7149022301,1.7341707945,1.7179915786489772
1992-12-21 05:00:00,1.7293536853,1.7438048124,1.7476184590189874
1992-12-22 05:00:00,1.7534394217,1.6908168793,1.6883720616118723
1992-12-23 05:00:00,1.6956336327,1.6811825037,1.659184268384756
1992-12-24 05:00:00,1.6811825037,1.6811825037,1.6531043574118058
1992-12-28 05:00:00,1.681181952,1.6859987974,1.6606831688998085
1992-12-29 05:00:00,1.6811818771,1.6667301655,1.6609529472072282
1992-12-30 05:00:00,1.6715474178,1.6546872854,1.6431880124817866
1992-12-31 05:00:00,1.6570962092,1.6450535059,1.640898882680979
1993-01-04 05:00:00,1.63782724,1.6402356625,1.633245641981091
1993-01-05 05:00:00,1.6378273302,1.6667301655,1.652464208695676
1993-01-06 05:00:00,1.6763642196,1.7149013281,1.6986262426750827
1993-01-07 05:00:00,1.7149021967,1.6811825037,1.6879498123757344
1993-01-08 05:00:00,1.6811825339,1.6787735224,1.6723228709272178
1993-01-11 05:00:00,1.6811817327,1.7173098326,1.687480781454262
1993-01-12 05:00:00,1.7149020696,1.7293537855,1.7372098986864728
1993-01-13 05:00:00,1.724535576,1.7582558393,1.738196138104378
1993-01-14 05:00:00,1.7775243933,1.7582558393,1.767969222323181
1993-01-15 05:00:00,1.6859992257,1.7293537855,1.7231611133533846
1993-01-18 05:00:00,1.7245363759,1.7197195292,1.7003001529478965
1993-01-19 05:00:00,1.7149016264,1.7028589249,1.6987729890967103
1993-01-20 05:00:00,1.7052673476,1.7028589249,1.6929167095093334
1993-01-21 05:00:00,1.6908164933,1.7245361805,1.7009164426701133
1993-01-22 05:00:00,1.7293529344,1.72212708,1.712971155664448
1993-01-25 05:00:00,1.7197197434,1.7052680254,1.702786839602112
1993-01-26 05:00:00,1.7052676922,1.6956334114,1.7040160073902442
1993-01-27 05:00:00,1.6859991608,1.6619137526,1.6495383515207962
1993-01-28 05:00:00,1.6619130621,1.6763641834,1.6430162883509638
1993-01-29 05:00:00,1.6859987223,1.6667301655,1.6573871294597282
1993-02-01 05:00:00,1.6619133943,1.6859987974,1.6684589063746174
1993-02-02 05:00:00,1.6835900744,1.7149013281,1.7059951310813872
1993-02-03 05:00:00,1.7245359052,1.7028589249,1.7038192807156278
1993-02-04 05:00:00,1.6908168392,1.6378279924,1.6302740095997237
1993-02-05 05:00:00,1.6330102665,1.7149013281,1.6565812149700037
1993-02-08 05:00:00,1.7052678711,1.6522796154,1.6482623072588396
1993-02-09 05:00:00,1.6715470116,1.6161497831,1.6185606784553386
1993-02-10 05:00:00,1.6281932132,1.647461772,1.6387588831411435
1993-02-11 05:00:00,1.6619133198,1.642644763,1.6335424644283947
1993-02-12 05:00:00,1.6426449818,1.6113331318,1.6023427497235687
1993-02-16 05:00:00,1.5968820519,1.543893218,1.551521737518712
1993-02-17 05:00:00,1.5607534453,1.5463023186,1.4957274510717298
1993-02-18 05:00:00,1.5655707185,1.5727959871,1.5438552126774994
1993-02-19 05:00:00,1.5776136081,1.5366680622,1.5330394250119497
1993-02-22 05:00:00,1.5366677183,1.4788620472,1.4989496634055754
1993-02-23 05:00:00,1.5029477353,1.5318505764,1.5125550901110785
1993-02-24 05:00:00,1.5222154546,1.6161497831,1.5859805184945017
1993-02-25 05:00:00,1.5896558278,1.6257845163,1.619663533989069
1993-02-26 05:00:00,1.623376619,1.6065164804,1.6065985932540698
1993-03-01 05:00:00,1.6137416648,1.570387125,1.5652860695795638
1993-03-02 05:00:00,1.5752048637,1.6306015253,1.6046557296047936
1993-03-03 05:00:00,1.6330105066,1.6330105066,1.616243930735621
1993-03-04 05:00:00,1.6330106721,1.6137421131,1.5764589319118016
1993-03-05 05:00:00,1.6089247261,1.5944736004,1.6075585599856197
1993-03-08 05:00:00,1.5920645724,1.6113331318,1.6024524027210703
1993-03-09 05:00:00,1.6185592923,1.6233767271,1.6218040122845068
1993-03-10 05:00:00,1.6281937101,1.6378279924,1.6230609936781093
1993-03-11 05:00:00,1.6426447635,1.6667301655,1.6686556744981615
1993-03-12 05:00:00,1.6570956653,1.7149013281,1.6863744756982584
1993-03-15 05:00:00,1.7197192721,1.6884074211,1.675448860351345
1993-03-16 05:00:00,1.7004511618,1.6908168793,1.6799752706521645
1993-03-17 05:00:00,1.6715479237,1.6450535059,1.6507678709558107
1993-03-18 05:00:00,1.6522790414,1.642644763,1.6474443007714896
1993-03-19 05:00:00,1.6522795716,1.6233767271,1.6160480500685779
1993-03-22 05:00:00,1.6041080572,1.6065164804,1.5954261669171999
1993-03-23 05:00:00,1.6089237743,1.6016979218,1.6156766289661917
1993-03-24 05:00:00,1.604108067,1.6619137526,1.6452319128822595
1993-03-25 05:00:00,1.6667311029,1.6835912466,1.6834319737252699
1993-03-26 05:00:00,1.6956325995,1.6691381931,1.6591832514795755
1993-03-29 05:00:00,1.671547339,1.6763641834,1.690283085799031
1993-03-30 05:00:00,1.7052676658,1.7534390688,1.7189053406407382
1993-03-31 05:00:00,1.7582558434,1.7823412418,1.787924215112021
1993-04-01 05:00:00,1.7823419327,1.7919762135,1.8087891642524525
1993-04-02 05:00:00,1.7678909107,1.7293537855,1.7315269464365741
1993-04-05 04:00:00,1.7100853079,1.7630735636,1.7432160544250408
1993-04-06 04:00:00,1.7678909107,1.7293537855,1.738566632760076
1993-04-07 04:00:00,1.7341700129,1.7389874458,1.7218537191465302
1993-04-08 04:00:00,1.7341698823,1.7149013281,1.7018260856431837
1993-04-12 04:00:00,1.7100842888,1.7365781069,1.736175327447981
1993-04-13 04:00:00,1.7389879577,1.7124935389,1.7372366687793033
1993-04-14 04:00:00,1.7149013281,1.7149013281,1.7058123751742826
1993-04-15 04:00:00,1.6956336632,1.6787735224,1.683817102016583
1993-04-16 04:00:00,1.6811816159,1.6763641834,1.6525638067552677
1993-04-19 04:00:00,1.6763641834,1.6763641834,1.6398919371516953
1993-04-20 04:00:00,1.6715484858,1.6715484858,1.6467086646833593
1993-04-21 04:00:00,1.67154807,1.6354193687,1.623161145826117
1993-04-22 04:00:00,1.6281932619,1.6041078568,1.601542611971098
1993-04-23 04:00:00,1.5992904796,1.5679792166,1.5586673727105875
1993-04-26 04:00:00,1.5703867205,1.5487097502,1.5492171125931051
1993-04-27 04:00:00,1.551119113,1.5896562338,1.5732323216440278
1993-04-28 04:00:00,1.5992908131,1.6570965052,1.6328300761913397
1993-04-29 04:00:00,1.6522792057,1.647461772,1.6160476900542164
1993-04-30 04:00:00,1.6378274926,1.647461772,1.656523640730363
1993-05-03 04:00:00,1.6474613568,1.659504056,1.654260008545407
1993-05-04 04:00:00,1.6715480036,1.6956334114,1.6862239982682965
1993-05-05 04:00:00,1.6956335316,1.7197195292,1.7100687904157397
1993-05-06 04:00:00,1.7149021967,1.6811825037,1.6819958196687352
1993-05-07 04:00:00,1.6811816159,1.6763641834,1.6688018629889285
1993-05-10 04:00:00,1.7052671326,1.7173098326,1.71213447374614
1993-05-11 04:00:00,1.7004511618,1.6908168793,1.6840350347886783
1993-05-12 04:00:00,1.6859991608,1.6619137526,1.6573875631102553
1993-05-13 04:00:00,1.6522796154,1.6522796154,1.6279565738501631
1993-05-14 04:00:00,1.6570960513,1.647461772,1.6403590527355831
1993-05-17 04:00:00,1.6522790419,1.6667301655,1.6496088775870703
1993-05-18 04:00:00,1.6715483302,1.7052680254,1.6900142410305747
1993-05-19 04:00:00,1.7486215664,1.7823412418,1.7547304351738617
1993-05-20 04:00:00,1.7775248847,1.8136529922,1.8112754307594585
1993-05-21 04:00:00,1.8016097958,1.7823412418,1.7809847578158298
1993-05-24 04:00:00,1.7775250972,1.775116086,1.7923270205193447
1993-05-25 04:00:00,1.7678901163,1.7582558393,1.735585430359599
1993-05-26 04:00:00,1.7630733271,1.8353307247,1.8081764691148763
1993-05-27 04:00:00,1.8305131286,1.8136529922,1.798013491126973
1993-05-28 04:00:00,1.8016102398,1.784750104,1.7693465742616041
1993-06-01 04:00:00,1.7919757764,1.8545988798,1.8560614111262197
1993-06-02 04:00:00,1.8449652195,1.8449652195,1.8557880130322957
1993-06-03 04:00:00,1.8449649391,1.8232873678,1.8208708610589426
1993-06-04 04:00:00,1.8112442493,1.8112442493,1.8030788067811514
1993-06-07 04:00:00,1.8160615383,1.796792984,1.810881741331869
1993-06-08 04:00:00,1.7919765548,1.777525425,1.751582400817945
1993-06-09 04:00:00,1.7871593449,1.7534390688,1.750818278711833
1993-06-10 04:00:00,1.7582565846,1.7558475733,1.7410991587756257
1993-06-11 04:00:00,1.7678900406,1.72212708,1.7269266552463094
1993-06-14 04:00:00,1.7534394246,1.777525425,1.7525152971111453
1993-06-15 04:00:00,1.7919755188,1.7823412418,1.7599697679399213
1993-06-16 04:00:00,1.7871586702,1.7582558393,1.7302504387163609
1993-06-17 04:00:00,1.7630732675,1.7510305643,1.742942106391773
1993-06-18 04:00:00,1.7438044705,1.6859987974,1.6906346229982177
1993-06-21 04:00:00,1.7100844673,1.707675457,1.6815010020620846
1993-06-22 04:00:00,1.7197194073,1.6956334114,1.6870881149112051
1993-06-23 04:00:00,1.6956327577,1.707675457,1.7027589651584876
1993-06-24 04:00:00,1.7004511781,1.7052680254,1.6954038599502184
1993-06-25 04:00:00,1.7052680254,1.7052680254,1.6804692317947598
1993-06-28 04:00:00,1.7100846123,1.7389874458,1.7210169448499926
1993-06-29 04:00:00,1.7389873149,1.7149013281,1.7255969052672953
1993-06-30 04:00:00,1.7197194073,1.6956334114,1.6946674735920055
1993-07-01 04:00:00,1.7004510983,1.6787735224,1.6680662638328627
1993-07-02 04:00:00,1.6811825037,1.6811825037,1.6650128383470175
1993-07-06 04:00:00,1.6715482222,1.6570965052,1.6545580786624043
1993-07-07 04:00:00,1.5824304843,1.6065164804,1.5925375116871763
1993-07-08 04:00:00,1.6185592298,1.6354193687,1.6334425761916265
1993-07-09 04:00:00,1.6378273813,1.6306015253,1.605638457655715
1993-07-12 04:00:00,1.6330106721,1.6137421131,1.6048752902710177
1993-07-13 04:00:00,1.6185590059,1.5944736004,1.5863471835929417
1993-07-14 04:00:00,1.5992907293,1.6233767271,1.6211908670748798
1993-07-15 04:00:00,1.6233765807,1.6089248657,1.591170480828083
1993-07-16 04:00:00,1.6041079828,1.56316185,1.555640925154833
1993-07-19 04:00:00,1.5318506769,1.5173995495,1.5109050889644422
1993-07-20 04:00:00,1.5270335656,1.5511189699,1.51772041810392
1993-07-21 04:00:00,1.5125818026,1.5222160816,1.4837641436948203
1993-07-22 04:00:00,1.5559360118,1.4957213402,1.4982133548515648
1993-07-23 04:00:00,1.4836786411,1.4957213402,1.4905529911829447
1993-07-26 04:00:00,1.5077652931,1.5077652931,1.5068185967523533
1993-07-27 04:00:00,1.5125819674,1.4547762871,1.4596770339574405
1993-07-28 04:00:00,1.464410734,1.5077652931,1.4891310159606093
1993-07-29 04:00:00,1.5029475236,1.5222160816,1.5285230825844138
1993-07-30 04:00:00,1.4066051921,1.4258737564,1.4012091704448508
1993-08-02 04:00:00,1.4403251153,1.4017879963,1.406822159163596
1993-08-03 04:00:00,1.4066048861,1.4066048861,1.3860501471853226
1993-08-04 04:00:00,1.4114223201,1.4066048861,1.3865437225644612
1993-08-05 04:00:00,1.4162387955,1.4403247833,1.426822457244846
1993-08-06 04:00:00,1.4403244831,1.4114216566,1.4168352874083112
1993-08-09 04:00:00,1.4114223201,1.4066048861,1.398452201027517
1993-08-10 04:00:00,1.4066048609,1.3680677414,1.3596633965610465
1993-08-11 04:00:00,1.3728853777,1.3945623636,1.3892361182461102
1993-08-12 04:00:00,1.39697091,1.4258737564,1.4151110449827442
1993-08-13 04:00:00,1.4258735211,1.4499595165,1.4280797532605618
1993-08-16 04:00:00,1.4595939115,1.4981310368,1.4853873204839303
1993-08-17 04:00:00,1.5029474271,1.4884963036,1.4700585589616821
1993-08-18 04:00:00,1.4981305819,1.4884963036,1.492572999982869
1993-08-19 04:00:00,1.4884969371,1.4306912422,1.4331285132264426
1993-08-20 04:00:00,1.4162390791,1.46922791,1.4533507277162911
1993-08-23 04:00:00,1.4547764512,1.4836792946,1.4884138094118882
1993-08-24 04:00:00,1.4740447411,1.462002039,1.4614193497284944
1993-08-25 04:00:00,1.4451423719,1.4306912422,1.4177345313161211
1993-08-26 04:00:00,1.4162394189,1.389744997,1.3794580616867123
1993-08-27 04:00:00,1.3921537257,1.3849278688,1.371581352776765
1993-08-30 04:00:00,1.396970235,1.3993786573,1.3880431690675934
1993-08-31 04:00:00,1.4210565871,1.447550416,1.4354349305886842
1993-09-01 04:00:00,1.4499592116,1.4788620472,1.4681618053289611
1993-09-02 04:00:00,1.4884958746,1.476452589,1.4811665675348635
1993-09-03 04:00:00,1.4740451402,1.4595940113,1.44951126712634
1993-09-07 04:00:00,1.4595933384,1.4403247833,1.4347719850173917
1993-09-08 04:00:00,1.4258739676,1.4355082512,1.4169812464488558
1993-09-09 04:00:00,1.4451419174,1.46922791,1.451700164479277
1993-09-10 04:00:00,1.4836792457,1.5029478073,1.4824345712064684
1993-09-13 04:00:00,1.5125817124,1.4716361761,1.4680656684274425
1993-09-14 04:00:00,1.4644106433,1.4499595165,1.431746293166249
1993-09-15 04:00:00,1.4595935562,1.4740446806,1.444381191367789
1993-09-16 04:00:00,1.4788623777,1.4644106627,1.4621829468188139
1993-09-17 04:00:00,1.454776382,1.4644106627,1.4578264839460076
1993-09-20 04:00:00,1.4692271218,1.4571838379,1.4636351937506618
1993-09-21 04:00:00,1.454776382,1.4644106627,1.4629714458068506
1993-09-22 04:00:00,1.4644103136,1.4884963036,1.474511544695197
1993-09-23 04:00:00,1.4884967065,1.5173995495,1.502685831544163
1993-09-24 04:00:00,1.5125815243,1.5414843559,1.5387081973312604
1993-09-27 04:00:00,1.5752048271,1.5848391056,1.5705483548546866
1993-09-28 04:00:00,1.5848396678,1.6185593605,1.6072623080242892
1993-09-29 04:00:00,1.613742084,1.5992903709,1.5609568959390998
1993-09-30 04:00:00,1.5944736679,1.5896562338,1.5860506448898306
1993-10-01 04:00:00,1.5896563777,1.5800220966,1.5850175411466623
1993-10-04 04:00:00,1.589656077,1.5920644999,1.6045050745413434
1993-10-05 04:00:00,1.5944735771,1.6041078568,1.6128478948186284
1993-10-06 04:00:00,1.6041081021,1.6354193687,1.6262833202548563
1993-10-07 04:00:00,1.6378277653,1.6209676266,1.6210678694772298
1993-10-08 04:00:00,1.6233758192,1.6281926632,1.5906300573406043
1993-10-11 04:00:00,1.6281936424,1.6185593605,1.5876048735851356
1993-10-12 04:00:00,1.6233767271,1.6233767271,1.598210311680596
1993-10-13 04:00:00,1.6137421364,1.6041078568,1.5728658876729682
1993-10-14 04:00:00,1.6137418494,1.5824300051,1.5812539924318685
1993-10-15 04:00:00,1.5848386875,1.5559358597,1.5558365800173704
1993-10-18 04:00:00,1.5607532536,1.5992903709,1.5828779073978865
1993-10-19 04:00:00,1.5800220064,1.5463023186,1.561843761736455
1993-10-20 04:00:00,1.5511183547,1.5607526302,1.5418347849694527
1993-10-21 04:00:00,1.5173994499,1.5318505764,1.516193885385043
1993-10-22 04:00:00,1.5270327799,1.5487097502,1.5418073529811664
1993-10-25 04:00:00,1.5511189699,1.5511189699,1.5301962799951596
1993-10-26 04:00:00,1.5511191371,1.5318505764,1.5266768508835185
1993-10-27 04:00:00,1.5318503528,1.5390762091,1.5390513040126734
1993-10-28 04:00:00,1.5366677941,1.5222160816,1.523846500077255
1993-10-29 04:00:00,1.5318505151,1.543893218,1.5312027528198087
1993-11-01 05:00:00,1.546302257,1.5583449602,1.5491907997508818
1993-11-02 05:00:00,1.5655708796,1.5463023186,1.5330257763284507
1993-11-03 05:00:00,1.5414849057,1.5125820637,1.5045825563109076
1993-11-04 05:00:00,1.5173992299,1.4740446806,1.476677860197995
1993-11-05 05:00:00,1.4692281445,1.5173995495,1.4988224484313264
1993-11-08 05:00:00,1.5222163443,1.5125820637,1.5015291615251414
1993-11-09 05:00:00,1.5222164208,1.5077652931,1.5131678644403337
1993-11-10 05:00:00,1.5414847996,1.5679792166,1.5419332211733163
1993-11-11 05:00:00,1.5655707185,1.5727959871,1.5725414238331012
1993-11-12 05:00:00,1.5752048119,1.5776132345,1.5786673690231439
1993-11-15 05:00:00,1.5800218079,1.5511189699,1.5477641944778284
1993-11-16 05:00:00,1.5607531154,1.5848391056,1.5712386470588413
1993-11-17 05:00:00,1.5944729635,1.5559358597,1.5579029491585743
1993-11-18 05:00:00,1.5559365991,1.5463023186,1.5471974685233434
1993-11-19 05:00:00,1.5366679491,1.543893218,1.5322355053555796
1993-11-22 05:00:00,1.5366681348,1.4836792946,1.4759421426973063
1993-11-23 05:00:00,1.4981312632,1.4909054041,1.4933832087647545
1993-11-24 05:00:00,1.493313553,1.5173995495,1.519417344003692
1993-11-26 05:00:00,1.5222160816,1.5222160816,1.5139775130634234
1993-11-29 05:00:00,1.522216296,1.5318505764,1.5294058017087835
1993-11-30 05:00:00,1.5125815243,1.5414843559,1.5308590216907803
1993-12-01 05:00:00,1.5511185713,1.570387125,1.5697116795753985
1993-12-02 05:00:00,1.5800225571,1.5968827009,1.5832214881044138
1993-12-03 05:00:00,1.6137424884,1.6522796154,1.6435085161491898
1993-12-06 05:00:00,1.637827792,1.6354193687,1.6213372533492034
1993-12-07 05:00:00,1.6378274926,1.647461772,1.6451543730693103
1993-12-08 05:00:00,1.5992905851,1.6089248657,1.590603928603457
1993-12-09 05:00:00,1.6089248289,1.56316185,1.552344463948792
1993-12-10 05:00:00,1.5655705335,1.5776132345,1.5646925228818418
1993-12-13 05:00:00,1.5703876396,1.5679792166,1.5578767284804798
1993-12-14 05:00:00,1.5607529104,1.5414843559,1.5319924952092379
1993-12-15 05:00:00,1.5414849085,1.5366680622,1.544638042987465
1993-12-16 05:00:00,1.5414843559,1.5414843559,1.544637485735187
1993-12-17 05:00:00,1.5511189699,1.5511189699,1.5310058054245559
1993-12-20 05:00:00,1.5607535345,1.5800220966,1.5598698019183033
1993-12-21 05:00:00,1.5800219536,1.5896562338,1.5715817581642852
1993-12-22 05:00:00,1.5848394219,1.56316185,1.5604362460333192
1993-12-23 05:00:00,1.5607533832,1.5583449602,1.567719323470996
1993-12-27 05:00:00,1.5559364036,1.5511189699,1.539348558127159
1993-12-28 05:00:00,1.5511190473,1.5944736004,1.5810809697933124
1993-12-29 05:00:00,1.5944731111,1.570387125,1.5614226881292765
1993-12-30 05:00:00,1.5752054714,1.5655711889,1.558640519761333
1993-12-31 05:00:00,1.5607530918,1.553527236,1.548230732996842
1994-01-03 05:00:00,1.551119075,1.543893218,1.526676789395104
1994-01-04 05:00:00,1.5463021243,1.5511189699,1.5297028306931537
1994-01-05 05:00:00,1.5463019916,1.5848391056,1.5684085128365766
1994-01-06 05:00:00,1.5920644105,1.6306015253,1.6143611781298262
1994-01-07 05:00:00,1.6233762062,1.642644763,1.6220272112883478
1994-01-10 05:00:00,1.6378278988,1.6522796154,1.6527341429170193
1994-01-11 05:00:00,1.6378273298,1.642644763,1.6350055457352823
1994-01-12 05:00:00,1.6378274926,1.647461772,1.6210675979359905
1994-01-13 05:00:00,1.6330108025,1.6450535059,1.6243632563854433
1994-01-14 05:00:00,1.6474619725,1.6498703957,1.6350426456932396
1994-01-17 05:00:00,1.6426447852,1.6330105066,1.6340086867654335
1994-01-18 05:00:00,1.6426448147,1.6306015253,1.6183103297055155
1994-01-19 05:00:00,1.6137421364,1.6041078568,1.5931632160613631
1994-01-20 05:00:00,1.604108067,1.6619137526,1.6436070416093642
1994-01-21 05:00:00,1.6619137526,1.6619137526,1.6451815189826107
1994-01-24 05:00:00,1.6570958866,1.642644763,1.6482076027166244
1994-01-25 05:00:00,1.642644673,1.6402356625,1.6164154656556846
1994-01-26 05:00:00,1.6378278553,1.6233767271,1.61375795713343
1994-01-27 05:00:00,1.6185592923,1.6233767271,1.609895532006675
1994-01-28 05:00:00,1.6281935109,1.6354193687,1.6314496783170185
1994-01-31 05:00:00,1.642644673,1.6402356625,1.6361736132971174
1994-02-01 05:00:00,1.63782724,1.6402356625,1.633245641981091
1994-02-02 05:00:00,1.6330110774,1.6185593605,1.6243635313147209
1994-02-03 05:00:00,1.6233758192,1.6281926632,1.6071374694058562
1994-02-04 05:00:00,1.6185594483,1.5655711889,1.573629645597471
1994-02-07 05:00:00,1.5366673078,1.5559358597,1.5473935714840223
1994-02-08 05:00:00,1.5511192389,1.5173995495,1.502589214374808
1994-02-09 05:00:00,1.5125815083,1.5342584848,1.5230097969422118
1994-02-10 05:00:00,1.5366679288,1.5294420719,1.531695812286145
1994-02-11 05:00:00,1.5270338305,1.5173995495,1.5025619653284608
1994-02-14 05:00:00,1.5222162823,1.5246247053,1.5177671616964687
1994-02-15 05:00:00,1.5366680622,1.5366680622,1.5281763509467297
1994-02-16 05:00:00,1.5463023924,1.5173995495,1.5140047073422735
1994-02-17 05:00:00,1.5222159469,1.5149900913,1.5055880337566308
1994-02-18 05:00:00,1.5125815243,1.5414843559,1.5387081973312604
1994-02-22 05:00:00,1.5414848568,1.5318505764,1.5129713591601472
1994-02-23 05:00:00,1.5366672355,1.5607526302,1.5384649791397536
1994-02-24 05:00:00,1.5414846318,1.5390762091,1.5327292867366822
1994-02-25 05:00:00,1.546301511,1.5607526302,1.5454006016121369
1994-02-28 05:00:00,1.5655708273,1.5896562338,1.5801208920557386
1994-03-01 05:00:00,1.5992904229,1.6041078568,1.5830244084737188
1994-03-02 05:00:00,1.5752050408,1.5944736004,1.574068164139618
1994-03-03 05:00:00,1.5992897322,1.5607526302,1.5546068785277427
1994-03-04 05:00:00,1.5607526302,1.5607526302,1.5522895380193091
1994-03-07 05:00:00,1.5655711889,1.5655711889,1.5646931820620793
1994-03-08 05:00:00,1.565570062,1.5607526302,1.5332952858060338
1994-03-09 05:00:00,1.5655708173,1.5583449602,1.5449346561867685
1994-03-10 05:00:00,1.5703876634,1.5583449602,1.5576068994057053
1994-03-11 05:00:00,1.5607532554,1.5752049685,1.5677191941985384
1994-03-14 05:00:00,1.5896553798,1.6161497831,1.6042350093753726
1994-03-15 05:00:00,1.6185592298,1.6354193687,1.6215340963239555
1994-03-16 05:00:00,1.6378273519,1.6330105066,1.6256663973394723
1994-03-17 05:00:00,1.6330100953,1.6281926632,1.6286921298173453
1994-03-18 05:00:00,1.6281930733,1.6330105066,1.6116910884927478
1994-03-21 05:00:00,1.6378275415,1.6041078568,1.6032042192371847
1994-03-22 05:00:00,1.5848391139,1.6330105066,1.6299998135383404
1994-03-23 05:00:00,1.6426451907,1.6619137526,1.664866200396034
1994-03-24 05:00:00,1.6522796577,1.6811825037,1.6550242785422498
1994-03-25 05:00:00,1.6763645186,1.6859987974,1.702685814512229
1994-03-28 05:00:00,1.6859988809,1.6643218994,1.6249111656177817
1994-03-29 05:00:00,1.6667304754,1.5896562338,1.5939807379280069
1994-03-30 05:00:00,1.5944735833,1.6113331318,1.616637348838438
1994-03-31 05:00:00,1.6089245163,1.6330105066,1.6189276156919803
1994-04-04 04:00:00,1.5896555587,1.6281926632,1.6229134945605068
1994-04-05 04:00:00,1.6426454666,1.6908168793,1.6686563930330252
1994-04-06 04:00:00,1.6859984967,1.7149013281,1.7006926121364927
1994-04-07 04:00:00,1.7197195042,1.7293537855,1.7171294784061857
1994-04-08 04:00:00,1.7293530005,1.6763641834,1.6767051998785973
1994-04-11 04:00:00,1.6763641834,1.6763641834,1.656129993385349
1994-04-12 04:00:00,1.6715476208,1.6330105066,1.6191009445124251
1994-04-13 04:00:00,1.6330109455,1.6354193687,1.6081253359284133
1994-04-14 04:00:00,1.6281934843,1.6209676266,1.6195411719974828
1994-04-15 04:00:00,1.6089249486,1.6354193687,1.6275867578079826
1994-04-18 04:00:00,1.6330106427,1.5992903709,1.5997366484604285
1994-04-19 04:00:00,1.6763641064,1.6980410814,1.686177518075759
1994-04-20 04:00:00,1.7052676198,1.7245361805,1.6902122693103863
1994-04-21 04:00:00,1.7245364365,1.7630735636,1.7468557153025017
1994-04-22 04:00:00,1.7727075378,1.7678906918,1.7561079153411399
1994-04-25 04:00:00,1.7727075616,1.8064278364,1.7910243122864031
1994-04-26 04:00:00,1.820879201,1.8293093443,1.816515117917902
1994-04-28 04:00:00,1.8353307819,1.775116086,1.7709004132385573
1994-04-29 04:00:00,1.7727069649,1.7823412418,1.775595174919296
1994-05-02 04:00:00,1.787159712,1.8401479721,1.8099600795067374
1994-05-03 04:00:00,1.8353301387,1.8016098738,1.7990463215724546
1994-05-04 04:00:00,1.8064286176,1.8329224586,1.8052971409939857
1994-05-05 04:00:00,1.8353308555,1.8184707165,1.8225945975505269
1994-05-06 04:00:00,1.7967929513,1.7823412418,1.7657432129210306
1994-05-09 04:00:00,1.7678911424,1.777525425,1.7866059808995658
1994-05-10 04:00:00,1.7919756935,1.8112442493,1.8030058299662244
1994-05-11 04:00:00,1.8112441512,1.8016098738,1.7871109667561882
1994-05-12 04:00:00,1.8016094783,1.8208780289,1.8171511830638636
1994-05-13 04:00:00,1.8786848086,1.8594162464,1.8224249857754344
1994-05-16 04:00:00,1.8545995958,1.8305135965,1.830247605487827
1994-05-17 04:00:00,1.8305132249,1.8232873678,1.8023431693290775
1994-05-18 04:00:00,1.8353312764,1.8702551126,1.8537219864532588
1994-05-19 04:00:00,1.873867784,1.8955447674,1.8887841862912111
1994-05-20 04:00:00,1.8883186134,1.8835017681,1.8875547550968008
1994-05-23 04:00:00,1.8883191839,1.9485332966,1.9251818091882242
1994-05-24 04:00:00,1.9750272787,1.970210433,1.954068630188317
1994-05-25 04:00:00,1.9653926986,2.0231983662,1.9866485053250926
1994-05-26 04:00:00,2.0328331716,2.0039303303,1.9767565207320672
1994-05-27 04:00:00,1.9942953703,2.0183813572,2.0009664795691933
1994-05-31 04:00:00,2.0135642151,2.0713698864,2.0399506403871825
1994-06-01 04:00:00,2.0617359157,2.0424673557,2.0178724049996575
1994-06-02 04:00:00,2.0521021939,2.0135650635,2.007957372987846
1994-06-03 04:00:00,2.023197687,2.0376493931,2.038022162481532
1994-06-06 04:00:00,2.0280160929,2.1002728939,2.052865911597735
1994-06-07 04:00:00,2.0810049604,2.0665538311,2.0650410314292458
1994-06-08 04:00:00,2.0665534471,2.0039303303,1.994278802543171
1994-06-09 04:00:00,1.9991139336,2.0135650635,2.008494531071875
1994-06-10 04:00:00,2.0135651178,2.0256078243,2.016739536883449
1994-06-13 04:00:00,2.0280151184,2.0376493931,2.0190279118455052
1994-06-14 04:00:00,2.0472852967,2.0641448498,2.066197680776746
1994-06-15 04:00:00,2.0665534686,2.090638876,2.0773697122602286
1994-06-16 04:00:00,2.0906392733,2.0641448498,2.0589883996320992
1994-06-17 04:00:00,2.0617359157,2.0424673557,2.037900376775873
1994-06-20 04:00:00,2.0231992173,2.0617363453,2.0420834754721255
1994-06-21 04:00:00,2.0087472956,2.028015852,2.0351932316945778
1994-06-22 04:00:00,2.0328322441,1.9846608639,1.9843349691981729
1994-06-23 04:00:00,1.9846614079,1.9316731691,1.951265596203136
1994-06-24 04:00:00,1.9268559687,1.907587409,1.9063797521418167
1994-06-27 04:00:00,1.9172219932,1.9991136789,1.9695479955754607
1994-06-28 04:00:00,2.0039306067,1.9774361849,1.9604090172883204
1994-06-29 04:00:00,1.979844451,1.979844451,1.9713396769789853
1994-06-30 04:00:00,1.9942963888,1.9894795418,1.9739003060923679
1994-07-01 04:00:00,1.9894793767,1.9364905357,1.9285139351377794
1994-07-05 04:00:00,1.941308395,1.8931369781,1.908130413345532
1994-07-06 04:00:00,1.8714590324,1.8618247509,1.8507820775586907
1994-07-07 04:00:00,1.8690500422,1.9413074255,1.9038601235636676
1994-07-08 04:00:00,1.9220391228,1.907587409,1.920505346087964
1994-07-11 04:00:00,1.9124053835,1.8642339706,1.8440068249179475
1994-07-12 04:00:00,1.8594155523,1.8497812748,1.807192612863716
1994-07-13 04:00:00,1.8594160098,1.907587409,1.8775659719911886
1994-07-14 04:00:00,1.9027702722,1.8786842823,1.8703564985118533
1994-07-15 04:00:00,1.8786850742,1.873868227,1.8657309744241104
1994-07-18 04:00:00,1.9846625245,1.9461253881,1.9198699086420277
1994-07-19 04:00:00,1.9509417265,1.9316731691,1.9110058352409638
1994-07-20 04:00:00,1.9268565133,1.8642339706,1.850356589134087
1994-07-21 04:00:00,1.8738682551,1.8401479721,1.8373603630793625
1994-07-22 04:00:00,1.8690506208,1.9485332966,1.8891126131449596
1994-07-25 04:00:00,1.9509417191,1.9726186991,1.9616205821555397
1994-07-26 04:00:00,1.9702102612,1.9413074255,1.9219079215316839
1994-07-27 04:00:00,1.9413076825,1.907587409,1.905419607029799
1994-07-28 04:00:00,1.907587409,1.907587409,1.9146951631746347
1994-07-29 04:00:00,1.9220383636,1.9846608639,1.9594807032284507
1994-08-01 04:00:00,1.9894795983,2.0569195747,2.038640733652265
1994-08-02 04:00:00,2.07137006,2.0352413654,2.054045982211136
1994-08-03 04:00:00,2.0713707042,2.0569195747,2.0513360585804676
1994-08-04 04:00:00,2.0617352142,2.0328323841,2.033839918317014
1994-08-05 04:00:00,2.0280157991,2.0231983662,2.016048175733168
1994-08-08 04:00:00,2.0183819498,2.0424673557,2.0177716835619037
1994-08-09 04:00:00,2.0424677813,2.0617363453,2.0535257230052935
1994-08-10 04:00:00,2.0617356379,2.0858216286,2.0728164685257866
1994-08-11 04:00:00,2.0761874224,2.129175663,2.1333007798522914
1994-08-12 04:00:00,2.1339930965,2.129175663,2.118092134203394
1994-08-15 04:00:00,2.138810171,2.0978646278,2.095038244469542
1994-08-16 04:00:00,2.1147246361,2.1147246361,2.0866219841122415
1994-08-17 04:00:00,2.1339923946,2.1532609463,2.1451586171057713
1994-08-18 04:00:00,2.1532623518,2.1388106346,2.144963643426813
1994-08-19 04:00:00,2.1532617539,2.1147246361,2.113295953806606
1994-08-22 04:00:00,2.1195415051,2.1050903797,2.096044012247887
1994-08-23 04:00:00,2.1050909411,2.1388106346,2.146810092166227
1994-08-24 04:00:00,2.1388101343,2.1484444141,2.1467323142824526
1994-08-25 04:00:00,2.1532621944,2.1653048992,2.168510593458521
1994-08-26 04:00:00,2.172531075,2.1917996407,2.2029610943083853
1994-08-29 04:00:00,2.2110674911,2.1990242004,2.214476095907493
1994-08-30 04:00:00,2.1966156345,2.2496044636,2.2227456336122273
1994-08-31 04:00:00,2.2496040075,2.2399697304,2.24872881920556
1994-09-01 04:00:00,2.1966156002,2.1628959179,2.1488526031846504
1994-09-02 04:00:00,2.1773477112,2.1580791473,2.145799870985172
1994-09-06 04:00:00,2.1532623004,2.1580791473,2.151322347358942
1994-09-07 04:00:00,2.1677136395,2.1917996407,2.2038230659527613
1994-09-08 04:00:00,2.1966166979,2.232745409,2.2197662953752726
1994-09-09 04:00:00,2.1628967921,2.1917996407,2.200625366406747
1994-09-12 04:00:00,2.2014330337,2.1628959179,2.153675760974423
1994-09-13 04:00:00,2.17253056,2.2182929516,2.2108102437269253
1994-09-14 04:00:00,2.2255187791,2.2207019329,2.221635513672389
1994-09-15 04:00:00,2.2207018105,2.2447872162,2.22439171635299
1994-09-16 04:00:00,2.2351536194,2.1917996407,2.1912263107200047
1994-09-19 04:00:00,2.2014339235,2.1917996407,2.1818231836690387
1994-09-20 04:00:00,2.191799428,2.1580791473,2.1617587217370726
1994-09-21 04:00:00,2.1701214926,2.2062501907,2.152509993700967
1994-09-22 04:00:00,2.2062494964,2.1966152191,2.1863751287543565
1994-09-23 04:00:00,2.191799428,2.1580791473,2.175157163942842
1994-09-26 04:00:00,2.1580792805,2.1412191391,2.126508542905057
1994-09-27 04:00:00,2.1388095965,2.1773467064,2.1415931605674032
1994-09-28 04:00:00,2.1821640972,2.1966152191,2.19744682965905
1994-09-29 04:00:00,2.1917984166,2.1773467064,2.179755590322557
1994-09-30 04:00:00,2.1773470423,2.1628959179,2.1882954302825723
1994-10-03 04:00:00,2.1628952221,2.1532609463,2.1429688446210378
1994-10-04 04:00:00,2.1580785231,2.1195414066,2.118119405966034
1994-10-05 04:00:00,2.1147252233,2.1388106346,2.113420409538243
1994-10-06 04:00:00,2.1388100112,2.1002728939,2.102347591970613
1994-10-07 04:00:00,2.105089924,2.0954556465,2.081035589882255
1994-10-10 04:00:00,2.0954562622,2.1099073887,2.11848564377744
1994-10-11 04:00:00,2.1243597954,2.1508536339,2.1625822533178294
1994-10-12 04:00:00,2.1532615645,2.1677126884,2.1609305993300794
1994-10-13 04:00:00,2.182164784,2.2062501907,2.2090866458471083
1994-10-14 04:00:00,2.2062497419,2.1556699276,2.135901383548209
1994-10-17 04:00:00,2.158079545,2.1243598461,2.125969131884709
1994-10-18 04:00:00,2.1291753709,2.1821641922,2.1613141282693746
1994-10-19 04:00:00,2.1821648112,2.2207019329,2.2044872373944955
1994-10-20 04:00:00,2.2447873848,2.2977762222,2.2747645404344112
1994-10-21 04:00:00,2.2833250073,2.2881424427,2.2592130967706368
1994-10-24 04:00:00,2.2929583796,2.2688729763,2.2493696258539657
1994-10-25 04:00:00,2.2640553221,2.3001840115,2.275106740285203
1994-10-26 04:00:00,2.3074100754,2.3507640362,2.3342109035239744
1994-10-27 04:00:00,2.355580531,2.374849081,2.3515814958816534
1994-10-28 04:00:00,2.3748497536,2.394118309,2.382512734519146
1994-10-31 05:00:00,2.3989357239,2.4278385639,2.429365403074023
1994-11-01 05:00:00,2.4182047844,2.4182047844,2.3947928204400384
1994-11-02 05:00:00,2.4182042839,2.4278385639,2.444867411441365
1994-11-03 05:00:00,2.4278381839,2.4133870602,2.4082271201273144
1994-11-04 05:00:00,2.4133878252,2.3700332642,2.3790109882631825
1994-11-07 05:00:00,2.370031868,2.3844835758,2.35793147334784
1994-11-08 05:00:00,2.3844836748,2.4519236088,2.4320845099712685
1994-11-09 05:00:00,2.4760103731,2.4567418098,2.4440083930909537
1994-11-10 05:00:00,2.447106972,2.4543328285,2.4667647564082102
1994-11-11 05:00:00,2.3989357948,2.3989357948,2.3565581632157304
1994-11-14 05:00:00,2.4182039139,2.4856438637,2.464354869413107
1994-11-15 05:00:00,2.4856440923,2.4880523682,2.489649281186452
1994-11-16 05:00:00,2.4952777171,2.4904608727,2.4841356391837337
1994-11-17 05:00:00,2.4904617989,2.4760100842,2.4630754718287236
1994-11-18 05:00:00,2.4711930752,2.4711930752,2.4792398977905847
1994-11-21 05:00:00,2.4856437116,2.4471065998,2.449863278648529
1994-11-22 05:00:00,2.437472454,2.3893010616,2.404885016514477
1994-11-23 05:00:00,2.374850699,2.3700332642,2.362889979152449
1994-11-25 05:00:00,2.3796672342,2.3989357948,2.38760625906
1994-11-28 05:00:00,2.4085693263,2.4422895908,2.4238517302325278
1994-11-29 05:00:00,2.4519245155,2.4711930752,2.463738352228795
1994-11-30 05:00:00,2.4760090666,2.4230208397,2.4204590446073198
1994-12-01 05:00:00,2.4133873282,2.4109783173,2.4261027919421707
1994-12-02 05:00:00,2.4182037874,2.4374723434,2.4021008701674518
1994-12-05 05:00:00,2.4422910518,2.43988204,2.453823627776643
1994-12-06 05:00:00,2.4374721582,2.4422895908,2.4489994597264655
1994-12-07 05:00:00,2.447107124,2.4278385639,2.4353681325952294
1994-12-08 05:00:00,2.4326555641,2.4085695744,2.416299503823957
1994-12-09 05:00:00,2.4085707633,2.432656765,2.416273821903509
1994-12-12 05:00:00,2.432656765,2.432656765,2.388424005481788
1994-12-13 05:00:00,2.4422907834,2.4182047844,2.4026684169872183
1994-12-14 05:00:00,2.4085695093,2.4374723434,2.4357608538792306
1994-12-15 05:00:00,2.4422897548,2.4471065998,2.4459731103846494
1994-12-16 05:00:00,2.4519238681,2.4422895908,2.4503063198694903
1994-12-19 05:00:00,2.4422898957,2.4133870602,2.4145764792792335
1994-12-20 05:00:00,2.4133873149,2.3074102402,2.2844212784433253
1994-12-21 05:00:00,2.3218618564,2.3700332642,2.352470273016415
1994-12-22 05:00:00,2.3700334182,2.3363137245,2.3376351927685945
1994-12-23 05:00:00,2.3363132239,2.345947504,2.3439304171230333
1994-12-27 05:00:00,2.3507638193,2.3411295414,2.350549466651046
1994-12-28 05:00:00,2.3411297573,2.3507640362,2.3173558981198425
1994-12-29 05:00:00,2.3459474397,2.3820755482,2.361155438493519
1994-12-30 05:00:00,2.3844850832,2.3555822372,2.353183376322015
1995-01-03 05:00:00,2.3700330664,2.3194532394,2.3184168592756293
1995-01-04 05:00:00,2.3218620072,2.3363137245,2.3056446068321748
1995-01-05 05:00:00,2.3459476253,2.2977762222,2.294032483538494
1995-01-06 05:00:00,2.307410878,2.3363137245,2.3380011672979464
1995-01-09 05:00:00,2.3459482225,2.3218622208,2.3062113721297095
1995-01-10 05:00:00,2.3363129119,2.3507640362,2.351778817218502
1995-01-11 05:00:00,2.3555826866,2.3652169704,2.3553731060723777
1995-01-12 05:00:00,2.360398531,2.360398531,2.3718342533516577
1995-01-13 05:00:00,2.3893019384,2.4182047844,2.40862122250568
1995-01-16 05:00:00,2.4374728017,2.4711930752,2.460368914350923
1995-01-17 05:00:00,2.4952777171,2.4904608727,2.4876557285407017
1995-01-18 05:00:00,2.5000967104,2.5073218346,2.484360456201536
1995-01-19 05:00:00,2.4856437116,2.4471065998,2.4594722684285344
1995-01-20 05:00:00,2.423020456,2.374849081,2.382295870382748
1995-01-23 05:00:00,2.3507639628,2.4206123352,2.3881760799107354
1995-01-24 05:00:00,2.4278384658,2.3899037838,2.3922591598584404
1995-01-25 05:00:00,2.3748506738,2.3796675205,2.3665449549287914
1995-01-26 05:00:00,2.3459473583,2.3074102402,2.3062105189703104
1995-01-27 05:00:00,2.3170445197,2.3074102402,2.3016304272282753
1995-01-30 05:00:00,2.3170445375,2.2736899853,2.269424638855348
1995-01-31 05:00:00,2.27850816,2.2881424427,2.2619689277793427
1995-02-01 05:00:00,2.2881407932,2.2785065174,2.310081445555646
1995-02-02 05:00:00,2.2640557057,2.2736899853,2.263738322197561
1995-02-03 05:00:00,2.2929587399,2.317044735,2.308103775450654
1995-02-06 05:00:00,2.3170446637,2.345947504,2.3403373497653135
1995-02-07 05:00:00,2.3411297573,2.3507640362,2.34144363010536
1995-02-08 05:00:00,2.3603975921,2.3844835758,2.368043397336514
1995-02-09 05:00:00,2.3941178517,2.3844835758,2.3863747005986937
1995-02-10 05:00:00,2.3893010616,2.3893010616,2.3850727391961044
1995-02-13 05:00:00,2.3893010616,2.3893010616,2.3929219488302635
1995-02-14 05:00:00,2.3941178517,2.3844835758,2.3706763184986457
1995-02-15 05:00:00,2.3170441405,2.3411295414,2.331678117573901
1995-02-16 05:00:00,2.345947504,2.345947504,2.326238634990432
1995-02-17 05:00:00,2.3411301178,2.3266789913,2.3216858395269924
1995-02-21 05:00:00,2.3314958337,2.3025929928,2.2995914933040993
1995-02-22 05:00:00,2.3025932932,2.3700332642,2.359706340010746
1995-02-23 05:00:00,2.3603973745,2.374849081,2.3718330865418196
1995-02-24 05:00:00,2.3652159648,2.360398531,2.3693474111543367
1995-02-27 05:00:00,2.3652163923,2.3796675205,2.369078021247894
1995-02-28 05:00:00,2.3844845979,2.4278385639,2.4151664624709497
1995-03-01 05:00:00,2.4326554984,2.4374723434,2.4401168530609283
1995-03-02 05:00:00,2.4374732466,2.4567418098,2.4416910511389105
1995-03-03 05:00:00,2.4519236088,2.4519236088,2.4364004337339153
1995-03-06 05:00:00,2.4374729523,2.4784183502,2.4525203514836136
1995-03-07 05:00:00,2.480827616,2.5181598663,2.519677264788754
1995-03-08 05:00:00,2.5338151446,2.6397922039,2.614210810121172
1995-03-09 05:00:00,2.6397920824,2.6157066822,2.5879567613266516
1995-03-10 05:00:00,2.6157072653,2.6422009468,2.5909100137277363
1995-03-13 05:00:00,2.6446107793,2.6590619087,2.6580087498230256
1995-03-14 05:00:00,2.6735142726,2.7650396824,2.74243640668238
1995-03-15 05:00:00,2.7650376423,2.7168662548,2.717680728632814
1995-03-16 05:00:00,2.6975982709,2.7024157047,2.6940061394769117
1995-03-17 05:00:00,2.7168660665,2.6951892376,2.727915867961748
1995-03-20 05:00:00,2.7024151432,2.7409522533,2.733474783010415
1995-03-21 05:00:00,2.7457688555,2.7144577503,2.7184165511484295
1995-03-22 05:00:00,2.7168669329,2.7337272167,2.705178667099311
1995-03-23 05:00:00,2.7505877369,2.8035759926,2.796863353798571
1995-03-24 05:00:00,2.8228442695,2.8469302654,2.8388892641638606
1995-03-27 05:00:00,2.8035754921,2.8132097721,2.8271769468261567
1995-03-28 05:00:00,2.8083926945,2.8372955322,2.8360586755136055
1995-03-29 05:00:00,2.8372958386,2.784307003,2.7915136538657848
1995-03-30 05:00:00,2.7939418386,2.7794907093,2.726051601528411
1995-03-31 05:00:00,2.7650376532,2.7409522533,2.7293193619703757
1995-04-03 04:00:00,2.7361360618,2.6975989342,2.692264382392807
1995-04-04 04:00:00,2.7072328135,2.6927816868,2.722330442632078
1995-04-05 04:00:00,2.6927811434,2.721683979,2.672405060527474
1995-04-06 04:00:00,2.721684933,2.6975989342,2.6841549611084687
1995-04-07 04:00:00,2.7072325973,2.683147192,2.6914731204483857
1995-04-10 04:00:00,2.6783298133,2.7337272167,2.7207306064513332
1995-04-11 04:00:00,2.7602221449,2.7794907093,2.7531181424693685
1995-04-12 04:00:00,2.7794900411,2.7602214813,2.7624667641991394
1995-04-13 04:00:00,2.7650393626,2.7939422131,2.7609876972446514
1995-04-17 04:00:00,2.9095533935,2.9818108082,2.9828162163282173
1995-04-18 04:00:00,2.9818096088,2.9577236176,2.9347093129404698
1995-04-19 04:00:00,2.9529071328,2.9336385727,2.9214708771592584
1995-04-20 04:00:00,2.9480899608,2.8999185562,2.871994015951941
1995-04-21 04:00:00,2.9143695751,2.8902835846,2.891276875548513
1995-04-24 04:00:00,2.904736446,2.9962618351,2.9627686283304797
1995-04-25 04:00:00,2.9914433722,3.0829687119,3.0610135468689563
1995-04-26 04:00:00,3.0733342909,3.0685174465,3.0620696034808077
1995-04-27 04:00:00,3.0685182536,3.0299811363,2.9833665827383626
1995-04-28 04:00:00,3.0396150775,3.1504089832,3.12386154150267
1995-05-01 04:00:00,3.1552264471,3.1648607254,3.201982862010432
1995-05-02 04:00:00,3.1648616263,3.0661096573,3.0773836767856366
1995-05-03 04:00:00,3.0926039261,3.1166899204,3.109238821775783
1995-05-04 04:00:00,3.14077425,3.14077425,3.171545743005346
1995-05-05 04:00:00,3.1359575306,3.0829687119,3.0887710528019525
1995-05-08 04:00:00,3.0781524181,3.0781524181,3.062833692086066
1995-05-09 04:00:00,3.0829689625,3.07574296,3.0598072469601263
1995-05-10 04:00:00,3.0877862078,3.0540659428,3.0486615174408414
1995-05-11 04:00:00,3.0492499132,3.1359584332,3.111039125465659
1995-05-12 04:00:00,3.1359572273,3.1118712425,3.1239569648111356
1995-05-15 04:00:00,3.1070545864,3.1335482597,3.118297718889025
1995-05-16 04:00:00,3.1407756482,3.2708387375,3.2413146764412346
1995-05-17 04:00:00,3.2852901643,3.3141930103,3.3246227477618007
1995-05-18 04:00:00,3.2997408822,3.2612037659,3.295514593333017
1995-05-19 04:00:00,3.2467524565,3.2901070118,3.270610206952199
1995-05-22 04:00:00,3.2901074739,3.3623642921,3.304008379743351
1995-05-23 04:00:00,3.3719989203,3.4105360508,3.348845857881429
1995-05-24 04:00:00,3.4346207013,3.3719975948,3.371280731853105
1995-05-25 04:00:00,3.3864498564,3.4394381046,3.401814900610418
1995-05-26 04:00:00,3.437029271,3.3719975948,3.3621882096729863
1995-05-30 04:00:00,3.3912663287,3.1985807419,3.2223284058536663
1995-05-31 04:00:00,3.2082153414,3.2636127472,3.174654410243839
1995-06-01 04:00:00,3.2756556591,3.2419359684,3.2521832271918782
1995-06-02 04:00:00,3.2274819509,3.2033965588,3.19637293494349
1995-06-05 04:00:00,3.1841292276,3.266020298,3.2330908776158367
1995-06-06 04:00:00,3.2708364801,3.2033965588,3.2426927071032523
1995-06-07 04:00:00,3.1937647464,3.237118721,3.220269641536156
1995-06-08 04:00:00,3.2419359684,3.2419359684,3.2349308897181572
1995-06-09 04:00:00,3.2274841784,3.2708387375,3.2494306601720666
1995-06-12 04:00:00,3.2612040229,3.2274837494,3.2144357167832283
1995-06-13 04:00:00,3.2419338413,3.2322995663,3.2305991800477685
1995-06-14 04:00:00,3.2130330882,3.2298924923,3.209513260610237
1995-06-15 04:00:00,3.2371184595,3.2708387375,3.257445169581956
1995-06-16 04:00:00,3.2756541515,3.3527283669,3.3415027743949466
1995-06-19 04:00:00,3.3623633417,3.4611144066,3.4244593713674476
1995-06-20 04:00:00,3.4827920496,3.5213291645,3.4871721229038783
1995-06-21 04:00:00,3.5405984629,3.4876096249,3.4892933534899555
1995-06-22 04:00:00,3.4924260491,3.5405974388,3.528484192915826
1995-06-23 04:00:00,3.4972443831,3.5116961002,3.518965507800125
1995-06-26 04:00:00,3.5068785022,3.4587070942,3.4563433086993456
1995-06-27 04:00:00,3.4490741596,3.3479144573,3.3844026222811863
1995-06-28 04:00:00,3.343093611,3.3864481449,3.344609815985642
1995-06-29 04:00:00,3.3912653449,3.4442541599,3.4385725414973933
1995-06-30 04:00:00,3.4538883564,3.4827911854,3.4899007003313613
1995-07-03 04:00:00,3.5020610631,3.5044696331,3.487785723414575
1995-07-05 04:00:00,3.5309627225,3.4948341846,3.496154090822351
1995-07-06 04:00:00,3.4924247483,3.5743157864,3.5506812635724003
1995-07-07 04:00:00,3.579135394,3.6851124763,3.6529235193156353
1995-07-10 04:00:00,3.6995646905,3.8103592396,3.7997541136950304
1995-07-11 04:00:00,3.8151753035,3.7188324928,3.7325303234274188
1995-07-12 04:00:00,3.7284646647,3.848893404,3.8216486650798203
1995-07-13 04:00:00,3.8585281372,3.8585281372,3.830069077160232
1995-07-14 04:00:00,3.7862727572,3.9934101105,3.9358312669140645
1995-07-17 04:00:00,4.1523743912,4.2005457878,4.152411491788683
1995-07-18 04:00:00,4.1234718066,3.9259693623,3.9356457741840387
1995-07-19 04:00:00,3.7380988106,3.6417560577,3.5097712196580204
1995-07-20 04:00:00,3.6706623685,3.704382658,3.689075706725447
1995-07-21 04:00:00,3.6224898929,3.5454156399,3.6045799433272236
1995-07-24 04:00:00,3.5694996514,3.6080367565,3.5818319613461327
1995-07-25 04:00:00,3.6802954438,3.7140157223,3.7230773162715494
1995-07-26 04:00:00,3.7621856472,3.6995625496,3.6827275045394146
1995-07-27 04:00:00,3.7188324928,3.7188324928,3.7394617525354903
1995-07-28 04:00:00,3.6995634051,3.5695009232,3.5642769656777844
1995-07-31 04:00:00,3.5887698666,3.4876096249,3.493136929971726
1995-08-01 04:00:00,3.4972437627,3.449072361,3.402516182270162
1995-08-02 04:00:00,3.5068768732,3.4298026562,3.453103663519933
1995-08-03 04:00:00,3.3912672806,3.5116961002,3.471602514040157
1995-08-04 04:00:00,3.5213305714,3.6176733971,3.587470668777314
1995-08-07 04:00:00,3.6417564294,3.6080367565,3.577313904855764
1995-08-08 04:00:00,3.6273057351,3.6032197475,3.6202189046479205
1995-08-09 04:00:00,3.7670038982,3.7188324928,3.7162381315909556
1995-08-10 04:00:00,3.738100871,3.6273069382,3.6350669797765534
1995-08-11 04:00:00,3.6513925253,3.7188324928,3.6175491725811355
1995-08-14 04:00:00,3.7332853937,3.8055422306,3.7634113117834147
1995-08-15 04:00:00,3.8248092213,3.7910895348,3.7462354593325244
1995-08-16 04:00:00,3.7910910984,3.8055422306,3.760381457123607
1995-08-17 04:00:00,3.8103582617,3.8199925423,3.854341081140717
1995-08-18 04:00:00,3.8416701171,3.7429187298,3.751071790430352
1995-08-21 04:00:00,3.7573673612,3.6417560577,3.6733045719201627
1995-08-22 04:00:00,3.6658430574,3.8272166252,3.7649130095998586
1995-08-23 04:00:00,3.8537130847,3.7718219757,3.782482693434787
1995-08-24 04:00:00,3.7814569335,3.704382658,3.6909221829948606
1995-08-25 04:00:00,3.7140156823,3.636941433,3.6550674570465915
1995-08-28 04:00:00,3.6369410609,3.4707491398,3.4853421415141597
1995-08-29 04:00:00,3.4731574932,3.5405974388,3.419073896631339
1995-08-30 04:00:00,3.5791348439,3.593585968,3.5554823989503106
1995-08-31 04:00:00,3.5984027471,3.5646824837,3.550955788668695
1995-09-01 04:00:00,3.535781347,3.4587070942,3.4606535815087938
1995-09-05 04:00:00,3.5020618326,3.6610271931,3.6049964829883336
1995-09-06 04:00:00,3.6706596893,3.6032197475,3.630068915494917
1995-09-07 04:00:00,3.6321234987,3.6465752125,3.6661894198841196
1995-09-08 04:00:00,3.6128559662,3.6802959442,3.647978349251048
1995-09-11 04:00:00,3.6754789414,3.7621874809,3.733683171894093
1995-09-12 04:00:00,3.7670031969,3.7091975212,3.692689872957544
1995-09-13 04:00:00,3.704382658,3.704382658,3.693057828985772
1995-09-14 04:00:00,3.7043794184,3.6562080383,3.6657170920365303
1995-09-15 04:00:00,3.6513911439,3.6008114815,3.5918293151982326
1995-09-18 04:00:00,3.593587048,3.5454156399,3.514738522384121
1995-09-19 04:00:00,3.5454138597,3.5959935188,3.5994042370219788
1995-09-20 04:00:00,3.6032215187,3.5887703896,3.6034160716074695
1995-09-21 04:00:00,3.5165110785,3.4924256802,3.5415046251468496
1995-09-22 04:00:00,3.463524529,3.4587070942,3.4559727673927014
1995-09-25 04:00:00,3.487609602,3.4773728848,3.420813453681525
1995-09-26 04:00:00,3.4827917823,3.4009001255,3.44955712654334
1995-09-27 04:00:00,3.3912658785,3.4153518677,3.258053867439692
1995-09-28 04:00:00,3.4298043095,3.5261471272,3.4958361392463644
1995-09-29 04:00:00,3.5309641822,3.4876096249,3.508744331322049
1995-10-02 04:00:00,3.4876086273,3.4009001255,3.4162135556762934
1995-10-03 04:00:00,3.3960842357,3.4249870777,3.3960316959611276
1995-10-04 04:00:00,3.3960832896,3.3190090656,3.3050906711363695
1995-10-05 04:00:00,3.3141919218,3.3719975948,3.32135207140292
1995-10-06 04:00:00,3.3719970797,3.3093745708,3.3467498011294197
1995-10-09 04:00:00,3.2708364801,3.2033965588,3.2224606255790746
1995-10-10 04:00:00,3.1311409509,3.2274837494,3.1838300523714764
1995-10-11 04:00:00,3.3093745084,3.3382773399,3.3205881978505687
1995-10-12 04:00:00,3.3527297993,3.3768157959,3.3688647648677232
1995-10-13 04:00:00,3.4105358041,3.3238272667,3.3311994477224474
1995-10-16 04:00:00,3.3045588879,3.3430960178,3.3398546057124108
1995-10-17 04:00:00,3.3623644345,3.5116961002,3.469192851254917
1995-10-18 04:00:00,3.7862721246,3.6851124763,3.6827558045698225
1995-10-19 04:00:00,3.6706615326,3.728467226,3.702062691259549
1995-10-20 04:00:00,3.7188330745,3.6802959442,3.6720698255045576
1995-10-23 04:00:00,3.6610268813,3.7140157223,3.703785857667448
1995-10-24 04:00:00,3.714014606,3.7573685646,3.7617053233294584
1995-10-25 04:00:00,3.762186451,3.6947464943,3.7038351470506754
1995-10-26 04:00:00,3.6899288059,3.7766373158,3.744361233217589
1995-10-27 04:00:00,3.75736835,3.8537111282,3.828052770277921
1995-10-30 05:00:00,3.8248080668,3.9596879482,3.9202774566425234
1995-10-31 05:00:00,3.9693224621,3.8537111282,3.8700829449279297
1995-11-01 05:00:00,3.8585294958,3.7910895348,3.818970980597655
1995-11-02 05:00:00,3.8007228942,3.8537111282,3.836337849724771
1995-11-03 05:00:00,3.8537121298,3.8344435692,3.811708102581136
1995-11-06 05:00:00,3.7381007947,3.7525525093,3.7855507866889084
1995-11-07 05:00:00,3.718832357,3.5839524269,3.6222755816284433
1995-11-08 05:00:00,3.6176727224,3.6706609726,3.645221000253123
1995-11-09 05:00:00,3.7188320196,3.815174818,3.7735024231869687
1995-11-10 05:00:00,3.7959057987,3.7332832813,3.744396879518348
1995-11-13 05:00:00,3.7236501811,3.711606741,3.7189766999768423
1995-11-14 05:00:00,3.6947458771,3.6224884987,3.628195415916835
1995-11-15 05:00:00,3.6369402096,3.6224884987,3.5578729116614696
1995-11-16 05:00:00,3.4876085499,3.4635231495,3.494297195659321
1995-11-17 05:00:00,3.4683421794,3.3671824932,3.3963845013618226
1995-11-20 05:00:00,3.4057189834,3.3141930103,3.3450552176876585
1995-11-21 05:00:00,3.3093757305,3.3912668228,3.3379185748788913
1995-11-22 05:00:00,3.4057196285,3.3671824932,3.397559506266603
1995-11-24 05:00:00,3.3768156957,3.3912668228,3.381879369016204
1995-11-27 05:00:00,3.4153531352,3.3623642921,3.3879539924838795
1995-11-28 05:00:00,3.3527300553,3.5261471272,3.4671263801621066
1995-11-29 05:00:00,3.5405987818,3.4587070942,3.4687260207588437
1995-11-30 05:00:00,3.4490731501,3.35754776,3.365723312988038
1995-12-01 05:00:00,3.3575475475,3.3238272667,3.333902108088637
1995-12-04 05:00:00,3.3190082162,3.3864481449,3.3908681864466317
1995-12-05 05:00:00,3.3864504194,3.3141930103,3.2989664102604763
1995-12-06 05:00:00,3.3190086955,3.4924256802,3.4569119865793
1995-12-07 05:00:00,3.5116956207,3.4876096249,3.459038987344755
1995-12-08 05:00:00,3.5694992871,3.6417560577,3.6119111449816046
1995-12-11 05:00:00,3.6417586473,3.5887703896,3.5951731728345138
1995-12-12 05:00:00,3.5839516821,3.5213291645,3.52132978857405
1995-12-13 05:00:00,3.5116957365,3.5357811451,3.5161101573062155
1995-12-14 05:00:00,3.555048776,3.4201688766,3.4696662075886806
1995-12-15 05:00:00,3.4346206861,3.4057178497,3.3869791037188435
1995-12-18 05:00:00,3.4057171839,3.3527283669,3.3215058859578903
1995-12-19 05:00:00,3.3671812065,3.5020611286,3.471778700859616
1995-12-20 05:00:00,3.5116962807,3.35754776,3.3797061633323366
1995-12-21 05:00:00,3.3816330492,3.468341589,3.4319092497926675
1995-12-22 05:00:00,3.4731584978,3.4876096249,3.457769468136199
1995-12-26 05:00:00,3.4779741764,3.4779741764,3.4904680477086103
1995-12-27 05:00:00,3.4827927618,3.4249870777,3.4197803377766647
1995-12-28 05:00:00,3.4009021926,3.3671824932,3.370268578207501
1995-12-29 05:00:00,3.3623644789,3.3816330433,3.369581874735296
1996-01-02 05:00:00,3.3864502762,3.4587070942,3.4213031632906805
1996-01-03 05:00:00,3.4346230256,3.3479144573,3.3821126215415944
1996-01-04 05:00:00,3.3623650573,3.3671824932,3.2870312116552256
1996-01-05 05:00:00,3.3238263652,3.3286437988,3.355625369520695
1996-01-08 05:00:00,3.3334615486,3.3238272667,3.349573620401152
1996-01-09 05:00:00,3.3141916085,3.0901949406,3.1094357715890695
1996-01-10 05:00:00,3.1022378338,3.1744952202,3.1790113451884494
1996-01-11 05:00:00,3.2178485811,3.3382773399,3.3020374660912637
1996-01-12 05:00:00,3.3334616002,3.304558754,3.253764301011678
1996-01-15 05:00:00,3.3093755444,3.1793124676,3.1736254526733916
1996-01-16 05:00:00,3.2226667263,3.3286437988,3.291227742194721
1996-01-17 05:00:00,3.2660213029,3.2708387375,3.339437869712718
1996-01-18 05:00:00,3.2949241131,3.3768157959,3.3751448565053863
1996-01-19 05:00:00,3.4779743382,3.5405974388,3.542984032913999
1996-01-22 05:00:00,3.5309645114,3.5454156399,3.535132009440183
1996-01-23 05:00:00,3.5213297575,3.449072361,3.4580928122577816
1996-01-24 05:00:00,3.4635234406,3.5165116787,3.5252652358007666
1996-01-25 05:00:00,3.5213283723,3.4442541599,3.446182973881541
1996-01-26 05:00:00,3.4346213749,3.4876096249,3.477920349416351
1996-01-29 05:00:00,3.4972423059,3.4827911854,3.461616562631697
1996-01-30 05:00:00,3.502059874,3.4996507168,3.503482919186773
1996-01-31 05:00:00,3.4972425448,3.5646824837,3.5281682590145707
1996-02-01 05:00:00,3.5550495397,3.6273069382,3.602011704492945
1996-02-02 05:00:00,3.6224895498,3.5839524269,3.55991343742636
1996-02-05 05:00:00,3.5743185062,3.7429187298,3.7052161994660437
1996-02-06 05:00:00,3.7188324928,3.7188324928,3.7153745104078837
1996-02-07 05:00:00,3.6995630119,3.7332832813,3.711542651235547
1996-02-08 05:00:00,3.7236506921,3.8103592396,3.7689238786385886
1996-02-09 05:00:00,3.805539321,3.8585281372,3.8376404013879295
1996-02-12 05:00:00,3.8440778495,3.8344435692,3.8602569910040785
1996-02-13 05:00:00,3.7670027218,3.8392601013,3.8293754418776658
1996-02-14 05:00:00,3.8585310873,3.8055422306,3.796504791326207
1996-02-15 05:00:00,3.7959077358,3.7959077358,3.7852317985372395
1996-02-16 05:00:00,3.8055416712,3.7718219757,3.787028001920042
1996-02-20 05:00:00,3.7477345015,3.7670030594,3.7681282787800754
1996-02-21 05:00:00,3.7670017672,3.848893404,3.825585022888532
1996-02-22 05:00:00,3.8537118493,3.9500546455,3.9280965540313844
1996-02-23 05:00:00,3.9548703323,3.9885900021,3.955752089244868
1996-02-26 05:00:00,3.9693234485,3.8777980804,3.8906510914206294
1996-02-27 05:00:00,3.8826135351,3.8585281372,3.8463599033807157
1996-02-28 05:00:00,3.8826135351,3.8585281372,3.8869295220911795
1996-02-29 05:00:00,3.815175569,3.8031330109,3.8298297894364453
1996-03-01 05:00:00,3.7910904879,3.6802959442,3.6716111607378252
1996-03-04 05:00:00,3.6995632419,3.7091975212,3.719629927219337
1996-03-05 05:00:00,3.6995645356,3.7814562321,3.7547517346537944
1996-03-06 05:00:00,3.7862719273,3.7381005287,3.75934648136203
1996-03-07 05:00:00,3.7429172156,3.7501423359,3.736507434385267
1996-03-08 05:00:00,3.6802962869,3.6658451557,3.711169226042969
1996-03-11 05:00:00,3.665844241,3.7188324928,3.705898375337121
1996-03-12 05:00:00,3.7091982863,3.6899297237,3.666482862349511
1996-03-13 05:00:00,3.7856703612,3.8874330521,3.848507246053586
1996-03-14 05:00:00,3.8970657697,3.8392601013,3.865942397482911
1996-03-15 05:00:00,3.853711457,3.9452373981,3.9310765705773107
1996-03-18 05:00:00,3.945237319,4.0560312271,4.046258287791645
1996-03-19 05:00:00,4.09938522,4.1186537743,4.062547195274895
1996-03-20 05:00:00,4.0945701564,4.0319476128,4.01932883021491
1996-03-21 05:00:00,4.0174940313,3.8826141357,3.894494335190217
1996-03-22 05:00:00,3.8970675468,3.8970675468,3.8567395535579436
1996-03-25 05:00:00,3.9115159015,3.848893404,3.8456339888640017
1996-03-26 05:00:00,3.8296254994,3.9596879482,3.910211259131742
1996-03-27 05:00:00,3.9789574844,3.9500546455,3.9276340885664993
1996-03-28 05:00:00,3.9259697388,3.940420866,3.9457653229966354
1996-03-29 05:00:00,3.945235675,3.9741384983,3.9850820959367113
1996-04-01 05:00:00,3.9747415064,3.9596879482,3.9475985573240635
1996-04-02 05:00:00,3.9596901983,4.0319476128,4.018772318369329
1996-04-03 05:00:00,4.0126789971,4.027130127,4.013629450343721
1996-04-04 05:00:00,4.0319450103,4.0223107338,3.9980014974785476
1996-04-08 04:00:00,3.9500554728,3.998226881,3.9663605464678398
1996-04-09 04:00:00,4.0078594957,3.9163341522,3.921653593165871
1996-04-10 04:00:00,3.9115167194,3.9163341522,3.9437437321391826
1996-04-11 04:00:00,3.9115186765,3.8970675468,3.8720240761567055
1996-04-12 04:00:00,3.8970675468,3.8970675468,3.886781172015233
1996-04-15 04:00:00,3.8922486905,3.9891939163,3.96667918143806
1996-04-16 04:00:00,4.0174941133,4.0560312271,4.042267701356394
1996-04-17 04:00:00,4.056030697,4.0825252533,4.043363785201947
1996-04-18 04:00:00,4.0849344359,4.2005457878,4.162303993305201
1996-04-19 04:00:00,4.3017061872,4.2294487953,4.243186447590524
1996-04-22 04:00:00,4.2583513598,4.3450598717,4.332677205325638
1996-04-23 04:00:00,4.3450597081,4.3402428627,4.310949073767674
1996-04-24 04:00:00,4.3546945076,4.2968888283,4.297047719121963
1996-04-25 04:00:00,4.2968884762,4.3450598717,4.319835369429242
1996-04-26 04:00:00,4.3450605145,4.373963356,4.3623746278293964
1996-04-29 04:00:00,4.3691456989,4.3402428627,4.323693922728339
1996-04-30 04:00:00,4.3402425067,4.3643279076,4.330212922509112
1996-05-01 04:00:00,4.3498778572,4.43658638,4.4091532908819815
1996-05-02 04:00:00,4.4365877095,4.3017077446,4.3059664498221935
1996-05-03 04:00:00,4.3354238948,4.2728013992,4.3143018402956415
1996-05-06 04:00:00,4.2776190611,4.3065218925,4.2699562711738395
1996-05-07 04:00:00,4.3017061741,4.3595118523,4.35388467806537
1996-05-08 04:00:00,4.3498766994,4.402864933,4.321731635119079
1996-05-09 04:00:00,4.4028661976,4.373963356,4.392371815112355
1996-05-10 04:00:00,4.4076838003,4.4269523621,4.418235804563196
1996-05-13 04:00:00,4.4317681585,4.5714654922,4.544736522014503
1996-05-14 04:00:00,4.5955517532,4.5859174728,4.580988734200062
1996-05-15 04:00:00,4.5859186358,4.5329303741,4.551554519671846
1996-05-16 04:00:00,4.4703068218,4.5136613846,4.495349123469708
1996-05-17 04:00:00,4.5425641792,4.5088438988,4.493259188135653
1996-05-20 04:00:00,4.5232939633,4.4992079735,4.509692444824523
1996-05-21 04:00:00,4.4992089081,4.43658638,4.445793601457368
1996-05-22 04:00:00,4.4317676079,4.5040249825,4.483291615749913
1996-05-23 04:00:00,4.5040259605,4.5666484833,4.567814140054352
1996-05-24 04:00:00,4.5666484833,4.5666484833,4.56933654091538
1996-05-28 04:00:00,4.5762836044,4.5184779167,4.531012715532995
1996-05-29 04:00:00,4.5232956665,4.5136613846,4.52106295475658
1996-05-30 04:00:00,4.5184749811,4.5570120811,4.524086208899405
1996-05-31 04:00:00,4.5690584023,4.5762844086,4.571075445462597
1996-06-03 04:00:00,4.576281164,4.5618300438,4.574381726897656
1996-06-04 04:00:00,4.5714667591,4.5425639153,4.497569166186295
1996-06-05 04:00:00,4.5473790736,4.6581735611,4.637476913486722
1996-06-06 04:00:00,4.6918944738,4.617228508,4.66063621533111
1996-06-07 04:00:00,4.5329306337,4.672627449,4.638439439900154
1996-06-10 04:00:00,4.6629921015,4.6485409737,4.633350500352883
1996-06-11 04:00:00,4.65335673,4.7063455582,4.720842439730021
1996-06-12 04:00:00,4.7352480772,4.8171391487,4.8028305950175465
1996-06-13 04:00:00,4.8219552425,4.8026866913,4.795990153860103
1996-06-14 04:00:00,4.8075064993,4.7400665283,4.750127941041228
1996-06-17 04:00:00,4.7448810376,4.8026866913,4.77322904427384
1996-06-18 04:00:00,4.7978711337,4.7159800529,4.712603957370142
1996-06-19 04:00:00,4.7207968925,4.6918940544,4.699041670995271
1996-06-20 04:00:00,4.7015283338,4.6918940544,4.6145933905902865
1996-06-21 04:00:00,4.7159794454,4.7737851143,4.736443908639316
1996-06-24 04:00:00,4.7786031285,4.7834205627,4.77613457844771
1996-06-25 04:00:00,4.7882365819,4.7015280724,4.690779664930908
1996-06-26 04:00:00,4.6967132924,4.6437244415,4.602936534198022
1996-06-27 04:00:00,4.643721871,4.6220450401,4.605906366646991
1996-06-28 04:00:00,4.6437231106,4.6292719841,4.60996736196374
1996-07-01 04:00:00,4.6340890265,4.7135715485,4.693972495873737
1996-07-02 04:00:00,4.7159798826,4.6870770454,4.682849174907453
1996-07-03 04:00:00,4.6870785274,4.6678099632,4.688290671001226
1996-07-05 04:00:00,4.6292699767,4.5618300438,4.568159567792343
1996-07-08 04:00:00,4.5666483141,4.6364965439,4.618332605673579
1996-07-09 04:00:00,4.6581733321,4.6244530678,4.640672324782237
1996-07-10 04:00:00,4.6244545462,4.6051859856,4.559279122918312
1996-07-11 04:00:00,4.5570145861,4.4125003815,4.41029886374028
1996-07-12 04:00:00,4.4389954646,4.3306097984,4.281752368083573
1996-07-15 04:00:00,4.3306082814,4.263168335,4.2864721149913265
1996-07-16 04:00:00,4.2487182804,4.4462213516,4.317635973773747
1996-07-17 04:00:00,4.5377467954,4.5136613846,4.475718568610496
1996-07-18 04:00:00,4.5184767903,4.6196370125,4.55278643517552
1996-07-19 04:00:00,4.5377469979,4.6623902321,4.650841338005051
1996-07-22 04:00:00,4.6635938388,4.6148200035,4.572046861437741
1996-07-23 04:00:00,4.6244553701,4.3209757805,4.303530167596328
1996-07-24 04:00:00,4.2198127048,4.4221324921,4.404532810001925
1996-07-25 04:00:00,4.4703056883,4.5666484833,4.520796156287091
1996-07-26 04:00:00,4.6051865637,4.5907354355,4.560285569683813
1996-07-29 04:00:00,4.5955503238,4.5040249825,4.528991375290573
1996-07-30 04:00:00,4.5425626564,4.5714654922,4.507876719916936
1996-07-31 04:00:00,4.585917887,4.5425639153,4.5558833584993295
1996-08-01 04:00:00,4.5425638804,4.6485409737,4.61289787872775
1996-08-02 04:00:00,4.7063452104,4.7545166016,4.706500900506839
1996-08-05 04:00:00,4.75933401,4.6918940544,4.689719429350802
1996-08-06 04:00:00,4.6870767718,4.7786021233,4.734304724870036
1996-08-07 04:00:00,4.7930540066,4.8075051308,4.762995301173618
1996-08-08 04:00:00,4.7834196832,4.8267736435,4.820202343930887
1996-08-09 04:00:00,4.80750587,4.7978715897,4.797762158474242
1996-08-12 04:00:00,4.7882365286,4.8267736435,4.8328745853870885
1996-08-13 04:00:00,4.8171407298,4.759335041,4.786841281368893
1996-08-14 04:00:00,4.7737850279,4.8123221397,4.803516552979616
1996-08-15 04:00:00,4.8075049229,4.8219566345,4.821578626965383
1996-08-16 04:00:00,4.8219568882,4.788236618,4.777043169754322
1996-08-19 04:00:00,4.7737867573,4.759335041,4.724486668046154
1996-08-20 04:00:00,4.7689677249,4.7545166016,4.75998771362503
1996-08-21 04:00:00,4.7207979152,4.759335041,4.722589798620106
1996-08-22 04:00:00,4.7834194687,4.8171391487,4.789345027882774
1996-08-23 04:00:00,4.8123207682,4.7496976852,4.759276588361416
1996-08-26 04:00:00,4.7545185606,4.7352499962,4.741461151277498
1996-08-27 04:00:00,4.7448826125,4.8075051308,4.7859486012630725
1996-08-28 04:00:00,4.8171391574,4.8412251472,4.831763981977026
1996-08-29 04:00:00,4.826774531,4.7834205627,4.769958546791244
1996-08-30 04:00:00,4.7882370199,4.7207970619,4.727315484365455
1996-09-03 04:00:00,4.7015277773,4.7545166016,4.694368701738966
1996-09-04 04:00:00,4.7545166016,4.7545166016,4.743759266258678
1996-09-05 04:00:00,4.7304304725,4.6822590828,4.68567831608452
1996-09-06 04:00:00,4.7015285025,4.7207970619,4.707896923382975
1996-09-09 04:00:00,4.720796205,4.8123221397,4.784302281015464
1996-09-10 04:00:00,4.8075042718,4.7930531502,4.778272729736464
1996-09-11 04:00:00,4.7761938121,4.8219566345,4.8093131414328525
1996-09-12 04:00:00,4.8364085659,4.9568376541,4.943498672540521
1996-09-13 04:00:00,4.995374308,5.0483622551,5.020230530860616
1996-09-16 04:00:00,5.0531799373,5.0676307678,5.105981284644415
1996-09-17 04:00:00,5.120620158,5.1591572762,5.149684226628274
1996-09-18 04:00:00,5.1639754536,5.2603182793,5.253457052355117
1996-09-19 04:00:00,5.2603164957,5.3084878922,5.285487539780803
1996-09-20 04:00:00,5.2795826633,5.3229374886,5.288809329204085
1996-09-23 04:00:00,5.3036713405,5.3084878922,5.270699043250723
1996-09-24 04:00:00,5.298853941,5.2747688293,5.277246408289187
1996-09-25 04:00:00,5.2988538186,5.2265973091,5.237730479065441
1996-09-26 04:00:00,5.231413955,5.0868997574,5.109317253218478
1996-09-27 04:00:00,5.1061690454,5.1784267426,5.145236300207586
1996-09-30 04:00:00,5.1447059392,5.0820837021,5.1258949111301035
1996-10-01 04:00:00,5.0772652361,5.0917172432,5.109529247036363
1996-10-02 04:00:00,5.1206207755,5.1928772926,5.187851511015495
1996-10-03 04:00:00,5.1928747287,5.1639719009,5.164101589957625
1996-10-04 04:00:00,5.1880575325,5.2554974556,5.2329000981497416
1996-10-07 04:00:00,5.2554997303,5.2988533974,5.2887840795687495
1996-10-08 04:00:00,5.3084898202,5.2169647217,5.215710330918441
1996-10-09 04:00:00,5.2410479975,5.183242321,5.151978542373982
1996-10-10 04:00:00,5.1543393135,5.1543393135,5.210512324808661
1996-10-11 04:00:00,5.1880605213,5.2844033241,5.25185105153183
1996-10-14 04:00:00,5.2940371731,5.2651343346,5.280811825920665
1996-10-15 04:00:00,5.3470275345,5.3518452644,5.31031851497314
1996-10-16 04:00:00,5.3470266643,5.3181238174,5.29245362207395
1996-10-17 04:00:00,5.3277559316,5.2217788696,5.257737446771365
1996-10-18 04:00:00,5.1639744506,5.1928772926,5.1764417325218375
1996-10-21 04:00:00,5.1928747287,5.1639719009,5.186568860103456
1996-10-22 04:00:00,5.1302550366,5.1061687469,5.073259250041396
1996-10-23 04:00:00,5.1109858135,5.183242321,5.143287977023178
1996-10-24 04:00:00,5.1976943781,5.2651343346,5.237410054027521
1996-10-25 04:00:00,5.2651341649,5.2579078674,5.28327124854799
1996-10-28 05:00:00,5.2675423164,5.2651343346,5.278238285484747
1996-10-29 05:00:00,5.2747704185,5.2169647217,5.221466681340814
1996-10-30 05:00:00,5.2169629636,5.250682354,5.2464113820000335
1996-10-31 05:00:00,5.2554995158,5.2892189026,5.274164822136328
1996-11-01 05:00:00,5.2892196141,5.2940373421,5.306845646415937
1996-11-04 05:00:00,5.2892209706,5.3181238174,5.303597465434393
1996-11-05 05:00:00,5.3373915602,5.4530029297,5.418818808194956
1996-11-06 05:00:00,5.4481860905,5.568614006,5.5274444346828915
1996-11-07 05:00:00,5.5782507878,5.5300793648,5.564014931600354
1996-11-08 05:00:00,5.5252628105,5.5300793648,5.464946231360557
1996-11-11 05:00:00,5.5252611384,5.5348954201,5.551555564380564
1996-11-12 05:00:00,5.549345955,5.4626374245,5.5218173675881275
1996-11-13 05:00:00,5.5348964549,5.5878844261,5.579881396814471
1996-11-14 05:00:00,5.5975147584,5.7661151886,5.727027253427714
1996-11-15 05:00:00,5.8094729897,5.7420330048,5.700781846832342
1996-11-18 05:00:00,5.7564825092,5.7950196266,5.801191060100905
1996-11-19 05:00:00,5.7998347689,6.0069723129,5.951786072187431
1996-11-20 05:00:00,6.0117878626,5.905810833,5.980478979746977
1996-11-21 05:00:00,5.9539846481,5.7950196266,5.808929137657728
1996-11-22 05:00:00,5.8094713933,5.7998371124,5.814997899138916
1996-11-25 05:00:00,5.8239221737,5.9154472351,5.876560018881641
1996-11-26 05:00:00,5.9347169643,5.9250826836,5.920904687839638
1996-11-27 05:00:00,5.9395357049,5.9925236702,5.973901759839819
1996-11-29 05:00:00,5.9925225907,6.0455117226,6.039131569120769
1996-12-02 05:00:00,6.0695969813,6.0792312622,6.001539325968622
1996-12-03 05:00:00,6.1033174334,5.9612112045,6.013112952639837
1996-12-04 05:00:00,5.9780684867,5.905810833,5.881754888386581
1996-12-05 05:00:00,5.9106307288,5.8961787224,5.919796783496629
1996-12-06 05:00:00,5.7420321369,5.8913640976,5.881973429093442
1996-12-09 05:00:00,6.0406924541,6.3008179665,6.225957276266094
1996-12-10 05:00:00,6.5031380326,6.3104524612,6.341957340562537
1996-12-11 05:00:00,6.2430141054,6.4260654449,6.3429877547777735
1996-12-12 05:00:00,6.5513073368,6.2430105209,6.3046638515870015
1996-12-13 05:00:00,6.2526459187,6.1659374237,6.180552885008808
1996-12-16 05:00:00,6.1852070439,5.9154472351,5.969525223366674
1996-12-17 05:00:00,5.9058131022,6.1563043594,6.099036699702005
1996-12-18 05:00:00,6.271916155,6.3682589531,6.263654433351192
1996-12-19 05:00:00,6.474237501,6.541677475,6.475414566799515
1996-12-20 05:00:00,6.5898471969,6.445333004,6.457455502025255
1996-12-23 05:00:00,6.4838703383,6.4549674988,6.438503356807722
1996-12-24 05:00:00,6.483871783,6.541677475,6.477480937227611
1996-12-26 05:00:00,6.5705785291,6.5898470879,6.613544568752957
1996-12-27 05:00:00,6.5898482892,6.4935054779,6.506645970251988
1996-12-30 05:00:00,6.5802136724,6.4356994629,6.471627936550831
1996-12-31 05:00:00,6.474236031,6.3682589531,6.389881466722059
1997-01-02 05:00:00,6.4067952921,6.2911839485,6.250368679622028
1997-01-03 05:00:00,6.3393552856,6.5224065781,6.472459177857708
1997-01-06 05:00:00,6.5224066226,6.5031380653,6.460847378627271
1997-01-07 05:00:00,6.5127748405,6.5513119698,6.475561226747601
1997-01-08 05:00:00,6.5513110983,6.4260654449,6.441743594358627
1997-01-09 05:00:00,6.4549665494,6.3489894867,6.355430386126862
1997-01-10 05:00:00,6.3200884177,6.4935054779,6.437471061348759
1997-01-13 05:00:00,6.5609445771,6.4549674988,6.47615337237751
1997-01-14 05:00:00,6.4935045522,6.5802130699,6.63545033420295
1997-01-15 05:00:00,6.5994808065,6.5224065781,6.554251206317957
1997-01-16 05:00:00,6.5513117646,6.6283860207,6.678167551227283
1997-01-17 05:00:00,6.5994831821,6.7150945663,6.71827717674352
1997-01-20 05:00:00,6.7054597996,6.9944882393,7.0355224226825825
1997-01-21 05:00:00,6.9848545131,7.3220543861,7.18749182027517
1997-01-22 05:00:00,7.3316879579,7.5051050186,7.502788487321013
1997-01-23 05:00:00,7.5629109978,7.3027853966,7.425199457601195
1997-01-24 05:00:00,7.3316861209,7.3943095207,7.4410724033379125
1997-01-27 05:00:00,7.4376676929,7.4087648392,7.425778264139915
1997-01-28 05:00:00,7.5821791343,7.3702249527,7.368696909283102
1997-01-29 05:00:00,7.4569338747,7.4954710007,7.428961204424738
1997-01-30 05:00:00,7.572545654,7.79413414,7.7374323867017765
1997-01-31 05:00:00,7.8519398909,7.861574173,7.869912747719432
1997-02-03 05:00:00,7.909743355,7.8904747963,7.858359403545023
1997-02-04 05:00:00,7.8904713457,7.9482769966,7.821339371412478
1997-02-05 05:00:00,7.9482817438,7.5821790695,7.564734885128374
1997-02-06 05:00:00,7.5725450368,7.4858365059,7.433201990093082
1997-02-07 05:00:00,7.5821800867,7.7363286018,7.653427589686856
1997-02-10 05:00:00,7.765228813,7.5340061188,7.60717833527805
1997-02-11 05:00:00,7.5725469045,7.5918154716,7.3915293111002285
1997-02-12 05:00:00,7.5821745524,7.6977858543,7.623104579238827
1997-02-13 05:00:00,7.7459593678,7.7074222565,7.710211116928605
1997-02-14 05:00:00,7.6592548688,7.5436434746,7.613125847462356
1997-02-18 05:00:00,7.5243735809,7.5051050186,7.449385875569938
1997-02-19 05:00:00,7.5051028508,7.5147371292,7.49288581278212
1997-02-20 05:00:00,7.4665675952,7.3413219452,7.38989218595102
1997-02-21 05:00:00,7.3124201041,7.3220543861,7.28481538452408
1997-02-24 05:00:00,7.2642443344,7.7170553207,7.610669149821007
1997-02-25 05:00:00,7.7074242597,7.6688871384,7.695315704502747
1997-02-26 05:00:00,7.6688869957,7.7266926765,7.648205870495417
1997-02-27 05:00:00,7.7266962302,7.4087648392,7.450052392111758
1997-02-28 05:00:00,7.4087600671,7.5147371292,7.499559869386168
1997-03-03 05:00:00,7.4762015319,7.6688871384,7.640434080985834
1997-03-04 05:00:00,7.6496193659,7.6399850845,7.661391470601259
1997-03-05 05:00:00,7.6688880542,7.7748651505,7.742936947404914
1997-03-06 05:00:00,7.765228813,7.5340061188,7.576385700314496
1997-03-07 05:00:00,7.5821801211,7.4569344521,7.527840485091822
1997-03-10 05:00:00,7.4858338666,7.7074222565,7.589725269924351
1997-03-11 05:00:00,7.6785218785,7.5821790695,7.653523311016514
1997-03-12 05:00:00,7.5340101882,7.6110844612,7.639295622689957
1997-03-13 05:00:00,7.5725421953,7.678519249,7.669214642840252
1997-03-14 05:00:00,7.6881553151,7.6303496361,7.660997073778688
1997-03-17 05:00:00,7.5918136426,7.7459621429,7.695009040283438
1997-03-18 05:00:00,7.7555934698,7.678519249,7.652734239981974
1997-03-19 05:00:00,7.53400871,7.4569344521,7.380822785388496
1997-03-20 05:00:00,7.4472964865,7.3991250992,7.433391742818742
1997-03-21 05:00:00,7.4376625558,7.2449769974,7.239167387593142
1997-03-24 05:00:00,7.1775350326,6.9463124275,6.841786711251885
1997-03-25 05:00:00,6.9848547714,6.9607696533,6.915186307927243
1997-03-26 05:00:00,6.9944843525,7.2642440796,7.219858604549685
1997-03-27 05:00:00,7.3316884454,7.2257113457,7.123329222207744
1997-03-31 05:00:00,7.1775364965,7.066742897,7.137874777562104
1997-04-01 05:00:00,6.9463149677,7.187171936,7.140235273627738
1997-04-02 05:00:00,7.1582712512,7.0908312798,7.08068982548334
1997-04-03 05:00:00,7.0137584751,7.3316898346,7.253235186149752
1997-04-04 05:00:00,7.2257084173,7.259428978,7.406421003690568
1997-04-07 04:00:00,7.3702234768,7.3894920349,7.44987779880141
1997-04-08 04:00:00,7.4473003334,7.5725460052,7.47183206023962
1997-04-09 04:00:00,7.6399831413,7.5532746315,7.557553470948704
1997-04-10 04:00:00,7.53400871,7.4569344521,7.387040497453086
1997-04-11 04:00:00,7.3605915145,7.3220543861,7.429135708956608
1997-04-14 04:00:00,7.3027851144,7.5051050186,7.371541924081583
1997-04-15 04:00:00,7.5436421932,7.4858365059,7.4811377378607204
1997-04-16 04:00:00,7.4473003334,7.5725460052,7.535704976961014
1997-04-17 04:00:00,7.591814357,7.5629115105,7.617057476537283
1997-04-18 04:00:00,8.0157213377,8.2951154709,8.170317258147435
1997-04-21 04:00:00,8.2469440686,8.2951154709,8.485727357394822
1997-04-22 04:00:00,8.2951139806,8.5263366699,8.480347785281268
1997-04-23 04:00:00,8.5263386456,8.87317276,8.82120781616321
1997-04-24 04:00:00,8.988783358,8.7960977554,8.8137900117178
1997-04-25 04:00:00,8.7479254971,8.7575597763,8.845994624198397
1997-04-28 04:00:00,8.767195246,8.8539037704,8.709395166287067
1997-04-29 04:00:00,9.0465893004,9.1718349457,9.096838816992687
1997-04-30 04:00:00,9.1429297728,9.3645181656,9.3703173153486
1997-05-01 04:00:00,9.4030582491,9.3259840012,9.301628438410724
1997-05-02 04:00:00,9.4030587806,9.3067159653,9.296490598793838
1997-05-05 04:00:00,9.2200032807,9.2633581161,9.021467325266883
1997-05-06 04:00:00,9.2007398236,9.0417747498,9.029776002998716
1997-05-07 04:00:00,8.9695090092,8.9020690918,9.048365296868695
1997-05-08 04:00:00,8.8828063252,8.9695148468,9.049789632448267
1997-05-09 04:00:00,9.0947587301,8.998415947,8.979962584206916
1997-05-12 04:00:00,9.0562225624,9.104393959,9.085364465615342
1997-05-13 04:00:00,9.1236623472,9.0754909515,9.080352788608188
1997-05-14 04:00:00,9.1236663497,8.9309806824,8.961269637258319
1997-05-15 04:00:00,8.9406132815,9.0273218155,9.047030428165996
1997-05-16 04:00:00,8.9695152753,8.8972587585,8.910863825538158
1997-05-19 04:00:00,8.9502470077,8.87317276,8.946786862717381
1997-05-20 04:00:00,8.9309795356,9.181470871,9.09586142770253
1997-05-21 04:00:00,9.2970805648,9.2778120041,9.381735305774093
1997-05-22 04:00:00,9.3259838361,9.2970809937,9.283994026192865
1997-05-23 04:00:00,9.3548885988,9.4704999924,9.422282206998808
1997-05-27 04:00:00,9.460865403,9.7595281601,9.718408610249973
1997-05-28 04:00:00,9.8076953926,9.7017183304,9.65530994505339
1997-05-29 04:00:00,9.8076953926,9.7017183304,9.773329647692478
1997-05-30 04:00:00,9.0562217659,9.5572042465,9.549863123949208
1997-06-02 04:00:00,9.6342767303,9.5861053467,9.544478776317249
1997-06-03 04:00:00,9.5090358776,9.3067159653,9.339517756850498
1997-06-04 04:00:00,9.2970767019,9.1862831116,9.242616155118156
1997-06-05 04:00:00,9.2693829321,9.2922649384,9.29573648737788
1997-06-06 04:00:00,9.3548864949,9.5620241165,9.509982844375145
1997-06-09 04:00:00,9.6246447111,9.643913269,9.547835314228635
1997-06-10 04:00:00,9.6439142899,9.6198291779,9.673766959716893
1997-06-11 04:00:00,9.6198271231,9.7884263992,9.69566605119023
1997-06-12 04:00:00,9.7691578433,9.7884263992,9.765051762913977
1997-06-13 04:00:00,9.769160897,9.9907493591,9.959666175025689
1997-06-16 04:00:00,9.9907494898,10.125629425,10.050239951323412
1997-06-17 04:00:00,10.1352597731,10.3423967361,10.305362262522848
1997-06-18 04:00:00,10.2701422956,10.0341024399,10.08069135026615
1997-06-19 04:00:00,9.8944053088,9.9666624069,10.016035161033898
1997-06-20 04:00:00,9.9714802732,10.010017395,10.037987519781666
1997-06-23 04:00:00,10.0100154523,9.8703184128,9.988878169133216
1997-06-24 04:00:00,9.9811119192,10.1786146164,10.069289317755867
1997-06-25 04:00:00,10.2412379511,10.0533695221,10.067451074056912
1997-06-26 04:00:00,10.0292865156,9.8847723007,9.926969839787176
1997-06-27 04:00:00,9.9522129003,9.8269672394,9.885530769349288
1997-06-30 04:00:00,9.8558715203,9.7402601242,9.801253946029568
1997-07-01 04:00:00,9.7450784133,9.6294670105,9.566371562979704
1997-07-02 04:00:00,9.6824521424,9.8944063187,9.75701728322958
1997-07-03 04:00:00,10.0244675598,9.9859304428,9.925113376211812
1997-07-07 04:00:00,10.0678209863,9.9811124802,10.057030111356141
1997-07-08 04:00:00,9.971481187,10.1159954071,10.062615372550695
1997-07-09 04:00:00,10.2123383218,10.0774583817,10.027417846703848
1997-07-10 04:00:00,10.0581887973,10.010017395,10.00029130555744
1997-07-11 04:00:00,10.0389185852,10.0003814697,9.972609339250653
1997-07-14 04:00:00,10.0822732592,10.4772787094,10.378721400202224
1997-07-15 04:00:00,10.6410642631,10.672375679,10.622565678432927
1997-07-16 04:00:00,10.9734418945,11.4407043457,11.254464965944308
1997-07-17 04:00:00,11.5996686623,11.5225944519,11.3590239336108
1997-07-18 04:00:00,11.1757580496,10.8289241791,10.998506460136909
1997-07-21 04:00:00,10.8578327407,10.4772787094,10.405751330454464
1997-07-22 04:00:00,10.5495403791,11.1083288193,11.025468370997274
1997-07-23 04:00:00,11.1950334388,10.9011878967,11.021042679213593
1997-07-24 04:00:00,10.6651504817,10.6362476349,10.61069651286553
1997-07-25 04:00:00,10.6747770309,10.6747770309,10.823873824673356
1997-07-28 04:00:00,10.7325858217,10.5591688156,10.515807485004956
1997-07-29 04:00:00,10.5399036041,10.785577774,10.702907624075408
1997-07-30 04:00:00,10.8481990588,10.8771018982,10.854033864288006
1997-07-31 04:00:00,10.9445403729,10.8963689804,10.882275444918307
1997-08-01 04:00:00,10.8963705521,10.8385648727,10.783985010761555
1997-08-04 04:00:00,10.8096600867,10.9108200073,10.866064096686024
1997-08-05 04:00:00,10.9638058679,11.0456972122,11.079666717095215
1997-08-06 04:00:00,11.0456969546,11.0553312302,11.059615628914173
1997-08-07 04:00:00,11.1227796876,11.0938768387,10.979806028419183
1997-08-08 04:00:00,11.0071670796,10.7903957367,10.846738648224047
1997-08-11 04:00:00,10.790395616,10.6555156708,10.573146215744586
1997-08-12 04:00:00,10.7422232102,10.4820976257,10.53655546345253
1997-08-13 04:00:00,10.6458802677,10.4869146347,10.437117872571719
1997-08-14 04:00:00,10.4820961488,10.5013647079,10.408464315127276
1997-08-15 04:00:00,10.4435574809,10.2412376404,10.297887947359953
1997-08-18 04:00:00,10.2508736405,10.3183135986,10.176427379625721
1997-08-19 04:00:00,10.3857555535,10.6988697052,10.637897735281697
1997-08-20 04:00:00,10.7133193637,10.8337478638,10.688688434957626
1997-08-21 04:00:00,10.915638174,10.6266098022,10.696378966989492
1997-08-22 04:00:00,10.424289349,10.5784378052,10.490255293288428
1997-08-25 04:00:00,10.6266136667,10.5206365585,10.551534515411745
1997-08-26 04:00:00,10.4820949413,10.4050207138,10.456637618855197
1997-08-27 04:00:00,10.4242901871,10.371301651,10.284546110184209
1997-08-28 04:00:00,10.2894088124,10.1786146164,10.209587689792265
1997-08-29 04:00:00,10.1786143567,10.1882486343,10.270534309334877
1997-09-02 04:00:00,10.2605039644,10.5736179352,10.520076525071175
1997-09-03 04:00:00,10.6073440072,10.5254526138,10.592595034070442
1997-09-04 04:00:00,10.4820949739,10.6506948471,10.620121525964585
1997-09-05 04:00:00,10.7181356775,10.5832557678,10.576312239623434
1997-09-08 04:00:00,10.616973497,10.7374019623,10.74487061382073
1997-09-09 04:00:00,10.7325853874,10.7518539429,10.739362158028086
1997-09-10 04:00:00,10.7036811174,10.4146528244,10.474150258752118
1997-09-11 04:00:00,10.4050198098,10.544716835,10.413589977341523
1997-09-12 04:00:00,10.5495335476,10.6314249039,10.562053142659408
1997-09-15 04:00:00,10.453193515,10.0726394653,10.229607078037539
1997-09-16 04:00:00,10.1545257848,10.5109939575,10.42643273282561
1997-09-17 04:00:00,10.530266295,10.2653236389,10.280771425633475
1997-09-18 04:00:00,10.3472189245,10.1930704117,10.22011341769283
1997-09-19 04:00:00,10.1930671389,10.4194726944,10.361067685803306
1997-09-22 04:00:00,10.4050223435,10.2749595642,10.342937796108444
1997-09-23 04:00:00,10.2942264247,10.4435577393,10.385744088713452
1997-09-24 04:00:00,10.4531917149,10.2075176239,10.255029777033641
1997-09-25 04:00:00,10.2412388554,10.2316045761,10.266650008136082
1997-09-26 04:00:00,10.2990432219,10.2797746658,10.179178073652366
1997-09-29 04:00:00,10.2894104068,10.366484642,10.327057345562935
1997-09-30 04:00:00,10.3616663375,10.197883606,10.301700943284644
1997-10-01 04:00:00,10.2123365215,10.3183135986,10.262891902666126
1997-10-02 04:00:00,10.3086778917,10.2653236389,10.299252563275203
1997-10-03 04:00:00,10.4002065659,10.4002065659,10.380882107562911
1997-10-06 04:00:00,10.472458483,10.4146528244,10.392315211635903
1997-10-07 04:00:00,10.4050240942,10.5254526138,10.546209116212893
1997-10-08 04:00:00,10.5302665765,10.7133178711,10.656441663686053
1997-10-09 04:00:00,10.6747884918,10.7085084915,10.721552092009937
1997-10-10 04:00:00,10.6603336557,10.5206365585,10.555786641520214
1997-10-13 04:00:00,10.5591702923,10.5399017334,10.586578249439128
1997-10-14 04:00:00,10.5688085299,10.5350885391,10.4730812967493
1997-10-15 04:00:00,10.4628257751,10.4628257751,10.423805862445434
1997-10-16 04:00:00,10.4917252353,10.3207168579,10.27304175203939
1997-10-17 04:00:00,10.2605103861,10.1930704117,10.175258161304818
1997-10-20 04:00:00,10.2508753094,10.2219724655,10.032469096725592
1997-10-21 04:00:00,10.4917258003,10.6747770309,10.630177483649483
1997-10-22 04:00:00,10.6651457431,10.4580087662,10.48076338887195
1997-10-23 04:00:00,10.1737995482,10.4531936646,10.494443720351008
1997-10-24 04:00:00,10.5495408499,10.4339294434,10.339584564642493
1997-10-27 05:00:00,10.3953908112,9.9329452515,10.075386576448153
1997-10-28 05:00:00,10.1930661635,10.2797746658,9.793814003337566
1997-10-29 05:00:00,10.308677943,10.0870895386,10.155280745462022
1997-10-30 05:00:00,9.9811143161,9.9136743546,10.031934619860117
1997-10-31 05:00:00,10.0967256546,10.019651413,10.03995330164227
1997-11-03 05:00:00,10.1448941777,10.3375797272,10.286039874577938
1997-11-04 05:00:00,10.3279461426,10.3472146988,10.334511932084247
1997-11-05 05:00:00,10.3664856564,10.2942285538,10.246700618075344
1997-11-06 05:00:00,10.2701402566,10.1786146164,10.19029623789612
1997-11-07 05:00:00,10.0244671978,10.1400785446,10.13190238165361
1997-11-10 05:00:00,10.1448966579,10.0341024399,10.078443498516862
1997-11-11 05:00:00,10.0533719889,10.06782341,10.047163130074352
1997-11-12 05:00:00,10.0292874102,9.9570302963,10.011411056002366
1997-11-13 05:00:00,10.0244671978,10.1400785446,10.064509646225062
1997-11-14 05:00:00,10.1448967849,10.2749595642,10.26736396184328
1997-11-17 05:00:00,10.3664819578,10.3953847885,10.37959354811187
1997-11-18 05:00:00,10.4002008714,10.3279438019,10.35975737112615
1997-11-19 05:00:00,10.2990444656,10.4098386765,10.376218656592343
1997-11-20 05:00:00,10.4242910638,10.549536705,10.516233130987224
1997-11-21 05:00:00,10.6217926627,10.6266098022,10.542636325826152
1997-11-24 05:00:00,10.5688033579,10.4435577393,10.526671336808064
1997-11-25 05:00:00,10.4724609046,10.7133178711,10.67165054003123
1997-11-26 05:00:00,10.7133173052,10.9108200073,10.841880558633434
1997-11-28 05:00:00,10.8867372978,10.9060058594,10.94241143088982
1997-12-01 05:00:00,10.9397210428,11.0842351913,11.047704090251194
1997-12-02 05:00:00,11.0649670134,10.963807106,11.046432474631267
1997-12-03 05:00:00,10.9204600559,11.1516828537,11.08364647463349
1997-12-04 05:00:00,11.1564977964,10.9878978729,11.065810232535583
1997-12-05 05:00:00,10.9541738702,11.0312480927,11.116578780545709
1997-12-08 05:00:00,11.0601541668,11.2624740601,11.228645396559337
1997-12-09 05:00:00,11.1757607375,11.1227722168,11.104572200869598
1997-12-10 05:00:00,10.963807106,10.963807106,10.946501544081016
1997-12-11 05:00:00,10.8192967301,10.7181367874,10.76284330806567
1997-12-12 05:00:00,10.6169759691,10.5399017334,10.551623438942535
1997-12-15 05:00:00,10.5158183012,10.4917325974,10.329369583182988
1997-12-16 05:00:00,10.4724626408,10.7181367874,10.691152349564298
1997-12-17 05:00:00,10.7807591803,10.4531936646,10.52994290563236
1997-12-18 05:00:00,10.3664836137,10.0870895386,10.116254453709502
1997-12-19 05:00:00,9.9233065953,9.9184894562,9.850102098846364
1997-12-22 05:00:00,9.9522091244,9.7884263992,9.796217696106268
1997-12-23 05:00:00,9.7932455278,9.5042171478,9.603238925944467
1997-12-24 05:00:00,9.5379371258,9.1670179367,9.173596639983039
1997-12-26 05:00:00,9.1622017422,9.3067159653,9.268882193896232
1997-12-29 05:00:00,9.4319589308,9.7354393005,9.682428006739507
1997-12-30 05:00:00,9.7450763575,10.0389213562,10.011345166823759
1997-12-31 05:00:00,10.0967224165,9.9618425369,9.99935493724378
1998-01-02 05:00:00,9.9907509528,10.1063623428,10.098415948674095
1998-01-05 05:00:00,10.1159924629,10.0485525131,10.043028895791096
1998-01-06 05:00:00,10.0003852353,10.1063623428,10.167077540919614
1998-01-07 05:00:00,10.0100161409,9.9859304428,9.937454343030083
1998-01-08 05:00:00,9.9136742367,10.0581884384,10.054827028341805
1998-01-09 05:00:00,10.0244662091,9.7884263992,9.841775027506529
1998-01-12 05:00:00,9.6053756204,9.9811124802,9.916685607032385
1998-01-13 05:00:00,9.9811136612,10.1834335327,10.06063237390812
1998-01-14 05:00:00,10.1834366028,10.1063623428,10.021759517132622
1998-01-15 05:00:00,10.0485522919,10.197883606,10.17740497759958
1998-01-16 05:00:00,10.2027003567,10.4242887497,10.38289087676192
1998-01-20 05:00:00,10.3375824857,10.6217937469,10.566929310734466
1998-01-21 05:00:00,10.5784373718,10.5591688156,10.547685834434517
1998-01-22 05:00:00,10.448377838,10.6844177246,10.69626506612127
1998-01-23 05:00:00,10.694052798,10.6555156708,10.605719457440706
1998-01-26 05:00:00,10.7807606314,10.9252748489,10.812708756157207
1998-01-27 05:00:00,10.9734419619,11.1902132034,11.136151567484148
1998-01-28 05:00:00,11.2721117711,11.4840660095,11.424077171992792
1998-01-29 05:00:00,11.4792380136,11.4262495041,11.461735415326558
1998-01-30 05:00:00,11.455163712,11.4985179901,11.477418147098952
1998-02-02 05:00:00,11.6960182944,11.9368753433,11.82359061272858
1998-02-03 05:00:00,11.956138009,12.0139436722,11.93595208137058
1998-02-04 05:00:00,12.0139502711,12.0862073898,12.094523397609947
1998-02-05 05:00:00,12.1873674059,11.9802303314,12.010754103510124
1998-02-06 05:00:00,11.9754047891,12.1873588562,12.137943811131372
1998-02-09 05:00:00,12.2355331512,12.1151046753,12.04489779837209
1998-02-10 05:00:00,12.1199213429,12.2740697861,12.228497281180559
1998-02-11 05:00:00,12.2837056712,12.2499856949,12.180008343583296
1998-02-12 05:00:00,12.182546132,12.235534668,12.134752298630104
1998-02-13 05:00:00,12.2259020601,12.1391935349,12.157040680409573
1998-02-17 05:00:00,12.2162657085,11.8983345032,11.920599727753327
1998-02-18 05:00:00,11.9176082611,11.9176082611,11.948531233340084
1998-02-19 05:00:00,11.9850467531,11.9368753433,11.942426922158617
1998-02-20 05:00:00,11.98503762,11.9561347961,11.834160141465418
1998-02-23 05:00:00,12.4763908321,12.582367897,12.369414596621404
1998-02-24 05:00:00,12.8521275179,12.6594419479,12.852248426514691
1998-02-25 05:00:00,12.8617662047,13.0929889679,13.008041145192493
1998-02-26 05:00:00,13.1796941757,13.1796941757,13.070291664129407
1998-02-27 05:00:00,13.1893268082,13.064081192,13.118372212593911
1998-03-02 05:00:00,13.2375024021,12.8424968719,12.878097593328235
1998-03-03 05:00:00,12.7365130221,13.0255413055,12.96871031319418
1998-03-04 05:00:00,12.7076096922,12.6883411407,12.76601108448861
1998-03-05 05:00:00,12.216268928,12.3415145874,12.486284628146365
1998-03-06 05:00:00,12.3800481194,12.7557849884,12.67245675354934
1998-03-09 05:00:00,12.7172457063,12.2692518234,12.332865769579513
1998-03-10 05:00:00,12.5149256159,12.5630970001,12.395534842129237
1998-03-11 05:00:00,12.6401726969,12.4378528595,12.353129488261999
1998-03-12 05:00:00,12.7172477082,12.6209049225,12.518526046362496
1998-03-13 05:00:00,12.7076132518,12.6979789734,12.667483024658296
1998-03-16 05:00:00,12.7076167406,12.6401767731,12.612811974589398
1998-03-17 05:00:00,12.5919977821,12.3896780014,12.337373517934992
1998-03-18 05:00:00,12.3415104205,12.6016359329,12.534262266443179
1998-03-19 05:00:00,12.5631025245,12.6401767731,12.634308320083335
1998-03-20 05:00:00,12.6594489996,12.6112775803,12.559729912624682
1998-03-23 05:00:00,12.5149244011,12.9291982651,12.920643870498047
1998-03-24 05:00:00,12.9773775863,13.0929889679,12.99170275580532
1998-03-25 05:00:00,13.950438927,13.6903133392,13.588103571927292
1998-03-26 05:00:00,13.6421376139,13.603600502,13.64751464246202
1998-03-27 05:00:00,13.7770242114,13.5361671448,13.548164968865635
1998-03-30 05:00:00,13.5747008802,13.5554323196,13.527481940840858
1998-03-31 05:00:00,13.6614095192,13.796289444,13.788055240151266
1998-04-01 05:00:00,13.8444543518,13.9311628342,13.77915923079086
1998-04-02 05:00:00,13.9793398431,14.0756826401,14.0322127209853
1998-04-03 05:00:00,14.1816612162,14.3358097076,14.252631590557058
1998-04-06 04:00:00,14.2780074623,13.8637332916,13.822410577979198
1998-04-07 04:00:00,13.7673884627,13.4494571686,13.600255956272946
1998-04-08 04:00:00,13.372376901,13.7095766068,13.635107544373284
1998-04-09 04:00:00,13.5554279136,13.7192106247,13.709566720952296
1998-04-13 04:00:00,13.690308396,13.6614055634,13.45160819107609
1998-04-14 04:00:00,13.6710415783,13.6325044632,13.629357791870262
1998-04-15 04:00:00,13.7577511543,14.085316658,13.97330494560584
1998-04-16 04:00:00,13.9311640765,14.1334838867,14.118225461805508
1998-04-17 04:00:00,14.1045877827,14.2009305954,14.048260432185728
1998-04-20 04:00:00,14.2394648858,14.5862989426,14.540583026575149
1998-04-21 04:00:00,14.5959283712,14.6248311996,14.43841524579048
1998-04-22 04:00:00,14.798258052,15.241435051,15.136318066162787
1998-04-23 04:00:00,14.9909323435,14.567024231,14.610204626010926
1998-04-24 04:00:00,14.4128847834,14.2009305954,14.36072542038292
1998-04-27 04:00:00,13.7962917341,13.9215373993,13.798062257956076
1998-04-28 04:00:00,14.2009266268,13.854092598,13.819260042464983
1998-04-29 04:00:00,13.8829985343,13.9504384995,14.00720920241261
1998-04-30 04:00:00,14.1045789097,13.892624855,13.891267778773042
1998-05-01 04:00:00,13.902262161,13.8155536652,13.67897253059634
1998-05-04 04:00:00,13.7481183593,13.5747013092,13.675669044666918
1998-05-05 04:00:00,13.5072636088,13.5265321732,13.667305603273753
1998-05-06 04:00:00,13.4879903062,13.314573288,13.299382858834903
1998-05-07 04:00:00,13.2856735361,12.8521308899,12.909548238718813
1998-05-08 04:00:00,12.6209095268,13.2182350159,13.141524932095727
1998-05-11 04:00:00,13.2760393895,12.9870109558,13.02168811560442
1998-05-12 04:00:00,12.832860283,13.2085971832,13.141505388555501
1998-05-13 04:00:00,13.6710430998,13.4012832642,13.400923167209164
1998-05-14 04:00:00,13.2374970187,13.7095766068,13.856836790757036
1998-05-15 04:00:00,13.8926363558,13.7866592407,13.728327072545895
1998-05-18 04:00:00,13.0255499502,13.2664070129,13.27378923633097
1998-05-19 04:00:00,13.2278642613,13.3338413239,13.337756733959353
1998-05-20 04:00:00,13.2760407084,13.2182350159,13.275562048794008
1998-05-21 04:00:00,13.2278647789,13.314573288,13.382693726130668
1998-05-22 04:00:00,13.3531157673,13.189332962,13.220101860459174
1998-05-26 04:00:00,13.1507915552,12.890666008,13.027299268299416
1998-05-27 04:00:00,12.775057941,13.2567720413,13.174586756859455
1998-05-28 04:00:00,13.2182336016,13.304942131,13.21064656658551
1998-05-29 04:00:00,13.3145721593,13.07371521,13.12467931710082
1998-06-01 04:00:00,12.9292035573,12.9099349976,12.92641792629145
1998-06-02 04:00:00,12.9581057503,13.1796941757,13.166749010145082
1998-06-03 04:00:00,13.2374990829,12.9966421127,13.084332081123634
1998-06-04 04:00:00,13.0544527978,13.2664070129,13.096488629388631
1998-06-05 04:00:00,13.2375033752,13.2953090668,13.173106009995664
1998-06-08 04:00:00,13.1989629037,13.2085971832,13.2070513602322
1998-06-09 04:00:00,13.1507858679,13.420545578,13.421372177935943
1998-06-10 04:00:00,13.3531148614,13.2567720413,13.473997540300473
1998-06-11 04:00:00,13.3242062621,13.1507892609,13.2431342221102
1998-06-12 04:00:00,13.0833550667,13.2182350159,13.12704425874761
1998-06-15 04:00:00,13.0544439212,13.2471294403,13.362272870070314
1998-06-16 04:00:00,13.3049387189,13.854092598,13.64502578958843
1998-06-17 04:00:00,13.8637285789,14.0371456146,14.141662185269467
1998-06-18 04:00:00,13.9986127229,14.0564184189,14.062325913196666
1998-06-19 04:00:00,14.3165426059,14.5959367752,14.502442997654796
1998-06-22 04:00:00,14.6055710775,14.7693538666,14.619132603703235
1998-06-23 04:00:00,14.769348561,15.530456543,15.317977043851506
1998-06-24 04:00:00,15.6749759956,16.1759586334,15.87335583552857
1998-06-25 04:00:00,16.3204668145,15.6557016373,15.866781420752766
1998-06-26 04:00:00,15.7616772563,16.0988769531,16.02616766308286
1998-06-29 04:00:00,16.2626605608,16.5613231659,16.50500821272864
1998-06-30 04:00:00,16.2241270776,16.7058410645,16.5541432518349
1998-07-01 04:00:00,16.8214558541,16.859992981,16.701245904037307
1998-07-02 04:00:00,16.7732838684,16.5324268341,16.602119859006038
1998-07-06 04:00:00,16.4746150141,16.6191291809,16.43356425025339
1998-07-07 04:00:00,16.619130567,16.6383991241,16.54955311112664
1998-07-08 04:00:00,16.6673015165,16.9370613098,16.74124940799075
1998-07-09 04:00:00,16.9563365627,17.1104850769,17.176770514377594
1998-07-10 04:00:00,17.1297464355,17.4476776123,17.235640602504056
1998-07-13 04:00:00,17.5921981767,18.1220836639,18.038609774619786
1998-07-14 04:00:00,18.2280575666,17.9582977295,17.94333679044547
1998-07-15 04:00:00,17.8812292909,18.0931835175,18.086524210506006
1998-07-16 04:00:00,18.1991606307,18.0931835175,18.122801922166722
1998-07-17 04:00:00,18.1124402053,18.1798801422,18.178906916688632
1998-07-20 04:00:00,18.21842695,18.0353755951,18.210845053939934
1998-07-21 04:00:00,18.0161016364,17.3898735046,17.71709754209762
1998-07-22 04:00:00,17.2646267419,17.9968318939,17.89579154825421
1998-07-23 04:00:00,17.9293903566,17.4187736511,17.654616419761552
1998-07-24 04:00:00,17.5343873277,17.5440216064,17.610444892472287
1998-07-27 04:00:00,17.4380437516,17.9968318939,17.57194726346747
1998-07-28 04:00:00,17.8812202165,17.3031635284,17.4791829172091
1998-07-29 04:00:00,17.4573049734,17.0622997284,17.175470161418716
1998-07-30 04:00:00,17.2549929059,17.4862155914,17.316099434337808
1998-07-31 04:00:00,17.40914264,16.9466972351,17.100446874001747
1998-08-03 04:00:00,16.8214425606,16.7154655457,16.816542015914138
1998-08-04 04:00:00,16.7443831594,16.1085205078,16.299320297777157
1998-08-05 04:00:00,16.050709893,16.0796127319,15.976703227614934
1998-08-06 04:00:00,15.9928993537,16.4746131897,16.37243418119671
1998-08-07 04:00:00,16.5613355592,16.3204784393,16.27029280532402
1998-08-10 04:00:00,16.3108310483,16.0988769531,16.20245081330475
1998-08-11 04:00:00,15.858027944,15.9447364807,15.935331611907529
1998-08-12 04:00:00,16.0796152951,16.1952266693,16.02455545032511
1998-08-13 04:00:00,16.0507095553,16.0218067169,16.23867055017287
1998-08-14 04:00:00,16.1374090959,16.0699691772,16.038021196909867
1998-08-17 04:00:00,15.954364179,16.54205513,16.368512007954962
1998-08-18 04:00:00,16.6287643968,17.1490154266,17.05129296550622
1998-08-19 04:00:00,17.3031667879,17.0430412292,17.114775365633704
1998-08-20 04:00:00,16.9755949331,17.3513317108,17.247488111499862
1998-08-21 04:00:00,17.1297475696,17.0526733398,16.922753355551293
1998-08-24 04:00:00,17.004504895,17.0141391754,17.178980222552
1998-08-25 04:00:00,17.1682850888,17.3898735046,17.426867607525793
1998-08-26 04:00:00,17.1490119074,17.3513317108,17.41407146796751
1998-08-27 04:00:00,17.0430410067,16.8407211304,17.050864122441595
1998-08-28 04:00:00,16.686570274,16.2241249084,16.40870049400513
1998-08-31 04:00:00,16.1663210108,14.7886190414,15.187437709058166
1998-09-01 04:00:00,14.682645275,15.6075363159,15.381139092799337
1998-09-02 04:00:00,15.6942468226,15.5015611649,15.795736922991082
1998-09-03 04:00:00,15.2221582639,15.2992324829,15.424293396372924
1998-09-04 04:00:00,15.3666777629,14.8945980072,14.980588842966718
1998-09-08 04:00:00,15.4148486433,15.718328476,15.551720882053559
1998-09-09 04:00:00,15.7616834641,15.7616834641,15.95472171401989
1998-09-10 04:00:00,15.4148452039,15.530456543,15.389312884237967
1998-09-11 04:00:00,15.5882554729,16.0699691772,15.891539782720756
1998-09-14 04:00:00,16.1759560862,16.3397388458,16.434978502447258
1998-09-15 04:00:00,16.3204719953,16.6962089539,16.54341232505857
1998-09-16 04:00:00,16.6287619041,16.6769332886,16.487203999105063
1998-09-17 04:00:00,16.2337643224,16.1759586334,16.322331856892177
1998-09-18 04:00:00,16.3012005273,16.2433948517,16.184689791544272
1998-09-21 04:00:00,15.8002207591,16.6287689209,16.46754243095124
1998-09-22 04:00:00,16.7154738585,16.8310852051,16.68066963156774
1998-09-23 04:00:00,16.898525685,17.5151195526,17.27808132384486
1998-09-24 04:00:00,17.4380387946,16.9755935669,17.09503048107512
1998-09-25 04:00:00,16.8214518799,17.4284114838,17.25178881629578
1998-09-28 04:00:00,17.4187768918,17.1586513519,17.17425326154452
1998-09-29 04:00:00,17.2357228935,17.3995056152,17.454869716113976
1998-09-30 04:00:00,17.312799314,16.965965271,17.178836010476587
1998-10-01 04:00:00,16.6576765398,16.0410823822,16.314280325391294
1998-10-02 04:00:00,15.9351031039,16.0507144928,15.855538374770695
1998-10-05 04:00:00,15.8002173864,15.5978975296,15.075263466532093
1998-10-06 04:00:00,15.8002239916,15.0487499237,15.279888561730154
1998-10-07 04:00:00,15.010208411,14.5092258453,14.786664107589715
1998-10-08 04:00:00,13.9600755922,14.0564184189,13.760695898007548
1998-10-09 04:00:00,14.3647088039,14.933131218,14.712555157755801
1998-10-12 04:00:00,15.2992408556,15.3763151169,15.422436050247818
1998-10-13 04:00:00,15.3377688464,14.8656892776,14.889391868826124
1998-10-14 04:00:00,14.7789859938,15.4437513351,15.453752830774391
1998-10-15 04:00:00,15.4341115222,16.2530250549,16.044704356385665
1998-10-16 04:00:00,16.3397408871,16.1952266693,16.1502046366938
1998-10-19 04:00:00,16.0507089642,15.8676576614,15.677869330562544
1998-10-20 04:00:00,15.9158308001,15.4533853531,15.469219903716677
1998-10-21 04:00:00,16.1663181195,16.4071750641,16.182837505753696
1998-10-22 04:00:00,16.3397373893,16.9563312531,16.75218450415411
1998-10-23 04:00:00,16.8021807194,16.3975410461,16.56828151056022
1998-10-26 05:00:00,16.4649838472,16.5035209656,16.472635811585214
1998-10-27 05:00:00,16.6094932986,16.2530250549,16.277373203859263
1998-10-28 05:00:00,16.1663231063,16.2915687561,16.38797697561244
1998-10-29 05:00:00,16.2530296209,16.4360809326,16.512683282613644
1998-10-30 05:00:00,16.5324327048,16.3204784393,16.379942811439378
1998-11-02 05:00:00,16.397537646,16.3108291626,16.289260454904934
1998-11-03 05:00:00,16.2626641965,16.2144927979,16.303631219605045
1998-11-04 05:00:00,16.3108304564,16.2626590729,16.38055310799468
1998-11-05 05:00:00,16.2337583212,16.3975410461,16.51558743810603
1998-11-06 05:00:00,16.349368904,16.8503513336,16.78996218910722
1998-11-09 05:00:00,16.831077146,17.0622997284,17.057862093879848
1998-11-10 05:00:00,16.9756025877,17.2742652893,17.379583025610636
1998-11-11 05:00:00,17.4862218104,17.1201190948,17.323508246767908
1998-11-12 05:00:00,16.9948659305,16.7636432648,16.884060464582276
1998-11-13 05:00:00,16.715474275,16.9563312531,16.967558400750143
1998-11-16 05:00:00,17.1586522886,16.7732810974,16.72705790509802
1998-11-17 05:00:00,16.8021807282,17.2453575134,17.213534339289083
1998-11-18 05:00:00,16.8888923421,16.9177951813,17.02425414553413
1998-11-19 05:00:00,16.8118136521,17.2260875702,17.238877061557687
1998-11-20 05:00:00,17.3802396441,17.5151195526,17.31752692001737
1998-11-23 05:00:00,17.3416967847,18.3725643158,18.28478591654296
1998-11-24 05:00:00,18.2954893421,18.7579345703,19.072426317294394
1998-11-25 05:00:00,18.9120894994,19.1529464722,18.877736737171503
1998-11-27 05:00:00,19.287825732,19.7406368256,19.55922847178328
1998-11-30 05:00:00,19.9429571922,18.8061122894,19.098717949951393
1998-12-01 05:00:00,18.5363517489,19.9622249603,19.68442397190813
1998-12-02 05:00:00,19.9140496988,19.538312912,19.517126362861106
1998-12-03 05:00:00,19.5575854966,18.8253803253,19.18788150844621
1998-12-04 05:00:00,19.2589257084,19.6346626282,19.44584186137928
1998-12-07 05:00:00,19.6828347547,20.5884571075,20.309857412026318
1998-12-08 05:00:00,20.4824823958,20.2223567963,20.25783725631463
1998-12-09 05:00:00,20.366870286,20.5980930328,20.309889078869915
1998-12-10 05:00:00,20.5210140618,20.2801570892,20.490192141562176
1998-12-11 05:00:00,20.1934423589,20.6558876038,20.62236528680156
1998-12-14 05:00:00,20.4632082605,19.7213687897,19.94137421814259
1998-12-15 05:00:00,19.9333273802,20.328332901,20.265028794497596
1998-12-16 05:00:00,20.4246716722,20.617357254,20.319068924131898
1998-12-17 05:00:00,20.6848041233,20.7137069702,20.531288036198
1998-12-18 05:00:00,20.810044892,21.2435874939,21.105454867939372
1998-12-21 05:00:00,21.3688335648,21.6482276917,21.702804325057997
1998-12-22 05:00:00,21.657864683,21.3399333954,21.267870304219457
1998-12-23 05:00:00,21.638586183,22.1299343109,21.941480605869344
1998-12-24 05:00:00,22.139578133,21.8505496979,21.925536828876673
1998-12-28 05:00:00,22.0432345932,21.9468917847,21.94058656455634
1998-12-29 05:00:00,21.9757794061,21.6578483582,21.61052017679461
1998-12-30 05:00:00,21.715664102,21.4266357422,21.773160494814846
1998-12-31 05:00:00,21.4555379722,21.3784637451,21.415524853622372
1999-01-04 05:00:00,21.5205673641,21.7349300385,22.189951966600688
1999-01-05 05:00:00,21.8698044279,22.5827407837,22.571957009823265
1999-01-06 05:00:00,23.0451855242,23.3149452209,22.948093409918446
1999-01-07 05:00:00,23.0837370787,23.1993484497,23.012642874133526
1999-01-08 05:00:00,23.4594805783,23.103012085,22.841595590600583
1999-01-11 05:00:00,23.2571592428,22.736907959,22.42197867457395
1999-01-12 05:00:00,22.8332404839,21.9179840088,21.925024980143192
1999-01-13 05:00:00,20.9641858117,22.1684703827,22.40423756386093
1999-01-14 05:00:00,22.3900694435,21.8505496979,21.95765160506798
1999-01-15 05:00:00,22.0335889062,23.0837249756,22.703483994690835
1999-01-19 05:00:00,23.3342278155,23.989358902,24.136112904408456
1999-01-20 05:00:00,25.7331550358,25.0683898926,25.27400561045359
1999-01-21 05:00:00,24.9335166097,24.4036312103,24.62323214641212
1999-01-22 05:00:00,23.9893486862,24.085691452,24.518339609774372
1999-01-25 05:00:00,24.9238921773,24.9527950287,24.80791328865417
1999-01-26 05:00:00,25.5115713373,26.4460964203,26.160139031330154
1999-01-27 05:00:00,26.5906095116,25.9932842255,26.32777029227846
1999-01-28 05:00:00,26.4749929658,26.8218269348,26.5254204816992
1999-01-29 05:00:00,26.9374436433,26.9759807587,26.501770683926146
1999-02-01 05:00:00,27.0434255748,26.6580543518,26.525608809738426
1999-02-02 05:00:00,26.5906177324,25.8391437531,25.80811249068556
1999-02-03 05:00:00,25.6464520265,25.713891983,26.04287857944404
1999-02-04 05:00:00,25.9162179089,24.5192470551,24.76593583886566
1999-02-05 05:00:00,24.7022868037,24.6637496948,24.190370981395247
1999-02-08 05:00:00,25.0587617806,25.4730358124,25.320783877181643
1999-02-09 05:00:00,25.424869121,24.6733951569,24.99122428633663
1999-02-10 05:00:00,24.6444804581,24.7600917816,25.04731960326866
1999-02-11 05:00:00,25.0876636505,25.0876636505,24.935601656730952
1999-02-12 05:00:00,24.923884747,24.3169250488,24.593573034384967
1999-02-16 05:00:00,24.6252109406,24.085691452,23.985973543604604
1999-02-17 05:00:00,23.5750797717,23.1222686768,23.160871827674224
1999-02-18 05:00:00,23.2667873859,22.4671421051,22.434469720649673
1999-02-19 05:00:00,22.7272669079,22.7754383087,22.74508241043289
1999-02-22 05:00:00,22.85251951,22.9392280579,22.50618275034033
1999-02-23 05:00:00,23.5750893615,23.9604606628,23.60259494561835
1999-02-24 05:00:00,24.1146066218,23.5654525757,24.010690089937505
1999-02-25 05:00:00,23.4883719205,23.6617889404,23.316012808612587
1999-02-26 05:00:00,23.4883746069,23.1415405273,23.148190254041104
1999-03-01 05:00:00,23.054832812,23.3920326233,23.428140162519743
1999-03-02 05:00:00,23.4112973147,22.900680542,23.15010090786206
1999-03-03 05:00:00,22.9681141789,23.0644569397,22.9385810511212
1999-03-04 05:00:00,23.2956896298,23.4691066742,23.211895142092608
1999-03-05 05:00:00,23.8544742389,23.8833770752,23.73774040416458
1999-03-08 05:00:00,23.9700895225,24.5096092224,24.376708682331543
1999-03-09 05:00:00,24.6445019789,24.9431648254,25.238960292656767
1999-03-10 05:00:00,25.0202198885,24.875705719,24.65695908497981
1999-03-11 05:00:00,24.8179054984,24.885345459,25.05042725491385
1999-03-12 05:00:00,25.068411785,24.6926746368,24.348510036540386
1999-03-15 05:00:00,24.750462292,25.5693759918,25.080380118427623
1999-03-16 05:00:00,25.5115797004,26.0607337952,25.915449401809223
1999-03-17 05:00:00,26.0607247221,25.7620620728,25.826985730064756
1999-03-18 05:00:00,25.656087518,26.5809783936,26.387096636096675
1999-03-19 05:00:00,26.8025566566,26.3882827759,26.33532677164689
1999-03-22 05:00:00,26.6580529687,26.6387844086,26.800705719448736
1999-03-23 05:00:00,26.6195212731,25.6753616333,25.979439170416864
1999-03-24 05:00:00,25.7427971722,26.3979282379,25.8438390292667
1999-03-25 05:00:00,26.6773203048,27.7370910645,27.4750587481721
1999-03-26 05:00:00,27.5829559621,27.4577102661,27.366208303325312
1999-03-29 05:00:00,27.7852688558,28.478937149,27.830285472678298
1999-03-30 05:00:00,28.7872307839,28.6716194153,28.54969186494625
1999-03-31 05:00:00,29.134054591,27.6311073303,27.792740011033974
1999-04-01 05:00:00,28.1321079154,28.5752849579,28.294135433652137
1999-04-05 04:00:00,29.0762638634,29.2689495087,29.060476832804262
1999-04-06 04:00:00,29.3460138847,28.9991798401,28.973837788135906
1999-04-07 04:00:00,29.2496658295,28.7679519653,28.36315422279236
1999-04-08 04:00:00,28.7486882282,29.1533279419,28.521992774690517
1999-04-09 04:00:00,29.0569763184,29.0569763184,28.938869045213753
1999-04-12 04:00:00,28.2477110637,28.6716194153,28.691625448139657
1999-04-13 04:00:00,28.7101401304,27.7852497101,27.71147993757367
1999-04-14 04:00:00,27.9972084926,26.4749927521,26.81368563483524
1999-04-15 04:00:00,26.9181806723,27.3998947144,26.668802481537533
1999-04-16 04:00:00,27.4576884844,26.7062149048,26.667555277516094
1999-04-19 04:00:00,26.7832858769,24.9720420837,25.41975001766092
1999-04-20 04:00:00,25.3574108726,25.6271705627,25.217638049249153
1999-04-21 04:00:00,25.3188906705,25.2803535461,24.878056303071382
1999-04-22 04:00:00,26.2052464994,26.1859779358,25.865052398532836
1999-04-23 04:00:00,26.2052470584,26.5135440826,26.192068700846907
1999-04-26 04:00:00,26.8796432831,27.1301345825,27.21258298836162
1999-04-27 04:00:00,27.361360618,25.8969497681,26.133764105146398
1999-04-28 04:00:00,26.3015803028,25.3188838959,25.67738264559332
1999-04-29 04:00:00,25.395958647,25.29961586,25.223191829416077
1999-04-30 04:00:00,25.5115666547,25.0683898926,25.02769184612566
1999-05-03 04:00:00,25.1069313939,24.6252174377,24.395194963477007
1999-05-04 04:00:00,24.8179068401,24.0664329529,24.441477326257008
1999-05-05 04:00:00,24.3939990997,24.3939990997,23.896875468498184
1999-05-06 04:00:00,24.8757037382,24.0278873444,24.17345468110001
1999-05-07 04:00:00,24.5481346764,24.3747177124,24.327241393971388
1999-05-10 04:00:00,24.6252190085,24.5674133301,24.374099792348098
1999-05-11 04:00:00,24.8949772532,24.6252174377,24.638206288005655
1999-05-12 04:00:00,24.8949777532,24.8179035187,24.585702923400955
1999-05-13 04:00:00,25.0105930738,24.3939990997,24.66250337465242
1999-05-14 04:00:00,24.3169247046,23.7003307343,24.00916951805201
1999-05-17 04:00:00,23.8544793724,24.3939990997,24.306173477915546
1999-05-18 04:00:00,24.6059492731,24.2591152191,24.244378786560194
1999-05-19 04:00:00,24.6252183305,24.4518013,23.962702999218234
1999-05-20 04:00:00,24.5288790942,24.1820449829,24.34583565728484
1999-05-21 04:00:00,24.2012978307,23.9122695923,23.951833718410185
1999-05-24 04:00:00,24.008622617,23.8159370422,23.556469431582457
1999-05-25 04:00:00,23.661791223,23.507642746,24.12409765248964
1999-05-26 04:00:00,23.7966732311,24.2013130188,23.695077285339462
1999-05-27 04:00:00,24.1242322055,24.1627693176,24.23627896465051
1999-05-28 04:00:00,24.2783804848,24.875705719,24.65046722162622
1999-06-01 04:00:00,24.8564441037,24.2013130188,24.338187317370053
1999-06-02 04:00:00,24.0664336125,24.1820449829,23.750777474655635
1999-06-03 04:00:00,24.1627687838,23.5461750031,23.733560818765927
1999-06-04 04:00:00,23.7196014147,24.528881073,24.35627794673017
1999-06-07 04:00:00,24.6444885738,24.7408313751,24.741994837895664
1999-06-08 04:00:00,24.6252178042,24.4710693359,24.96308191115608
1999-06-09 04:00:00,24.7022829802,25.3766822815,25.29573003271094
1999-06-10 04:00:00,25.2418113016,24.6252174377,24.63742549225299
1999-06-11 04:00:00,24.6637480469,24.085691452,24.171262556526116
1999-06-14 04:00:00,24.2783720276,23.9122695923,24.183824610221507
1999-06-15 04:00:00,24.0664265373,23.9508152008,23.92507174848087
1999-06-16 04:00:00,24.374717003,24.9720420837,24.982933516250533
1999-06-17 04:00:00,24.8757214237,25.5501213074,25.407660826497825
1999-06-18 04:00:00,25.3766996005,26.205247879,26.0001865223282
1999-06-21 04:00:00,26.1666971637,27.4191532135,27.188487040296522
1999-06-22 04:00:00,27.2650079093,26.6676826477,26.719295826559783
1999-06-23 04:00:00,26.4942755186,26.5135440826,26.63729729632916
1999-06-24 04:00:00,26.43646034,26.0896263123,26.124699841186075
1999-06-25 04:00:00,26.320857881,26.1859779358,26.340245148006865
1999-06-28 04:00:00,26.3593968438,26.7447681427,26.553131244294864
1999-06-29 04:00:00,26.7254947912,27.1301345825,26.902346772966087
1999-06-30 04:00:00,27.0530609956,27.8045349121,27.421968817853376
1999-07-01 04:00:00,27.7081969655,28.1128368378,27.73575670996147
1999-07-02 04:00:00,28.0164909803,28.363325119,28.19703570942714
1999-07-06 04:00:00,28.440391088,27.6118431091,27.851726727950794
1999-07-07 04:00:00,27.7659952245,28.4596633911,28.286210103560563
1999-07-08 04:00:00,28.3055166132,28.5367393494,28.325103484554823
1999-07-09 04:00:00,28.4789279396,28.7486877441,28.697894962489624
1999-07-12 04:00:00,28.7294152202,29.0377120972,28.92164835308713
1999-07-13 04:00:00,28.7101456193,28.8642940521,28.88067318595074
1999-07-14 04:00:00,28.9028467828,29.2689495087,28.905826027212484
1999-07-15 04:00:00,29.2882171025,29.0955314636,29.04911476210564
1999-07-16 04:00:00,29.4423556804,30.6562747955,30.398768424198202
1999-07-19 04:00:00,30.829698885,30.3287162781,30.470127053073565
1999-07-20 04:00:00,29.7313796936,28.7679519653,28.761012169734485
1999-07-21 04:00:00,28.8643079726,29.1918735504,29.135733098822584
1999-07-22 04:00:00,29.0955248841,28.0742912292,28.013973150253022
1999-07-23 04:00:00,28.2284330661,27.8237934113,27.810532261788957
1999-07-26 04:00:00,27.3998937729,27.0145225525,27.325293534648612
1999-07-27 04:00:00,27.3806266785,27.3806266785,27.41966998290494
1999-07-28 04:00:00,27.4962413748,27.7467327118,27.62637437908396
1999-07-29 04:00:00,27.3420861996,26.8025665283,26.77806886975279
1999-07-30 04:00:00,27.014516679,26.4557285309,26.72728442335727
1999-08-02 04:00:00,26.4171902032,26.1474304199,26.4009777875075
1999-08-03 04:00:00,26.474996398,26.128162384,26.152440370774574
1999-08-04 04:00:00,26.2437836266,26.1859779358,26.667999457068934
1999-08-05 04:00:00,26.3208586468,26.4364700317,26.422515584934082
1999-08-06 04:00:00,26.5328008383,26.2437725067,26.3532179970064
1999-08-09 04:00:00,26.3979320967,25.8391437531,25.96161791612395
1999-08-10 04:00:00,25.7620615682,25.5693759918,25.40078551900622
1999-08-11 04:00:00,25.8969481878,25.9547538757,25.646260729411843
1999-08-12 04:00:00,25.8776713424,25.2032718658,25.358469486835748
1999-08-13 04:00:00,25.569378496,26.1088981628,26.19309421171357
1999-08-16 04:00:00,26.2245069169,25.9932842255,25.73226885124829
1999-08-17 04:00:00,26.3401238624,26.0703639984,25.72728103371958
1999-08-18 04:00:00,26.0318307975,26.205247879,26.380001194964773
1999-08-19 04:00:00,26.0703665159,25.8391437531,25.85451993083415
1999-08-20 04:00:00,25.8969474003,25.7042617798,25.863854784088392
1999-08-23 04:00:00,25.9932966901,26.6484279633,26.461611763168644
1999-08-24 04:00:00,26.8411017234,28.4211235046,28.42456560786559
1999-08-25 04:00:00,28.8642859287,29.3845367432,29.35117077512824
1999-08-26 04:00:00,29.4038205896,29.1725978851,29.23309384597244
1999-08-27 04:00:00,29.3074759107,28.7486877441,28.649445036055376
1999-08-30 04:00:00,28.6330886417,28.4404029846,28.452763348667684
1999-08-31 04:00:00,28.3055166132,28.5367393494,28.209278355560826
1999-09-01 04:00:00,28.4596685853,28.478937149,28.577946362064786
1999-09-02 04:00:00,28.2091648837,28.3055076599,28.279510127625564
1999-09-03 04:00:00,28.9028371639,29.5579681396,29.514275798178865
1999-09-07 04:00:00,29.2496618377,29.0569763184,29.421957700669576
1999-09-08 04:00:00,28.8835799959,28.4404029846,28.728473065069903
1999-09-09 04:00:00,28.4981973312,28.9991798401,28.76891751694281
1999-09-10 04:00:00,29.3074861087,29.2882175446,29.11712085598716
1999-09-13 04:00:00,29.1340709234,28.9413852692,28.942420248306245
1999-09-14 04:00:00,28.8835734167,29.3074817657,29.346640123247635
1999-09-15 04:00:00,29.4423592242,28.5560054779,28.716298266201182
1999-09-16 04:00:00,28.6330739843,28.9799079895,28.360765037528633
1999-09-17 04:00:00,29.095516279,29.7313785553,29.489565053646025
1999-09-20 04:00:00,29.5965139033,30.0782279968,29.8168568560026
1999-09-21 04:00:00,29.7699232051,29.1725978851,29.162235321484758
1999-09-22 04:00:00,29.2111287858,29.6157684326,29.414775650677274
1999-09-23 04:00:00,29.8662762841,28.1128368378,28.10985950828221
1999-09-24 04:00:00,27.8045305429,28.0357532501,27.774807930234115
1999-09-27 04:00:00,28.3633202991,28.1899032593,28.322340992242626
1999-09-28 04:00:00,28.1321013152,28.4018611908,27.936069914436505
1999-09-29 04:00:00,28.2284413902,27.5925788879,27.75535020712937
1999-09-30 04:00:00,27.7467260894,27.9201431274,27.870680637534907
1999-10-01 04:00:00,27.8045280233,27.7419052124,27.446758313836785
1999-10-04 04:00:00,27.900876825,28.5367393494,28.374696511816243
1999-10-05 04:00:00,28.5945359886,28.3055076599,28.047213626198154
1999-10-06 04:00:00,28.4596689401,28.8835773468,28.828041644638084
1999-10-07 04:00:00,28.8835768191,28.9028453827,28.981802862630307
1999-10-08 04:00:00,28.8257725247,29.2689495087,28.902295091843555
1999-10-11 04:00:00,29.1726024216,29.076259613,29.158536920125755
1999-10-12 04:00:00,28.9799162603,28.5367393494,28.658177954087364
1999-10-13 04:00:00,28.3633196221,28.0742912292,28.221673913624247
1999-10-14 04:00:00,28.0164791425,27.9586734772,28.06117096428885
1999-10-15 04:00:00,27.5925795242,27.1494026184,27.12305014067993
1999-10-18 04:00:00,26.8796310791,27.0915851593,26.546762478529637
1999-10-19 04:00:00,27.2072096872,26.6098842621,26.692873431642152
1999-10-20 04:00:00,28.2284487618,28.4404029846,28.10827753293417
1999-10-21 04:00:00,27.9201412957,28.6908836365,28.548808992794505
1999-10-22 04:00:00,28.8450448968,28.5752849579,28.474432022992364
1999-10-25 04:00:00,28.3633252415,28.4982051849,28.53888537361215
1999-10-26 04:00:00,29.0955311875,28.478937149,28.784513690474686
1999-10-27 04:00:00,28.2091746481,28.0164890289,27.79233014645253
1999-10-28 04:00:00,27.7467223102,27.7081851959,27.803518032427995
1999-10-29 04:00:00,28.1899052452,28.5367393494,28.786417456226392
1999-11-01 05:00:00,28.7486970409,28.478937149,28.708175650007462
1999-11-02 05:00:00,28.5945450334,28.5367393494,28.83209411351675
1999-11-03 05:00:00,28.6523535679,28.363325119,28.439575064264528
1999-11-04 05:00:00,28.4596662197,28.2862491608,28.070198762573263
1999-11-05 05:00:00,28.3055154807,28.2284412384,28.246070731816054
1999-11-08 05:00:00,26.147444165,27.7274665833,27.495148198784452
1999-11-09 05:00:00,27.6696545779,27.3998947144,26.86245548132203
1999-11-10 05:00:00,27.1686752899,26.8603782654,26.99529255348779
1999-11-11 05:00:00,27.2071991286,27.6311073303,27.760305326836495
1999-11-12 05:00:00,27.6696596099,27.4962425232,27.055158466861943
1999-11-15 05:00:00,27.2071980115,26.8218269348,26.949384956350066
1999-11-16 05:00:00,26.8025690965,26.9181804657,26.74565583083246
1999-11-17 05:00:00,26.6484248652,26.205247879,26.44842387190042
1999-11-18 05:00:00,26.1859779358,26.1859779358,26.305871353616435
1999-11-19 05:00:00,26.0318299823,26.5135440826,26.55214300834286
1999-11-22 05:00:00,27.6311095841,27.6889152527,27.527546034055256
1999-11-23 05:00:00,27.5154960026,27.6311073303,27.82647702945089
1999-11-24 05:00:00,27.6118369593,28.2669677734,28.27045556967438
1999-11-26 05:00:00,28.2477134919,28.0935649872,28.533564656844625
1999-11-29 05:00:00,27.7852663501,27.8045349121,28.116044144208345
1999-11-30 05:00:00,27.6696581889,28.069480896,28.40198076948532
1999-12-01 05:00:00,28.0743036532,28.729434967,28.746472310929626
1999-12-02 05:00:00,28.6908879943,29.2304077148,29.19704320384891
1999-12-03 05:00:00,29.5387165109,29.6350593567,29.86207385045915
1999-12-06 05:00:00,29.3652900141,29.4230957031,29.73042143511433
1999-12-07 05:00:00,29.2111391355,28.6716194153,28.77924717864833
1999-12-08 05:00:00,28.7101575269,28.2862491608,28.649034901397
1999-12-09 05:00:00,28.3633037063,28.5945262909,28.5594191285457
1999-12-10 05:00:00,28.7872367458,28.9413852692,28.70128498330063
1999-12-13 05:00:00,28.859487924,29.7891960144,29.4679308906774
1999-12-14 05:00:00,29.6543214881,30.4250640869,30.649986555745286
1999-12-15 05:00:00,30.386500479,33.4309310913,32.86746076267636
1999-12-16 05:00:00,33.6814395177,35.0495071411,35.02509533841313
1999-12-17 05:00:00,35.9551354613,35.5312271118,35.329924318943306
1999-12-20 05:00:00,35.3963413936,34.7604789734,34.53229219237727
1999-12-21 05:00:00,34.6448829922,35.7239227295,35.25239936895208
1999-12-22 05:00:00,35.8539789236,36.2441673279,35.995416227075296
1999-12-23 05:00:00,36.1478141391,36.205619812,36.53616359663458
1999-12-27 05:00:00,36.513929277,36.7258834839,36.143794341215234
1999-12-28 05:00:00,36.6102705611,36.224899292,36.22072613873321
1999-12-29 05:00:00,36.0514634299,36.3597602844,36.40069825660558
1999-12-30 05:00:00,36.3405134381,36.2634391785,36.6792984647077
1999-12-31 05:00:00,36.2248864674,35.9936637878,35.994026808338205
2000-01-03 05:00:00,36.186373975,35.9358825684,35.12629535542011
2000-01-04 05:00:00,35.0109712831,34.7219429016,35.565842987026635
2000-01-05 05:00:00,34.2594952403,35.0880432129,35.109092825409526
2000-01-06 05:00:00,34.5870620446,33.9126625061,34.037146178075574
2000-01-07 05:00:00,33.488761106,34.355846405,34.05698283593204
2000-01-10 05:00:00,34.972429626,34.6063270569,34.52898696663887
2000-01-11 05:00:00,34.3751171177,33.7199859619,34.34245649788659
2000-01-12 05:00:00,33.4502060558,32.6216583252,32.51565437606265
2000-01-13 05:00:00,32.1784878054,33.2382583618,32.490788085022444
2000-01-14 05:00:00,33.0455739992,34.6063270569,34.33872848269843
2000-01-18 05:00:00,34.4714520297,35.550491333,35.623300736777715
2000-01-19 05:00:00,34.0668211072,32.9877815247,33.17092226082933
2000-01-20 05:00:00,33.007043211,32.6794776917,33.36462913693347
2000-01-21 05:00:00,32.9877803389,31.9858150482,32.10355148890298
2000-01-24 05:00:00,32.0002665885,31.2150726318,31.71169696430612
2000-01-25 05:00:00,31.1379854243,31.6967735291,31.48903296046757
2000-01-26 05:00:00,31.5811759181,30.6370162964,31.00600543240707
2000-01-27 05:00:00,30.7959892155,30.4443378448,30.451290025062164
2000-01-28 05:00:00,30.2516468912,30.290184021,30.565879336365068
2000-01-31 05:00:00,30.0974996355,30.1745738983,29.545438922472904
2000-02-01 05:00:00,30.3672476921,31.7353153229,31.334521476935883
2000-02-02 05:00:00,31.5811752111,31.0801925659,31.469353181700733
2000-02-03 05:00:00,31.4655629999,31.9472770691,31.5051907793415
2000-02-04 05:00:00,32.1784905129,32.8528900146,33.025261677406235
2000-02-07 05:00:00,32.9299675426,32.8721618652,32.30871720041934
2000-02-08 05:00:00,32.814355192,33.8933944702,33.70761599859657
2000-02-09 05:00:00,33.7392500799,32.0628852844,32.324375616835184
2000-02-10 05:00:00,32.029163793,32.6794776917,32.344183079308976
2000-02-11 05:00:00,32.332652924,30.8104362488,30.867392508321522
2000-02-14 05:00:00,31.2102422924,30.7140769958,30.798337121302957
2000-02-15 05:00:00,30.752628832,30.3865261078,30.417838198058497
2000-02-16 05:00:00,30.5984825593,30.0974998474,30.300350129421904
2000-02-17 05:00:00,30.3672430022,30.7140769958,30.32838703097768
2000-02-18 05:00:00,30.8296981099,29.3074817657,29.540191457561015
2000-02-22 05:00:00,29.3267416424,28.9221019745,29.236082164950382
2000-02-23 05:00:00,28.8257536951,29.0569763184,29.022466539074337
2000-02-24 05:00:00,29.0569930819,29.2111415863,28.891298780729258
2000-02-25 05:00:00,29.1918674876,28.1513652802,28.132616671917766
2000-02-28 05:00:00,27.8238014664,28.2284412384,27.749752824926922
2000-02-29 05:00:00,28.2862344435,27.5540294647,27.563117383214877
2000-03-01 05:00:00,27.6311070153,27.997209549,28.559391274081353
2000-03-02 05:00:00,28.3055267755,28.7872409821,29.014811595160186
2000-03-03 05:00:00,29.2111508353,29.6350593567,30.009226107686597
2000-03-06 05:00:00,29.5965012123,27.9394054413,28.429005869507805
2000-03-07 05:00:00,29.6350387044,28.6330738068,28.906016701074094
2000-03-08 05:00:00,28.9221101577,29.4616298676,28.792017642083692
2000-03-09 05:00:00,29.3845473528,30.8296890259,30.46539905766309
2000-03-10 05:00:00,30.6948291417,31.1380062103,31.417746534902975
2000-03-13 05:00:00,30.0974871796,30.213098526,30.72766276457852
2000-03-14 05:00:00,30.4057991038,29.3267593384,29.674406596544774
2000-03-15 05:00:00,29.1533457992,29.403837204,29.451114521329153
2000-03-16 05:00:00,29.5772543303,29.403837204,29.08628955339548
2000-03-17 05:00:00,29.3652910916,30.6370162964,30.22634287175591
2000-03-20 05:00:00,30.4443284452,30.0204200745,30.12869549045793
2000-03-21 05:00:00,29.8277223545,31.6775035858,31.334623879227063
2000-03-22 05:00:00,31.6967851025,31.8316650391,31.968385785586747
2000-03-23 05:00:00,32.9299620005,34.4907150269,34.38099439964831
2000-03-24 05:00:00,34.7219392705,34.4329109192,34.5337862721425
2000-03-27 05:00:00,33.2238273844,32.0821647644,32.37642644641281
2000-03-28 05:00:00,31.9472713116,32.1592254639,32.575375473962424
2000-03-29 05:00:00,32.4289803841,33.0455741882,33.351021248857556
2000-03-30 05:00:00,32.7372746335,31.8701896667,32.399541496364904
2000-03-31 05:00:00,32.679479406,32.7565536499,32.767105131349965
2000-04-03 04:00:00,29.1147970583,28.0164890289,28.486950270328425
2000-04-04 04:00:00,28.2284317811,27.3035411835,26.63707354715759
2000-04-05 04:00:00,27.2072033033,26.6291465759,26.67334318992003
2000-04-06 04:00:00,27.091601003,26.5135440826,26.466393156341343
2000-04-07 04:00:00,26.8218475021,27.4577102661,26.9003541564276
2000-04-10 04:00:00,27.3228251915,26.5328140259,26.663515109535787
2000-04-11 04:00:00,26.2437675664,25.8583965302,26.07036526615547
2000-04-12 04:00:00,25.3188859114,24.4710693359,24.49265556074061
2000-04-13 04:00:00,24.9335099681,24.4325275421,24.799709463454317
2000-04-14 04:00:00,24.393982921,22.8524990082,22.97776671092083
2000-04-17 04:00:00,22.8910500465,23.3920326233,23.008155437550606
2000-04-18 04:00:00,23.5847261368,24.8371829987,24.759401084709964
2000-04-19 04:00:00,25.1069317955,24.2591152191,24.28152893212525
2000-04-20 04:00:00,24.2398445782,24.3361873627,24.269759079677776
2000-04-24 04:00:00,20.7329687866,20.5402832031,20.345161401514858
2000-04-25 04:00:00,21.1954121976,21.3880977631,21.10043940799416
2000-04-26 04:00:00,21.5807892294,20.9641952515,21.187513132183668
2000-04-27 04:00:00,20.7907800444,21.5229854584,21.395817629592017
2000-04-28 04:00:00,21.812004773,21.5037078857,21.23925769532589
2000-05-01 04:00:00,22.4671468792,22.6405639648,22.448399449713712
2000-05-02 04:00:00,22.4478739703,21.5422515869,21.770898498119365
2000-05-03 04:00:00,21.6963981176,21.7542037964,21.412560606178815
2000-05-04 04:00:00,21.6771248916,21.7156620026,21.660676762118385
2000-05-05 04:00:00,21.657854459,21.927614212,21.955351108372966
2000-05-08 04:00:00,21.8698196018,21.5229854584,21.667378421826342
2000-05-09 04:00:00,21.6385925996,20.9063873291,21.016925147680055
2000-05-10 04:00:00,20.8871190447,20.4054050446,20.412859880614064
2000-05-11 04:00:00,20.5402804352,20.9256515503,20.691385966489207
2000-05-12 04:00:00,21.0990721783,21.2146835327,21.383984245467815
2000-05-15 04:00:00,21.2724864238,21.3880977631,21.134287768780275
2000-05-16 04:00:00,21.4459042995,21.4266357422,21.589403317755306
2000-05-17 04:00:00,21.2339616742,20.8678588867,20.887860305624045
2000-05-18 04:00:00,20.9834618447,20.4054050446,20.43028554453835
2000-05-19 04:00:00,20.1549194109,20.0585765839,20.078186295262554
2000-05-22 04:00:00,20.0778410595,19.7888126373,19.424001533883484
2000-05-23 04:00:00,19.6924744747,19.4805202484,19.904286892037817
2000-05-24 04:00:00,19.4612506506,20.2127246857,20.275851186399137
2000-05-25 04:00:00,19.9044257063,18.9602661133,19.070682010224708
2000-05-26 04:00:00,19.1336856407,18.9409999847,18.844644170424957
2000-05-30 04:00:00,19.2492846145,19.538312912,19.557998608040535
2000-05-31 04:00:00,19.6202091632,19.2878265381,19.238892818331536
2000-06-01 04:00:00,19.8466170792,19.90442276,20.108406129647555
2000-06-02 04:00:00,20.347602118,20.443944931,20.28409800028613
2000-06-05 04:00:00,20.352414579,20.617357254,20.93500254442757
2000-06-06 04:00:00,21.0219968851,21.4651737213,21.349055461083523
2000-06-07 04:00:00,21.3495589385,21.7349300385,21.17686495454476
2000-06-08 04:00:00,22.0625001317,21.2146835327,21.35474938578932
2000-06-09 04:00:00,21.4651748006,21.2146835327,21.155062494226257
2000-06-12 04:00:00,21.2724882322,20.617357254,20.605989005506686
2000-06-13 04:00:00,20.5788175467,20.9256515503,20.734286250651806
2000-06-14 04:00:00,21.5229759335,21.7349300385,21.745598113657707
2000-06-15 04:00:00,21.8312799704,22.3129940033,22.253490578169703
2000-06-16 04:00:00,22.3900647619,22.3707962036,22.235876663573407
2000-06-19 04:00:00,22.3707831871,22.7176170349,22.544619203355758
2000-06-20 04:00:00,22.7754464424,23.103012085,23.09374738496474
2000-06-21 04:00:00,23.7388609185,24.875705719,24.999226019561647
2000-06-22 04:00:00,25.0876628356,24.6252174377,24.72342672139938
2000-06-23 04:00:00,24.6444832195,23.9508152008,23.931118016720795
2000-06-26 04:00:00,23.8930152797,24.5096092224,24.54829454283045
2000-06-27 04:00:00,24.4325254412,24.2976455688,24.43666885436745
2000-06-28 04:00:00,24.3554559196,24.3361873627,24.534888362823448
2000-06-29 04:00:00,24.1242344906,23.7966690063,24.001345127880878
2000-06-30 04:00:00,23.7581276357,24.6637496948,24.39161162807436
2000-07-03 04:00:00,24.5674069226,24.6637496948,24.5965834265211
2000-07-05 04:00:00,24.6252213679,24.2013130188,24.222514957157582
2000-07-06 04:00:00,24.3169322982,24.9527950287,24.920763272400148
2000-07-07 04:00:00,25.0539479408,25.2803535461,25.281599368050507
2000-07-10 04:00:00,24.8757143463,24.4903430939,24.706083058457832
2000-07-11 04:00:00,24.2976562913,24.3939990997,24.644845330472485
2000-07-12 04:00:00,24.1242295024,24.7600917816,24.534053749149635
2000-07-13 04:00:00,24.2976570741,24.6444911957,24.2312912401188
2000-07-14 04:00:00,24.5096043748,24.3361873627,24.31353806194159
2000-07-17 04:00:00,24.1242394939,24.104970932,24.26660372500974
2000-07-18 04:00:00,23.9315531603,24.2013130188,24.356259443265298
2000-07-19 04:00:00,23.4498385144,22.544216156,22.972196321072502
2000-07-20 04:00:00,22.6405487921,23.0644569397,23.016086010812664
2000-07-21 04:00:00,23.0451939615,22.2937202454,22.37648384130666
2000-07-24 04:00:00,22.216649227,21.7542037964,21.71257312651168
2000-07-25 04:00:00,21.8312836419,21.2724952698,21.25963853998509
2000-07-26 04:00:00,21.2917585241,20.9063873291,20.942487947593072
2000-07-27 04:00:00,20.925652406,21.3880977631,21.389024894900437
2000-07-28 04:00:00,21.8698187345,21.4844474792,21.75725052622657
2000-07-31 04:00:00,21.6385968395,21.5229854584,21.638340979395267
2000-08-01 04:00:00,21.5615206034,21.1761493683,21.15301501247525
2000-08-02 04:00:00,21.137606528,21.3880977631,21.59146888634895
2000-08-03 04:00:00,21.0219862622,21.6578483582,21.55150458194008
2000-08-04 04:00:00,21.4073741596,21.3110313416,21.2043834723259
2000-08-07 04:00:00,21.6385971648,21.5807914734,21.768245822291007
2000-08-08 04:00:00,21.600043329,22.8524990082,22.721438134451073
2000-08-09 04:00:00,22.7369056406,22.8910541534,22.86462134145718
2000-08-10 04:00:00,22.7561649004,22.3900623322,22.29820611685858
2000-08-11 04:00:00,22.3322620392,22.3322620392,22.198560677203382
2000-08-14 04:00:00,22.293721289,22.2551841736,22.32456132204134
2000-08-15 04:00:00,22.1973793869,22.0817680359,22.326612647392665
2000-08-16 04:00:00,22.1588436986,21.8890838623,21.92534922090377
2000-08-17 04:00:00,21.927616296,22.0624961853,22.00997350729608
2000-08-18 04:00:00,21.9276209818,21.8890838623,21.727407218649944
2000-08-21 04:00:00,21.7927384824,21.7734699249,21.67679280129167
2000-08-22 04:00:00,21.8312798918,21.9661598206,22.087308223341175
2000-08-23 04:00:00,21.8312802803,21.8120117188,21.809570709183205
2000-08-24 04:00:00,21.7734657817,21.927614212,21.747370147019936
2000-08-25 04:00:00,21.7927384824,21.7734699249,22.018919273286116
2000-08-28 04:00:00,21.6385956396,21.9854297638,22.10821215685982
2000-08-29 04:00:00,21.9468919813,21.8698177338,22.260970264283827
2000-08-30 04:00:00,21.7927456754,21.5807914734,21.609689009367912
2000-08-31 04:00:00,21.8505510383,21.5229854584,21.831070934284917
2000-09-01 04:00:00,21.5807841871,21.638589859,21.667046657571248
2000-09-05 04:00:00,21.5807847076,21.6193218231,21.71468201386726
2000-09-06 04:00:00,21.6000667558,21.4073810577,21.57268569666597
2000-09-07 04:00:00,21.5807871346,21.6000556946,21.950747841986242
2000-09-08 04:00:00,21.6964010061,21.3688354492,21.525150555877843
2000-09-11 04:00:00,21.311026328,21.2146835327,21.186952818543432
2000-09-12 04:00:00,21.1954150069,21.0027294159,21.054966059755827
2000-09-13 04:00:00,20.8293189007,21.0412731171,21.03487887739775
2000-09-14 04:00:00,21.1761447548,20.2897911072,20.427261426648336
2000-09-15 04:00:00,20.1741838669,19.7888126373,19.681760103331698
2000-09-18 04:00:00,19.808079712,19.4227085114,19.3769351686351
2000-09-19 04:00:00,19.6153944969,20.0393028259,20.07936883651577
2000-09-20 04:00:00,20.0007662829,19.8080806732,19.606644186309182
2000-09-21 04:00:00,19.7310069529,19.7888126373,19.90386503106285
2000-09-22 04:00:00,18.844647841,19.4997787476,19.40081719861461
2000-09-25 04:00:00,19.4997821496,18.8831882477,18.843097118637033
2000-09-26 04:00:00,18.786850432,19.3263702393,19.867030465077647
2000-09-27 04:00:00,19.5575953021,18.6905097961,18.6595663958077
2000-09-28 04:00:00,18.7483097041,18.9024581909,18.969793606993505
2000-09-29 04:00:00,18.8061161654,18.5941619873,18.27743195780088
2000-10-02 04:00:00,18.6519564252,18.2280483246,18.15556546782898
2000-10-03 04:00:00,18.3629363128,17.4380455017,17.63994820017423
2000-10-04 04:00:00,17.3802319369,17.0912036896,16.949440743973966
2000-10-05 04:00:00,17.1104823128,17.0719451904,17.480527875403936
2000-10-06 04:00:00,17.2068273675,17.1297531128,17.168829274055
2000-10-09 04:00:00,17.1490179324,16.7058410645,16.507936327391455
2000-10-10 04:00:00,16.628767492,16.8214530945,17.00039932481812
2000-10-11 04:00:00,16.6480356396,17.1875553131,17.370499515917842
2000-10-12 04:00:00,17.3609684845,16.7636432648,16.85872597079328
2000-10-13 04:00:00,16.6094962054,16.5709590912,16.407328407339676
2000-10-16 04:00:00,16.4938843682,15.530456543,15.55650130455858
2000-10-17 04:00:00,15.9929072488,15.5497303009,15.716371815782281
2000-10-18 04:00:00,15.2992292833,15.9543600082,15.878312867572362
2000-10-19 04:00:00,18.0160945257,19.0758647919,18.823580501398666
2000-10-20 04:00:00,18.9024544878,20.0971050262,20.033644342074126
2000-10-23 04:00:00,19.9236887849,19.1529464722,19.308714165678758
2000-10-24 04:00:00,19.3071002495,18.9602661133,18.762773236730865
2000-10-25 04:00:00,19.0951424015,18.8831882477,19.082150146196028
2000-10-26 04:00:00,18.8061194286,19.8658905029,19.75529063072834
2000-10-27 04:00:00,19.9429676341,20.8678588867,21.03207703638563
2000-10-30 05:00:00,20.8100361544,21.2917499542,21.429175632584204
2000-10-31 05:00:00,21.2724886858,21.2339515686,21.1494487320782
2000-11-01 05:00:00,21.1183396755,21.4651737213,21.496385602127035
2000-11-02 05:00:00,21.6963983053,21.6771297455,21.63123494599639
2000-11-03 05:00:00,21.3495701591,21.0412731171,21.1475901137956
2000-11-06 05:00:00,21.176144497,21.4266357422,21.426513313018475
2000-11-07 05:00:00,21.5037073785,21.7349300385,21.969925402347414
2000-11-08 05:00:00,21.9276324426,21.4073810577,21.43518120599618
2000-11-09 05:00:00,21.1183443288,21.8505496979,21.799564699840502
2000-11-10 05:00:00,21.5615201872,20.7715091705,20.8564120951102
2000-11-13 05:00:00,20.5595495057,20.4824752808,20.33016291254026
2000-11-14 05:00:00,20.9641922648,21.2146835327,21.240309296921012
2000-11-15 05:00:00,21.2917587355,21.6000556946,21.649455321323344
2000-11-16 05:00:00,21.4073680694,21.2532196045,21.79336073578787
2000-11-17 05:00:00,21.4073612662,21.2917499542,21.13320027288058
2000-11-20 05:00:00,21.0027354396,20.7137069702,20.443105831568225
2000-11-21 05:00:00,20.7715041382,20.8871154785,21.241169533524697
2000-11-22 05:00:00,20.3668733377,21.0412731171,21.19878806154164
2000-11-24 05:00:00,21.2724818007,21.5615100861,21.506726975208295
2000-11-27 05:00:00,22.0239606447,21.7927379608,22.026321393774367
2000-11-28 05:00:00,21.3880925748,20.6558876038,20.828921252639233
2000-11-29 05:00:00,20.5980964151,20.0585765839,19.76301819013407
2000-11-30 05:00:00,19.1144027544,17.6885299683,17.84345206136365
2000-12-01 05:00:00,17.9004884156,17.4573116302,18.013870257659917
2000-12-04 05:00:00,17.6499968367,17.3995056152,17.549779706207346
2000-12-05 05:00:00,18.2473258594,18.459280014,18.33399257795223
2000-12-06 05:00:00,18.4978151164,17.4765815735,17.502178346986568
2000-12-07 05:00:00,16.4746196298,16.378276825,16.31232306272389
2000-12-08 05:00:00,16.8407227071,16.7829170227,16.845607051734937
2000-12-11 05:00:00,17.1104753082,17.9004859924,17.779377551735067
2000-12-12 05:00:00,17.8234148842,17.9968318939,18.089323745303155
2000-12-13 05:00:00,18.651966678,17.6500015259,17.706306444795104
2000-12-14 05:00:00,17.8619590837,17.1104850769,17.400918776734784
2000-12-15 05:00:00,15.7375978527,15.164358139,15.121132862089937
2000-12-18 05:00:00,15.1065525828,14.7404499054,14.837646587501439
2000-12-19 05:00:00,14.6248329594,13.8155536652,14.005672823398413
2000-12-20 05:00:00,13.1989626999,12.7943229675,13.119408723378129
2000-12-21 05:00:00,12.5631083207,13.3916568756,13.515702824165075
2000-12-22 05:00:00,13.7962858988,14.3165369034,14.3789325846394
2000-12-26 05:00:00,14.4514226913,14.4514226913,14.60829314656592
2000-12-27 05:00:00,14.2201941248,14.3165369034,14.10177423923409
2000-12-28 05:00:00,13.911896608,13.7384796143,13.866745259988733
2000-12-29 05:00:00,13.5458011558,13.3723840714,13.763309731454129
2001-01-02 05:00:00,13.6036068507,13.3723840714,13.497454266529871
2001-01-03 05:00:00,13.3145736535,14.7789840698,14.683821824938448
2001-01-04 05:00:00,14.7404456539,14.933131218,15.156436959337498
2001-01-05 05:00:00,14.9524063615,15.1450920105,15.05031659266595
2001-01-08 05:00:00,15.0872869492,15.0872869492,14.707929580639217
2001-01-09 05:00:00,15.4148502143,15.9736385345,15.995103007302632
2001-01-10 05:00:00,15.7231385792,16.3011951447,16.349233515468526
2001-01-11 05:00:00,16.3397373893,16.9563312531,16.837740066141166
2001-01-12 05:00:00,16.9177991698,16.4938907623,16.341394923319505
2001-01-16 05:00:00,16.4553558676,16.204864502,15.910878171760842
2001-01-17 05:00:00,16.5324327048,16.3204784393,16.56942685697276
2001-01-18 05:00:00,16.5516967129,17.1104850769,16.891888137635462
2001-01-19 05:00:00,18.4978153667,18.8061122894,18.56638297522143
2001-01-22 05:00:00,18.7290396581,18.5363540649,18.347485822075882
2001-01-23 05:00:00,18.4207466212,18.6712379456,18.509778115314738
2001-01-24 05:00:00,18.8061114011,19.4034366608,19.34491758273549
2001-01-25 05:00:00,19.3456327633,19.0566043854,19.35349359881174
2001-01-26 05:00:00,18.806113869,19.731004715,19.622094383673456
2001-01-29 05:00:00,19.5961225532,19.8851509094,19.85108995715713
2001-01-30 05:00:00,19.885146869,19.538312912,19.537443028587404
2001-01-31 05:00:00,19.4227055966,18.8253803253,19.09829353680304
2001-02-01 05:00:00,18.7483065821,19.2300205231,19.086742779477696
2001-02-02 05:00:00,19.2685573221,18.7483062744,19.039231755271437
2001-02-05 05:00:00,18.7290359944,19.0951385498,18.92994149941397
2001-02-06 05:00:00,19.1336780742,19.2878265381,19.47365154511983
2001-02-07 05:00:00,19.1144052994,19.9429531097,19.82140290000204
2001-02-08 05:00:00,19.6539318131,19.1914863586,19.394746697718418
2001-02-09 05:00:00,18.9024475755,18.2280483246,18.245053081603388
2001-02-12 05:00:00,18.1317182094,18.112449646,17.872882956078726
2001-02-13 05:00:00,18.3822065818,17.9390296936,18.353208454247223
2001-02-14 05:00:00,17.7656092143,17.9968318939,17.785671936368146
2001-02-15 05:00:00,18.189525284,18.1317195892,18.197091704497467
2001-02-16 05:00:00,17.5729343493,17.6692771912,17.65987909408709
2001-02-20 05:00:00,17.6885328741,17.2260875702,17.39237763492774
2001-02-21 05:00:00,17.0334045919,17.3417015076,17.709770806732024
2001-02-22 05:00:00,17.3609732696,17.0141391754,16.859809965505654
2001-02-23 05:00:00,16.7829166656,17.4958534241,17.50338217207741
2001-02-26 05:00:00,17.7656162498,18.3629417419,18.27286881634079
2001-02-27 05:00:00,18.3051376343,18.3051376343,18.574035588666987
2001-02-28 05:00:00,18.362936915,18.1895198822,18.142800960788115
2001-03-01 05:00:00,18.0546398218,18.3003139496,17.692887950576406
2001-03-02 05:00:00,17.7270728199,17.4765815735,17.6138993598846
2001-03-05 05:00:00,17.650001858,17.7078075409,17.816069770653968
2001-03-06 05:00:00,18.0739067952,18.3243980408,18.354144803523994
2001-03-07 05:00:00,18.4592883525,18.7097797394,18.628476659644917
2001-03-08 05:00:00,18.5941594361,18.2665939331,18.18754856991307
2001-03-09 05:00:00,17.8619527217,17.4765815735,17.138369353214657
2001-03-12 05:00:00,16.8599913123,16.0121746063,16.15037591227393
2001-03-13 05:00:00,16.0892471613,16.7058410645,16.671380562255408
2001-03-14 05:00:00,16.1855896314,16.6480350494,16.780837525761584
2001-03-15 05:00:00,17.0526715901,16.5516891479,16.777947188789128
2001-03-16 05:00:00,16.1855906064,16.8214530945,16.827651897489076
2001-03-19 05:00:00,16.8021866389,16.7443809509,16.697676128533132
2001-03-20 05:00:00,16.821451608,16.2433948517,16.70724990634382
2001-03-21 05:00:00,16.1085099829,15.4341106415,15.710890268286022
2001-03-22 05:00:00,15.5882642998,16.6480350494,16.42965924235706
2001-03-23 05:00:00,16.937062979,17.4380455017,17.301505699242455
2001-03-26 05:00:00,17.6114667895,17.2839012146,17.30761653368684
2001-03-27 05:00:00,17.2838981366,17.9582977295,17.852292389972277
2001-03-28 05:00:00,17.6885414596,17.1297531128,17.31659248630848
2001-03-29 05:00:00,17.0719451904,17.0719451904,17.310961116033198
2001-03-30 05:00:00,17.1875585589,16.859992981,16.81717298320001
2001-04-02 04:00:00,16.8985338948,17.2068309784,17.375518130621245
2001-04-03 04:00:00,17.0526782355,16.4553527832,16.397402662354892
2001-04-04 04:00:00,16.4553515208,16.0121746063,16.258445118225836
2001-04-05 04:00:00,16.5709624942,17.4958534241,17.39512847118548
2001-04-06 04:00:00,17.3802429725,17.3224372864,17.24718125823204
2001-04-09 04:00:00,17.4403564593,17.6191692352,17.421034210201753
2001-04-10 04:00:00,17.8658142598,18.3991680145,18.3521319150298
2001-04-11 04:00:00,18.6982141816,18.5101528168,18.669993989035305
2001-04-12 04:00:00,18.362168845,19.1699066162,18.986632831026043
2001-04-16 04:00:00,18.9294344017,18.7413730621,18.65325052449173
2001-04-17 04:00:00,18.6581310586,18.9540958405,18.93145337324357
2001-04-18 04:00:00,19.542952465,20.1718788147,20.163286300212647
2001-04-19 04:00:00,20.2890229778,20.9765262604,21.061467240311217
2001-04-20 04:00:00,21.6732823534,21.2724952698,21.415631320290288
2001-04-23 04:00:00,20.9981117194,21.0412731171,20.786230638668933
2001-04-24 04:00:00,21.0258554262,20.8254642487,21.18525886507495
2001-04-25 04:00:00,20.83162943,21.4852199554,21.30190404694632
2001-04-26 04:00:00,21.6023666354,21.3125667572,21.37096742129863
2001-04-27 04:00:00,21.4358963781,20.6929016113,20.625405031661344
2001-04-30 04:00:00,21.12758669,20.8871154785,21.050622191974654
2001-05-01 04:00:00,20.8593796019,21.6332035065,21.49910232848415
2001-05-02 04:00:00,21.8890853837,21.5067977905,21.513013400776757
2001-05-03 04:00:00,21.3495643658,21.1275901794,21.302328882514118
2001-05-04 04:00:00,20.9641950088,21.8120117188,21.708681514813435
2001-05-07 04:00:00,21.8366751066,22.00623703,22.13922038361916
2001-05-08 04:00:00,22.1203024326,22.2158737183,21.96188864011887
2001-05-09 04:00:00,21.9630775419,21.7041091919,21.63541533220628
2001-05-10 04:00:00,21.9291662604,21.5807914734,21.668149254960582
2001-05-11 04:00:00,21.5684508704,21.3958053589,21.253654572259933
2001-05-14 04:00:00,21.3125711271,21.186170578,21.129455755310488
2001-05-15 04:00:00,21.1923261286,21.0474262238,21.15129544374129
2001-05-16 04:00:00,20.8717092663,21.3218250275,21.31934048715101
2001-05-17 04:00:00,21.3033236072,21.0166072845,21.168398031732508
2001-05-18 04:00:00,20.8686283269,20.9919452667,21.13556446407223
2001-05-21 04:00:00,20.9796093186,21.2077484131,21.387342398079014
2001-05-22 04:00:00,21.4112160586,21.6763515472,21.575018474797787
2001-05-23 04:00:00,21.7010260098,21.4883003235,21.78187585456965
2001-05-24 04:00:00,21.5622872355,22.1110553741,21.85032903478327
2001-05-25 04:00:00,22.0925584447,21.8613357544,21.829488709680923
2001-05-29 04:00:00,21.8274246675,21.6856060028,21.87913837304329
2001-05-30 04:00:00,21.4451287419,21.3310604095,21.47179930965015
2001-05-31 04:00:00,21.4235532455,21.3279819489,21.371901175240282
2001-06-01 04:00:00,21.4574669219,21.6856060028,21.506150565565385
2001-06-04 04:00:00,21.7503477587,21.8212547302,21.68555013827107
2001-06-05 04:00:00,21.8151025756,22.3823680878,22.326387415880063
2001-06-06 04:00:00,22.4717656988,22.3083686829,22.283646196693255
2001-06-07 04:00:00,22.2343762051,22.7153186798,22.63111452414485
2001-06-08 04:00:00,22.721486434,22.5642566681,22.322151964196102
2001-06-11 04:00:00,22.4594362172,22.234380722,22.128202777752378
2001-06-12 04:00:00,21.8952419975,22.222038269,22.194053091039507
2001-06-13 04:00:00,22.2127905562,21.7935066223,21.923710505908275
2001-06-14 04:00:00,21.6486071343,21.2416553497,21.271739651846843
2001-06-15 04:00:00,20.8131357132,20.9703655243,20.73130740174814
2001-06-18 04:00:00,20.9487779596,20.6189002991,20.462290418694536
2001-06-19 04:00:00,21.0289350358,20.7545509338,20.846029652943386
2001-06-20 04:00:00,20.6990542424,21.3988895416,21.2977003787734
2001-06-21 04:00:00,21.3187232735,21.5314464569,21.61407601826607
2001-06-22 04:00:00,21.5807882252,21.2200813293,21.375674782677997
2001-06-25 04:00:00,21.3033220368,21.2262477875,21.145514313965748
2001-06-26 04:00:00,20.9086964939,21.6239452362,21.472254783338613
2001-06-27 04:00:00,21.5376274003,21.9322471619,21.82857772420374
2001-06-28 04:00:00,22.058651917,22.4255237579,22.9257603722339
2001-06-29 04:00:00,22.3823589219,22.5056781769,22.283865260831732
2001-07-02 04:00:00,22.2127981725,21.7657661438,22.002570353129336
2001-07-03 04:00:00,21.6732847196,21.7256946564,21.714399961109642
2001-07-05 04:00:00,21.6486072891,21.1214199066,21.323363651552413
2001-07-06 04:00:00,21.0566833829,20.3660964966,20.412880918946193
2001-07-09 04:00:00,20.4092534191,20.2520236969,20.294554241233627
2001-07-10 04:00:00,20.3167693682,19.878988266,20.013316748762165
2001-07-11 04:00:00,19.7957505184,20.501750946,20.42294694962858
2001-07-12 04:00:00,21.7965964903,22.0740642548,22.0440202764252
2001-07-13 04:00:00,22.0123939861,21.993894577,22.054783877238663
2001-07-16 04:00:00,22.027821146,21.9445819855,21.878672091661137
2001-07-17 04:00:00,21.7842587832,22.1418819427,21.992692258428193
2001-07-18 04:00:00,21.7657697595,21.756521225,21.81048163800493
2001-07-19 04:00:00,21.9569112726,22.3731117249,22.4049438029813
2001-07-20 04:00:00,20.973440005,21.3279819489,21.297481786883246
2001-07-23 04:00:00,21.3464803526,20.6836414337,20.61121977910591
2001-07-24 04:00:00,20.655889054,20.4462471008,20.573016770716933
2001-07-25 04:00:00,20.4277542639,20.8038768768,20.578971917481923
2001-07-26 04:00:00,20.6928888506,20.5294895172,20.335315380640452
2001-07-27 04:00:00,20.3630169184,20.1842041016,20.16613366785751
2001-07-30 04:00:00,20.2396951575,20.2859401703,20.52371055893382
2001-07-31 04:00:00,20.3506801669,20.4061737061,20.658217463333493
2001-08-01 04:00:00,20.5942407883,20.4925022125,20.341156586382155
2001-08-02 04:00:00,20.720635634,20.794626236,20.568699924807248
2001-08-03 04:00:00,20.7483796945,20.6219768524,20.440055614108324
2001-08-06 04:00:00,20.5109935692,20.3876743317,20.447850017629378
2001-08-07 04:00:00,20.359928359,20.455499649,20.606317381004928
2001-08-08 04:00:00,20.5048397223,19.9961490631,20.171664216249525
2001-08-09 04:00:00,20.0331365693,20.0423851013,20.008740415433465
2001-08-10 04:00:00,19.9683833344,20.1996059418,19.76086055483986
2001-08-13 04:00:00,20.1132924791,20.2951889038,20.18201308579664
2001-08-14 04:00:00,20.2705233978,19.9437294006,20.02954216894849
2001-08-15 04:00:00,19.9498971981,19.484369278,19.653978133826897
2001-08-16 04:00:00,19.3733765806,19.9221458435,19.8037945603103
2001-08-17 04:00:00,19.6631809276,19.0774173737,19.16929218319993
2001-08-20 04:00:00,19.0095939055,19.3302230835,19.141278963590572
2001-08-21 04:00:00,19.3302137522,18.7382831573,18.947654647216886
2001-08-22 04:00:00,18.8461881296,18.7012882233,18.33104717184534
2001-08-23 04:00:00,18.7043767968,18.2265167236,18.49152804289922
2001-08-24 04:00:00,18.3744978262,19.129825592,18.940430302463355
2001-08-27 04:00:00,19.0835821203,19.2099838257,19.36485035952125
2001-08-28 04:00:00,19.2192286209,18.7259540558,18.92297400598669
2001-08-29 04:00:00,18.8215351776,18.5748977661,18.502445722766076
2001-08-30 04:00:00,18.2018484529,17.5544242859,17.709354586094122
2001-08-31 04:00:00,17.5266773328,17.5883369446,17.688304284241312
2001-09-04 04:00:00,17.63150544,17.2954616547,17.810092882146364
2001-09-05 04:00:00,17.3201218057,17.8010654449,17.66168726419194
2001-09-06 04:00:00,17.4372726112,17.2707920074,17.720587436246234
2001-09-07 04:00:00,17.2985375596,17.0796470642,17.404642060261907
2001-09-10 04:00:00,16.9316702795,17.7517414093,17.619749495314842
2001-09-17 04:00:00,16.6542024703,16.3119926453,16.60918888077245
2001-09-18 04:00:00,16.4661386886,16.7466888428,16.799209920626822
2001-09-19 04:00:00,16.7898473189,16.6079521179,15.855367371470813
2001-09-20 04:00:00,16.1393459397,15.6491537094,15.77532730395702
2001-09-21 04:00:00,14.7735913671,15.3254432678,15.3222548459974
2001-09-24 04:00:00,15.6152420256,16.0345249176,15.857938189825106
2001-09-25 04:00:00,16.1146831723,15.8156347275,15.752910195969136
2001-09-26 04:00:00,15.8803695808,15.4980821609,15.450573090009541
2001-09-27 04:00:00,15.4456815781,15.4025201797,15.049331841176908
2001-09-28 04:00:00,15.2976918366,15.775551796,15.617616878113836
2001-10-01 04:00:00,15.7046474206,15.9667005539,15.954194109766945
2001-10-02 04:00:00,15.9173766168,16.3551578522,16.374001514679364
2001-10-03 04:00:00,16.179423421,17.3355369568,17.247387324330006
2001-10-04 04:00:00,17.5482662456,17.4002838135,17.73383529307236
2001-10-05 04:00:00,17.3139572135,17.7949008942,17.454058093252875
2001-10-08 04:00:00,17.5112622311,17.8935508728,17.95540272549559
2001-10-09 04:00:00,17.7270731526,16.8206806183,16.895369253869575
2001-10-10 04:00:00,16.5247200812,17.1135673523,16.900153065810372
2001-10-11 04:00:00,17.1906440052,17.3632907867,17.159260003023803
2001-10-12 04:00:00,17.1721405097,17.3817825317,17.11197354323464
2001-10-15 04:00:00,17.2338052971,17.8997268677,17.86211672153229
2001-10-16 04:00:00,17.8411419085,18.0199546814,17.93333121544245
2001-10-17 04:00:00,18.2265157402,17.2738780975,17.4662527525074
2001-10-18 04:00:00,17.3694517107,17.4958534241,17.462822923591304
2001-10-19 04:00:00,17.6962448253,17.8503932953,17.395580893487505
2001-10-22 04:00:00,17.8503970379,18.5471477509,18.303101775623077
2001-10-23 04:00:00,18.6427185138,18.6303863525,18.61236005778062
2001-10-24 04:00:00,18.6519664789,18.9047698975,18.707363653777215
2001-10-25 04:00:00,18.6858785807,19.2870578766,18.910755718489554
2001-10-26 04:00:00,19.2130645619,19.1760692596,19.48149011328509
2001-10-29 05:00:00,19.145245527,18.3868350983,18.517361073001794
2001-10-30 05:00:00,18.1648521152,18.1525211334,18.137373418962888
2001-10-31 05:00:00,18.2820022827,17.9274616241,18.329008597920236
2001-11-01 05:00:00,18.5224860199,19.0650882721,18.93631867010599
2001-11-02 05:00:00,19.092832759,18.92943573,19.001180810492286
2001-11-05 05:00:00,19.0712522138,19.5059509277,19.581866944930155
2001-11-06 05:00:00,19.3302167249,19.9714736938,19.746399730136005
2001-11-07 05:00:00,19.7988321403,19.8080806732,19.964524201096374
2001-11-08 05:00:00,19.8728267774,19.8604946136,20.066878721957465
2001-11-09 05:00:00,19.8358228836,20.1040420532,20.055626010619363
2001-11-12 05:00:00,19.9468167267,20.2828617096,20.109962549612945
2001-11-13 05:00:00,20.5942405459,20.9333667755,20.835889839396486
2001-11-14 05:00:00,21.035104865,20.3321857452,20.443065100906992
2001-11-15 05:00:00,20.3784228943,20.3845901489,20.454397142587794
2001-11-16 05:00:00,20.4585843861,20.2705230713,20.16741982245378
2001-11-19 05:00:00,20.4246679496,20.5140743256,20.470892770175865
2001-11-20 05:00:00,20.4863367373,20.1626262665,20.459403331393375
2001-11-21 05:00:00,19.8419950383,19.7464237213,19.68537127487891
2001-11-23 05:00:00,19.8481591958,19.9498977661,19.768803650920376
2001-11-26 05:00:00,20.0362211057,20.0824661255,20.071593745728265
2001-11-27 05:00:00,19.9745618943,19.650850296,19.526419059530625
2001-11-28 05:00:00,19.4751153655,19.3610458374,19.604576886570932
2001-11-29 05:00:00,19.4596975448,19.9899673462,19.86059645235241
2001-11-30 05:00:00,19.9344770397,19.7957420349,19.860591144350607
2001-12-03 05:00:00,19.6785957791,19.9683933258,20.023961778741537
2001-12-04 05:00:00,20.0393020745,20.3475990295,20.081450592686075
2001-12-05 05:00:00,20.4986579557,20.995016098,20.585550247189715
2001-12-06 05:00:00,20.958034286,21.1645927429,21.108831451134407
2001-12-07 05:00:00,21.0412692953,20.9117851257,20.757916724694567
2001-12-10 05:00:00,20.8162090148,20.6743927002,20.885254995272575
2001-12-11 05:00:00,20.8593731217,20.7545509338,20.835085183262194
2001-12-12 05:00:00,20.7052237311,20.9487762451,20.682504119407803
2001-12-13 05:00:00,20.6959809221,20.4308452606,20.704617226352127
2001-12-14 05:00:00,20.353758702,20.7915420532,20.812885549332165
2001-12-17 05:00:00,20.7083040515,21.2663230896,21.191063370795234
2001-12-18 05:00:00,21.2478170992,21.35572052,21.296568018320883
2001-12-19 05:00:00,21.1553422877,21.4235591888,21.434557691710907
2001-12-20 05:00:00,21.3187329233,20.5819034576,20.701224398480818
2001-12-21 05:00:00,20.9672800351,20.8223800659,20.72243305315179
2001-12-24 05:00:00,20.8778707873,20.7391357422,20.832986026094424
2001-12-26 05:00:00,20.7853797779,20.8655376434,21.192696765211032
2001-12-27 05:00:00,20.9580221454,20.9179420471,20.963137753039625
2001-12-28 05:00:00,21.0350974793,20.9241104126,21.062987537123618
2001-12-31 05:00:00,20.9148660585,20.4246749878,20.6720720054349
2002-01-02 05:00:00,20.5479906289,20.6682262421,20.378014891913793
2002-01-03 05:00:00,20.6898123599,21.3434028625,21.218456359230572
2002-01-04 05:00:00,21.3495587865,21.2416553497,21.374536898451055
2002-01-07 05:00:00,21.5037072282,21.1368331909,21.221233212930883
2002-01-08 05:00:00,21.1769175194,21.3896408081,21.29680512797561
2002-01-09 05:00:00,21.4944592795,21.1830787659,21.42453219721783
2002-01-10 05:00:00,21.1121818393,21.3588180542,21.356707977635317
2002-01-11 05:00:00,21.4328011757,21.1522521973,21.273595005349037
2002-01-14 05:00:00,21.0566789898,21.1090888977,21.105906136963263
2002-01-15 05:00:00,21.1676612245,21.4420452118,21.37430313837538
2002-01-16 05:00:00,21.2262400424,20.9241104126,21.221988944061295
2002-01-17 05:00:00,21.1275926076,21.5376281738,21.465678603743534
2002-01-18 05:00:00,20.6867283216,20.3784313202,20.446956963179787
2002-01-22 05:00:00,20.535654831,19.8728160858,19.941979359333438
2002-01-23 05:00:00,19.7464227845,19.650850296,19.70973815148588
2002-01-24 05:00:00,19.7618366122,19.9159851074,19.959541431889363
2002-01-25 05:00:00,19.7895769012,19.6693401337,19.786718009547215
2002-01-28 05:00:00,19.8019190384,19.6755161285,19.51395333568528
2002-01-29 05:00:00,19.7001699863,19.213060379,19.363089247021477
2002-01-30 05:00:00,19.2531391758,19.3764572144,19.084396165648357
2002-01-31 05:00:00,19.4412016668,19.6415939331,19.392208439253785
2002-02-01 05:00:00,19.7772473612,19.3178844452,19.439379236971362
2002-02-04 05:00:00,19.237730024,18.8431091309,18.892462022523603
2002-02-05 05:00:00,18.7444494397,18.8523540497,19.025833679857882
2002-02-06 05:00:00,18.9941727826,18.6211338043,18.721535259584826
2002-02-07 05:00:00,18.590303777,18.4361553192,18.77744818366709
2002-02-08 05:00:00,18.5348172577,18.6982154846,18.342882123070673
2002-02-11 05:00:00,18.5008980025,18.8461914062,18.702308945786243
2002-02-12 05:00:00,18.6488859478,18.5409812927,18.626470594491835
2002-02-13 05:00:00,18.5779705992,19.0589141846,18.902642470927404
2002-02-14 05:00:00,19.1144077058,19.0157527924,19.190786899966454
2002-02-15 05:00:00,19.0219244431,18.5687274933,18.732350323111277
2002-02-19 05:00:00,18.4700690836,18.1679382324,18.197672231202993
2002-02-20 05:00:00,18.3128429191,18.4669914246,18.40177705999473
2002-02-21 05:00:00,18.4114914972,17.8966350555,18.112713631261087
2002-02-22 05:00:00,17.896636559,17.8781394958,17.844074773544932
2002-02-25 05:00:00,17.8627224368,18.2141819,18.334131830459278
2002-02-26 05:00:00,18.220351992,18.0507888794,18.138740427978142
2002-02-27 05:00:00,18.211103076,18.0014610291,18.20431450795183
2002-02-28 05:00:00,18.1216883981,17.986038208,18.19030288288576
2002-03-01 05:00:00,18.2049398693,18.9201889038,18.739650501086246
2002-03-04 05:00:00,18.8801012194,19.5151920319,19.34476633364183
2002-03-05 05:00:00,19.4227081157,19.4473724365,19.47797047371298
2002-03-06 05:00:00,19.3949634301,19.6169376373,19.412775337380893
2002-03-07 05:00:00,19.6292668984,19.3363857269,19.223493974052857
2002-03-08 05:00:00,19.6169308011,19.7155857086,19.77046615351251
2002-03-11 05:00:00,19.5799391052,19.8358249664,19.822309253243617
2002-03-12 05:00:00,19.2747329653,19.2808990479,19.134930865444012
2002-03-13 05:00:00,19.1390739727,19.1452388763,19.346249500176228
2002-03-14 05:00:00,19.1575740775,18.8739414215,18.911622948893367
2002-03-15 05:00:00,18.8061169942,19.2654800415,19.177125856683297
2002-03-18 05:00:00,19.342554515,19.1575756073,19.016289282302758
2002-03-19 05:00:00,19.1699014759,19.1853160858,19.205114430935865
2002-03-20 05:00:00,18.9294315016,18.5286445618,18.754768382549976
2002-03-21 05:00:00,18.5625608176,18.9171028137,18.810818028388184
2002-03-22 05:00:00,18.8215305296,18.6365528107,18.64030507282284
2002-03-25 05:00:00,18.6457947518,18.2604236603,18.385389138085564
2002-03-26 05:00:00,18.2203468033,18.2141819,18.46839270480784
2002-03-27 05:00:00,18.1278606546,18.325170517,18.34700670849368
2002-03-28 05:00:00,18.4824024207,18.5933895111,18.589019316914744
2002-04-01 05:00:00,18.4454099546,18.6149730682,18.43211741116734
2002-04-02 05:00:00,18.1586922031,17.6592502594,17.751515314749803
2002-04-03 05:00:00,17.7085817933,17.3663730621,17.257049219884053
2002-04-04 05:00:00,17.2584623379,17.4033622742,17.363812988199754
2002-04-05 05:00:00,17.539013277,17.2245502472,17.37671813217184
2002-04-08 04:00:00,16.740521419,17.6407489777,17.470287092052565
2002-04-09 04:00:00,17.6746594884,16.9162483215,17.05281999605731
2002-04-10 04:00:00,16.9933299672,17.3571205139,17.470810569621108
2002-04-11 04:00:00,17.2307221288,16.8915958405,17.016106773987715
2002-04-12 04:00:00,17.0025840036,17.2430553436,17.20688277643609
2002-04-15 04:00:00,17.2646322482,17.1690597534,17.301388758035074
2002-04-16 04:00:00,17.3879503033,17.8226490021,17.80075751436555
2002-04-17 04:00:00,17.8658026065,17.4588508606,17.559783097328676
2002-04-18 04:00:00,17.5081875197,17.3787021637,16.577519227802924
2002-04-19 04:00:00,17.7085731153,17.6345825195,17.70012037835702
2002-04-22 04:00:00,17.424945659,17.1382293701,17.084620435722414
2002-04-23 04:00:00,17.1721442095,16.6449565887,16.58833362104636
2002-04-24 04:00:00,16.6017911746,16.345905304,16.531576540575486
2002-04-25 04:00:00,16.3089068124,16.5647926331,16.689247677550952
2002-04-26 04:00:00,16.6696096783,15.877286911,16.093703430769096
2002-04-29 04:00:00,15.8680474862,16.1054363251,16.21858648169956
2002-04-30 04:00:00,16.0622734024,16.1116008759,16.315863463587988
2002-05-01 04:00:00,16.0807638817,16.2626590729,15.950195960402212
2002-05-02 04:00:00,16.2287484138,15.7878837585,16.197971095431015
2002-05-03 04:00:00,15.8033045408,15.2792005539,15.459506274915086
2002-05-06 04:00:00,15.242201418,14.9893980026,15.23933357205037
2002-05-07 04:00:00,15.1620526734,15.2514591217,15.223868206720184
2002-05-08 04:00:00,15.8063872079,16.9470863342,16.699797372151906
2002-05-09 04:00:00,16.7713534694,16.0684356689,16.27750512625667
2002-05-10 04:00:00,16.1948388829,15.4302625656,15.578345907898374
2002-05-13 04:00:00,15.5535845828,16.2441692352,15.977068745788046
2002-05-14 04:00:00,16.7713577109,16.9193401337,16.84216507921324
2002-05-15 04:00:00,16.7991024148,16.8792591095,17.118557425005726
2002-05-16 04:00:00,16.8669263698,17.1844730377,17.181754802264855
2002-05-17 04:00:00,17.3293716438,17.2738780975,17.142048481390248
2002-05-20 04:00:00,17.1104881259,16.6511249542,16.61355048683258
2002-05-21 04:00:00,16.6326166633,16.090013504,16.32740047807887
2002-05-22 04:00:00,15.9913631525,16.5524635315,16.444089339283025
2002-05-23 04:00:00,16.5555428575,16.9008350372,16.662663156391268
2002-05-24 04:00:00,16.6911948807,16.4198932648,16.507626188262762
2002-05-28 04:00:00,16.5216356594,16.1300983429,16.077694655851815
2002-05-29 04:00:00,15.9235416382,16.0468597412,16.16622067682661
2002-05-30 04:00:00,15.9204551696,16.2287521362,16.292203363674034
2002-05-31 04:00:00,16.3089048494,15.6953935623,15.919811657237048
2002-06-03 04:00:00,15.7200636448,15.2360363007,15.4137620069787
2002-06-04 04:00:00,15.2606947477,15.4086771011,15.621093592138521
2002-06-05 04:00:00,15.5474190977,15.9266242981,15.850287075459306
2002-06-06 04:00:00,15.8772892225,16.0006084442,15.651889293995538
2002-06-07 04:00:00,15.3809318155,16.0252723694,16.03891800712428
2002-06-10 04:00:00,15.9235451367,16.2842521667,16.283513836108853
2002-06-11 04:00:00,16.4137300535,16.2071704865,16.43839834345492
2002-06-12 04:00:00,16.2102590312,17.1228179932,16.97508359653186
2002-06-13 04:00:00,16.9070099267,16.7158660889,16.90626939520699
2002-06-14 04:00:00,16.3859822244,17.033405304,16.938797408191917
2002-06-17 04:00:00,17.1598056768,17.165971756,17.284253639272663
2002-06-18 04:00:00,17.119729595,17.2615470886,17.267859127011555
2002-06-19 04:00:00,17.1012296025,16.7590198517,16.926984566533648
2002-06-20 04:00:00,16.7621057549,16.6788654327,16.82718967415485
2002-06-21 04:00:00,16.4630530397,16.1177597046,16.46077050987428
2002-06-24 04:00:00,16.0591919711,16.6973667145,16.624617451891226
2002-06-25 04:00:00,16.8638472547,16.3243274689,16.45323202845264
2002-06-26 04:00:00,15.7385554019,16.6881103516,16.55756053988614
2002-06-27 04:00:00,16.8330142977,16.9316692352,16.473634688960487
2002-06-28 04:00:00,16.8175950993,16.8638401031,16.98565536435499
2002-07-01 04:00:00,16.6850358143,16.2349224091,16.360464598217987
2002-07-02 04:00:00,16.148599916,15.8587999344,16.01618201084309
2002-07-03 04:00:00,15.7971408529,15.9821186066,15.91133489725263
2002-07-05 04:00:00,16.367489152,16.9100914001,16.80576426313675
2002-07-08 04:00:00,16.7744379187,16.3150749207,16.435263042903415
2002-07-09 04:00:00,16.4353084693,16.4044780731,16.70113036845494
2002-07-10 04:00:00,16.5524660489,16.1054363251,16.28075093122525
2002-07-11 04:00:00,16.0437746105,16.3119926453,16.097626830149103
2002-07-12 04:00:00,16.4538081815,15.9882802963,16.059857155393132
2002-07-15 04:00:00,15.8433792262,15.9697809219,15.085668923531173
2002-07-16 04:00:00,15.8187168224,15.8002185822,16.015046334537658
2002-07-17 04:00:00,16.1917572098,16.0314426422,16.03965701090516
2002-07-18 04:00:00,16.0499395256,15.7570571899,15.860426998523309
2002-07-19 04:00:00,15.3747718763,15.2792005539,15.355256597806715
2002-07-22 04:00:00,15.0911395135,14.6471910477,14.559117687394952
2002-07-23 04:00:00,14.3327289816,13.2598543167,13.500640754093993
2002-07-24 04:00:00,12.8714014575,14.2525720596,13.906690278039974
2002-07-25 04:00:00,14.0120886456,13.2043514252,13.299995366686332
2002-07-26 04:00:00,13.4849080071,13.9812650681,13.880605120014863
2002-07-29 04:00:00,14.443713709,14.8753299713,14.724838556841618
2002-07-30 04:00:00,14.6595212911,14.8290843964,14.92045649387066
2002-07-31 04:00:00,14.6780094956,14.7920789719,14.455501967812694
2002-08-01 04:00:00,14.6687726135,14.1045885086,14.25971643684764
2002-08-02 04:00:00,14.0305944316,13.6914682388,13.67567877451637
2002-08-05 04:00:00,13.6544671558,13.5619783401,13.749640067485068
2002-08-06 04:00:00,13.8425322209,14.0799198151,14.403581164657325
2002-08-07 04:00:00,14.48995914,14.5177059174,14.092112034171961
2002-08-08 04:00:00,14.5238642211,15.0787982941,14.807877207340503
2002-08-09 04:00:00,14.844493884,14.8352441788,14.967587610926799
2002-08-12 04:00:00,14.6780168823,14.9431524277,14.959576371052947
2002-08-13 04:00:00,14.7951676516,14.5084514618,14.939715876543858
2002-08-14 04:00:00,14.5670329459,15.3254432678,15.16566960824052
2002-08-15 04:00:00,15.40251578,15.3439397812,15.285852778542107
2002-08-16 04:00:00,15.2391153796,15.4148445129,15.30897367166392
2002-08-19 04:00:00,15.4271808556,16.0314426422,15.873873969522194
2002-08-20 04:00:00,15.8402907829,15.7354698181,15.763267853682237
2002-08-21 04:00:00,15.8957867618,16.1177597046,15.997257730160698
2002-08-22 04:00:00,16.2934932688,16.4106464386,16.3836481885101
2002-08-23 04:00:00,16.2349220483,16.0992717743,16.077474222859955
2002-08-26 04:00:00,16.1855942164,16.0622749329,15.88848238048756
2002-08-27 04:00:00,16.1331786633,15.6738157272,15.735196456823083
2002-08-28 04:00:00,15.5628315013,15.2237052917,15.30862870050008
2002-08-29 04:00:00,15.0726386763,15.5936613083,15.49640029057344
2002-08-30 04:00:00,15.457999372,15.1312055588,15.252871033525302
2002-09-03 04:00:00,14.9585677734,14.4961223602,14.571654720028917
2002-09-04 04:00:00,14.6286946847,14.8629999161,14.837276781524167
2002-09-05 04:00:00,14.6441057152,14.1539134979,14.235689370568409
2002-09-06 04:00:00,14.7211809172,14.7427616119,14.782269971484354
2002-09-09 04:00:00,14.5670264819,15.0140571594,14.825793812216588
2002-09-10 04:00:00,14.9647341016,15.3501052856,15.233823983819107
2002-09-11 04:00:00,15.4857641644,14.9770746231,15.263720789251153
2002-09-12 04:00:00,14.8444935536,14.5361967087,14.59515073161667
2002-09-13 04:00:00,14.4591274561,14.7705068588,14.783392320985897
2002-09-16 04:00:00,14.6749370477,14.730430603,14.668248514314215
2002-09-17 04:00:00,15.0048147528,14.5793657303,14.689330366212985
2002-09-18 04:00:00,14.4036381995,14.7211837769,14.764046780138884
2002-09-19 04:00:00,14.3912945639,14.5516090393,14.651729043417276
2002-09-20 04:00:00,14.7088443566,14.631770134,14.680359346371432
2002-09-23 04:00:00,14.3666316899,13.9442653656,13.9355473618702
2002-09-24 04:00:00,13.8209560156,14.0706758499,14.175828555859255
2002-09-25 04:00:00,14.3049784004,14.3388900757,14.097277259328436
2002-09-26 04:00:00,14.5238696925,14.2433195114,14.324561717947844
2002-09-27 04:00:00,14.1939933986,13.9504384995,14.237334586301358
2002-09-30 04:00:00,13.8332827847,13.4849081039,13.423911207172324
2002-10-01 04:00:00,13.6637247586,14.2525720596,13.844699687204468
2002-10-02 04:00:00,14.2124833207,14.0614185333,14.147577135290078
2002-10-03 04:00:00,13.9658521632,13.8117036819,14.103678890899218
2002-10-04 04:00:00,13.9936005043,13.4941596985,13.602432226184675
2002-10-07 04:00:00,13.5064909137,13.5804815292,13.78475870699755
2002-10-08 04:00:00,13.7962894291,13.8702812195,13.940147169397463
2002-10-09 04:00:00,13.6359689222,13.5619783401,13.82917308748624
2002-10-10 04:00:00,13.5650667009,14.2988138199,14.012003950928573
2002-10-11 04:00:00,14.6009432388,15.0664710999,14.891092213575234
2002-10-14 04:00:00,14.8753280686,15.1959571838,15.038647267535879
2002-10-15 04:00:00,15.8033047852,16.1208515167,15.923041572334995
2002-10-16 04:00:00,15.5350822418,15.5412483215,15.726193895473983
2002-10-17 04:00:00,16.1177687629,15.6522407532,15.601127824826186
2002-10-18 04:00:00,16.2164201465,16.3859844208,15.992114846609113
2002-10-21 04:00:00,16.0221897776,16.1886692047,16.120357036089175
2002-10-22 04:00:00,15.8557074035,15.9296979904,15.882115871178804
2002-10-23 04:00:00,15.8557175031,16.4014034271,16.30862710901264
2002-10-24 04:00:00,16.45072593,15.7940530777,15.823790830504343
2002-10-25 04:00:00,15.8002202756,16.2410850525,16.161770226900806
2002-10-28 05:00:00,16.4630582818,16.0160274506,16.00605646869969
2002-10-29 05:00:00,16.0776867056,16.0530223846,15.831724194695298
2002-10-30 05:00:00,16.0931013219,16.3736515045,16.242976720810944
2002-10-31 05:00:00,16.3983104741,16.4846343994,16.533117817366552
2002-11-01 05:00:00,16.1640096731,16.3397388458,16.23219760100595
2002-11-04 05:00:00,17.49585518,17.2954616547,17.30857160760565
2002-11-05 05:00:00,17.1967984089,17.4742660522,17.402884000892115
2002-11-06 05:00:00,17.5698471292,17.5821781158,17.228303347878594
2002-11-07 05:00:00,17.3262888125,17.2677116394,17.25709862740824
2002-11-08 05:00:00,17.2646254874,16.9871578217,17.151547603582756
2002-11-11 05:00:00,16.9779068281,16.6048679352,16.670817812729794
2002-11-12 05:00:00,16.6788637302,16.8052654266,16.959521487453827
2002-11-13 05:00:00,16.7220276046,17.06731987,17.10823565894836
2002-11-14 05:00:00,17.2615463494,17.5698432922,17.48606623059061
2002-11-15 05:00:00,17.4496034679,17.477350235,17.296550324895463
2002-11-18 05:00:00,17.5575189115,17.2183914185,17.27363777335384
2002-11-19 05:00:00,17.1258962517,16.9131717682,16.874940577975394
2002-11-20 05:00:00,16.9594196981,17.4557781219,17.40741019550822
2002-11-21 05:00:00,17.5667565022,17.8318920135,17.773280728444554
2002-11-22 05:00:00,17.7116602008,17.949048996,17.825162470670342
2002-11-25 05:00:00,17.8997194525,17.952129364,17.92457657369569
2002-11-26 05:00:00,17.7702342461,17.5420951843,17.7060852831747
2002-11-27 05:00:00,17.7579002481,17.9058837891,17.962227607529535
2002-11-29 05:00:00,18.0137887558,17.7825660706,17.879067217705227
2002-12-02 05:00:00,18.0816084566,17.7856426239,17.742415388804886
2002-12-03 05:00:00,17.6592496828,17.4835205078,17.461399646066518
2002-12-04 05:00:00,17.3047086757,17.4311103821,17.552678158901323
2002-12-05 05:00:00,17.5575156196,17.0611572266,17.173870626467462
2002-12-06 05:00:00,16.9162479893,17.1012268066,16.968705659074416
2002-12-09 05:00:00,16.9563306232,16.5031337738,16.632944384843192
2002-12-10 05:00:00,16.5123922076,16.6511249542,16.724585999121288
2002-12-11 05:00:00,16.6017919313,16.8515129089,16.8229394043244
2002-12-12 05:00:00,16.9563263978,16.7004394531,16.640899654685768
2002-12-13 05:00:00,16.5493773582,16.1855869293,16.267069771617088
2002-12-16 05:00:00,16.3397410865,16.7960205078,16.639577553096686
2002-12-17 05:00:00,16.7775169132,16.7590198517,16.759645755479355
2002-12-18 05:00:00,16.5987062425,16.5031337738,16.471675066972068
2002-12-19 05:00:00,16.4168128901,16.3736515045,16.69422250136597
2002-12-20 05:00:00,16.4908037119,16.3520698547,16.41610798866253
2002-12-23 05:00:00,16.3551527161,16.6480350494,16.624161579259265
2002-12-24 05:00:00,16.5062179766,16.592540741,16.67820926696737
2002-12-26 05:00:00,16.657288013,16.4599781036,16.603943342240697
2002-12-27 05:00:00,16.4260594973,16.330488205,16.511701955159616
2002-12-30 05:00:00,16.3428157376,16.2626590729,16.21598412786166
2002-12-31 05:00:00,16.2595864184,15.9389572144,15.945245679659955
2003-01-02 05:00:00,16.1239281345,16.5617103577,16.331704611879402
2003-01-03 05:00:00,16.521626686,16.5832862854,16.39794969094978
2003-01-06 05:00:00,16.6542028349,16.8854255676,16.900528632504475
2003-01-07 05:00:00,16.9316669675,17.2029685974,17.144022650803784
2003-01-08 05:00:00,17.070395685,16.7220211029,16.797200191638268
2003-01-09 05:00:00,16.8700071958,17.2060508728,17.12195741147832
2003-01-10 05:00:00,16.9871620257,17.2399654388,17.2366557552768
2003-01-13 05:00:00,17.4249418281,17.3848628998,17.29679647110013
2003-01-14 05:00:00,17.3663632112,17.5636730194,17.503347865948975
2003-01-15 05:00:00,17.5729245779,17.3478679657,17.451194751873516
2003-01-16 05:00:00,17.3632841047,17.0642356873,17.139808076506796
2003-01-17 05:00:00,16.3212429559,15.8649635315,15.921923581860142
2003-01-21 05:00:00,15.9913658161,15.824886322,15.917812715908681
2003-01-22 05:00:00,15.9050436386,15.7231483459,15.93395210733356
2003-01-23 05:00:00,16.0160223508,16.1177597046,16.04106705563784
2003-01-24 05:00:00,16.0406842371,15.3685970306,15.449463489490078
2003-01-27 05:00:00,15.2052110945,15.1589660645,15.287524968075275
2003-01-28 05:00:00,15.3192671112,15.0510492325,15.036535048725007
2003-01-29 05:00:00,15.0233106678,15.3871011734,15.14126433033963
2003-01-30 05:00:00,15.464170426,14.8722410202,14.963369050951158
2003-01-31 05:00:00,14.6286876825,14.631770134,14.745457039485615
2003-02-03 05:00:00,14.7766778314,14.970905304,14.946118626427165
2003-02-04 05:00:00,14.7365930345,14.5886106491,14.539257574439915
2003-02-05 05:00:00,14.7458392372,14.4776201248,14.637569599809268
2003-02-06 05:00:00,14.4467907783,14.619436264,14.560566397861862
2003-02-07 05:00:00,14.7612604446,14.3604745865,14.404080813169493
2003-02-10 05:00:00,14.4282934575,14.6071062088,14.54273882595757
2003-02-11 05:00:00,14.5824527051,14.317317009,14.341990224768267
2003-02-12 05:00:00,14.3512298784,14.317317009,14.416556599517477
2003-02-13 05:00:00,14.308063664,14.4868764877,14.41474399901172
2003-02-14 05:00:00,14.5670307429,14.8907423019,14.753028312912221
2003-02-18 05:00:00,15.1805388384,15.3901796341,15.253961371853876
2003-02-19 05:00:00,15.353071682,15.1736850739,15.051897670270037
2003-02-20 05:00:00,15.3221427718,14.9324388504,15.029971998282065
2003-02-21 05:00:00,15.0252226203,15.235537529,14.973922975794892
2003-02-24 05:00:00,15.1180091725,14.8891353607,14.842619962414496
2003-02-25 05:00:00,14.5612901461,14.9633646011,14.840653612230724
2003-02-26 05:00:00,14.8891330732,14.6045885086,14.836271181212197
2003-02-27 05:00:00,14.7839742458,14.5860300064,14.62984779812173
2003-02-28 05:00:00,14.6850026414,14.6602602005,14.754219829167155
2003-03-03 05:00:00,14.8582091111,14.5612926483,14.5915511284553
2003-03-04 05:00:00,14.5860402829,14.2705659866,14.361454890384437
2003-03-05 05:00:00,14.2705606315,14.4994344711,14.500900115130648
2003-03-06 05:00:00,14.3324234758,14.3942813873,14.479414889915219
2003-03-07 05:00:00,14.1963318758,14.5736627579,14.586134343035965
2003-03-10 05:00:00,14.4190226031,14.1963357925,14.280432432173754
2003-03-11 05:00:00,14.2643684853,14.1035385132,14.212482187871686
2003-03-12 05:00:00,14.1097259092,14.4685001373,14.28776157867187
2003-03-13 05:00:00,14.6726380291,15.2602863312,15.030706471217862
2003-03-14 05:00:00,15.2664674784,15.3778114319,15.192146958887449
2003-03-17 05:00:00,15.1674917718,16.0396842957,15.77258480188975
2003-03-18 05:00:00,16.0149434567,16.1077308655,15.893889668391964
2003-03-19 05:00:00,16.0706153919,16.2809314728,16.173812058896644
2003-03-20 05:00:00,16.0953566616,16.2376289368,16.165572203890903
2003-03-21 05:00:00,16.546927112,16.4355831146,16.20581510528514
2003-03-24 05:00:00,15.8046324826,15.6438035965,15.805681448046016
2003-03-25 05:00:00,15.8355666388,15.7675228119,15.620466516991982
2003-03-26 05:00:00,15.7489504697,15.6190500259,15.721066235246283
2003-03-27 05:00:00,15.4273026341,15.4891605377,15.409129260007802
2003-03-28 05:00:00,15.2602863312,15.2602863312,15.441406300032085
2003-03-31 05:00:00,15.0004792893,14.9757356644,15.107269928579385
2003-04-01 05:00:00,15.1303776135,15.0623350143,15.145902394753065
2003-04-02 05:00:00,15.5262676161,15.909784317,15.972913388775623
2003-04-03 05:00:00,16.0768027377,15.9159727097,15.931489955320075
2003-04-04 05:00:00,15.9345345972,15.5200881958,15.530486354010385
2003-04-07 04:00:00,16.2252613006,15.5695705414,15.77952548022975
2003-04-08 04:00:00,15.6561681049,15.8231840134,15.860704922900226
2003-04-09 04:00:00,15.8417384981,15.1984186172,15.322204108139687
2003-04-10 04:00:00,15.2850277511,15.2107992172,15.108190993273837
2003-04-11 04:00:00,15.3963719259,14.9695549011,15.056003730335163
2003-04-14 04:00:00,15.0128425184,15.3159446716,15.177004344149324
2003-04-15 04:00:00,15.2664708301,15.2169847488,15.02601647488624
2003-04-16 04:00:00,15.8355616796,15.41492939,15.391440766285228
2003-04-17 04:00:00,15.3221429324,15.7737035751,15.689644661073388
2003-04-21 04:00:00,15.8417461441,15.5943145752,15.574508874617294
2003-04-22 04:00:00,15.5015216117,15.9345254898,15.854637811800217
2003-04-23 04:00:00,15.9283420334,15.909784317,15.90832303766085
2003-04-24 04:00:00,15.7613369022,15.7675228119,15.803674557559674
2003-04-25 04:00:00,15.6685448624,15.6005010605,15.744836804248393
2003-04-28 04:00:00,15.7056562402,15.9221582413,15.9457024125482
2003-04-29 04:00:00,16.0520617171,15.959274292,16.066600792079036
2003-04-30 04:00:00,15.9159648543,15.8169927597,15.747876536842071
2003-05-01 04:00:00,15.7984415579,15.909784317,15.90269984642061
2003-05-02 04:00:00,15.8664935794,16.1448535919,16.14010252637169
2003-05-05 04:00:00,16.2376309532,15.996386528,16.101548342040175
2003-05-06 04:00:00,15.9963887866,16.3118629456,16.29621508617693
2003-05-07 04:00:00,16.1510405717,16.0768108368,16.136499190007775
2003-05-08 04:00:00,15.9283441476,15.9221582413,16.106429926043035
2003-05-09 04:00:00,16.0211297277,16.3056755066,16.317159356578358
2003-05-12 04:00:00,16.1757717524,16.2067012787,16.294022929917105
2003-05-13 04:00:00,16.1077403846,16.0768108368,16.116770600536654
2003-05-14 04:00:00,16.1324755401,15.8479309082,15.909035790456386
2003-05-15 04:00:00,15.9901982412,15.953083992,15.931321707865905
2003-05-16 04:00:00,16.0087510455,15.8169927597,15.855718976429287
2003-05-19 04:00:00,15.7118330057,15.3159446716,15.444804507282655
2003-05-20 04:00:00,15.37781101,15.235537529,15.26677073571308
2003-05-21 04:00:00,15.2355372008,14.8643922806,14.897040553950838
2003-05-22 04:00:00,14.9695449456,14.9448013306,14.928213146717496
2003-05-23 04:00:00,14.9695515165,14.9819221497,15.054399346592135
2003-05-27 04:00:00,15.0004752214,15.3345069885,15.304331022273608
2003-05-28 04:00:00,15.3283268072,15.0994529724,15.130341068750575
2003-05-29 04:00:00,15.1365666537,15.0932664871,15.116993779898593
2003-05-30 04:00:00,15.2973930607,15.2231645584,15.278704315297233
2003-06-02 04:00:00,15.4520410777,15.241724968,15.271228333118628
2003-06-03 04:00:00,15.3097652248,15.3901796341,15.307075711413589
2003-06-04 04:00:00,15.4582283523,15.3839998245,15.44842325312922
2003-06-05 04:00:00,15.1365678564,14.901509285,14.929316194032836
2003-06-06 04:00:00,15.1180027989,14.6416988373,14.772766653979374
2003-06-09 04:00:00,14.6726301439,14.6911878586,14.744259117664043
2003-06-10 04:00:00,14.8087206594,15.2664670944,15.16380023489829
2003-06-11 04:00:00,15.2602791621,15.3901796341,15.279436905006662
2003-06-12 04:00:00,15.4458534382,15.4582252502,15.417261595320959
2003-06-13 04:00:00,15.5881292577,15.2479114532,15.25109005993351
2003-06-16 04:00:00,15.3407005009,15.70566082,15.583100587872977
2003-06-17 04:00:00,15.8603098414,16.0582542419,16.0553563755724
2003-06-18 04:00:00,16.0706211891,16.1262931824,16.158178873200868
2003-06-19 04:00:00,16.1386649986,16.1262931824,16.252352144294527
2003-06-20 04:00:00,16.2933048182,16.2871189117,16.15032735610572
2003-06-23 04:00:00,16.1695890083,15.9469022751,15.888851293015534
2003-06-24 04:00:00,15.8664837272,15.8974132538,15.997581838922756
2003-06-25 04:00:00,15.8602969076,15.6252384186,15.779044457453033
2003-06-26 04:00:00,15.7056624531,15.9283504486,16.165750590541144
2003-06-27 04:00:00,16.0520570988,15.8541116714,16.032200613854414
2003-06-30 04:00:00,16.0458756397,15.8603019714,15.913392116214425
2003-07-01 04:00:00,15.8293730121,16.175775528,16.03099617205112
2003-07-02 04:00:00,16.3922798217,16.6273384094,16.585170892040395
2003-07-03 04:00:00,16.5098047048,16.3922748566,16.500209631943868
2003-07-07 04:00:00,16.7139381839,16.9613685608,16.945448558196567
2003-07-08 04:00:00,16.8624026916,17.1345767975,17.130233121685066
2003-07-09 04:00:00,17.0479681989,16.9922962189,16.96497846056684
2003-07-10 04:00:00,16.8562111274,16.6458950043,16.605140818639427
2003-07-11 04:00:00,16.6706352782,16.893321991,16.892707609705454
2003-07-14 04:00:00,17.0912698231,16.9489974976,16.88704838473035
2003-07-15 04:00:00,16.9923002091,16.8685855865,16.839036184949947
2003-07-16 04:00:00,17.0479720513,17.023229599,16.899987189264934
2003-07-17 04:00:00,16.7881624327,16.509803772,16.548824315480843
2003-07-18 04:00:00,16.7696134674,16.6335258484,16.650493982856567
2003-07-21 04:00:00,16.6211492572,16.1077308655,16.197065011979106
2003-07-22 04:00:00,16.2561936677,16.3180503845,16.323796410503576
2003-07-23 04:00:00,16.3427894807,16.3613471985,16.318396457707337
2003-07-24 04:00:00,16.5654827551,16.0829925537,16.22648633934798
2003-07-25 04:00:00,16.2561948917,16.6335258484,16.482310329437666
2003-07-28 04:00:00,16.664449698,16.460319519,16.469091179434038
2003-07-29 04:00:00,16.6273364496,16.3737201691,16.31342459341812
2003-07-30 04:00:00,16.3675340034,16.2252616882,16.279562249985787
2003-07-31 04:00:00,16.4541330149,16.3366031647,16.502521387915372
2003-08-01 04:00:00,16.287116815,16.1881446838,16.274817124517362
2003-08-04 04:00:00,16.1757820247,16.1943397522,16.10323591690201
2003-08-05 04:00:00,16.2747533942,15.8726787567,16.02612703605739
2003-08-06 04:00:00,15.7984439386,15.8664865494,16.066411463781336
2003-08-07 04:00:00,15.909783737,15.9035978317,15.821961097354908
2003-08-08 04:00:00,16.0087564585,15.8231840134,15.868575848995242
2003-08-11 04:00:00,15.8417444229,15.8417444229,15.999222781514504
2003-08-12 04:00:00,15.9036008968,15.9159727097,15.806385333770379
2003-08-13 04:00:00,15.9530897193,15.835559845,15.859757071796281
2003-08-14 04:00:00,15.8726693871,15.8541116714,15.83310374308435
2003-08-15 04:00:00,15.8417439589,15.7984437943,15.781289532583642
2003-08-18 04:00:00,15.8108117593,15.8974132538,15.899084709016506
2003-08-19 04:00:00,15.9901990652,16.4665031433,16.347029000841133
2003-08-20 04:00:00,16.2685597892,16.3613471985,16.233654472297715
2003-08-21 04:00:00,16.4850673648,16.2314510345,16.262738562458573
2003-08-22 04:00:00,16.5654779141,16.2190742493,16.360977247758612
2003-08-25 04:00:00,16.2747450084,16.3922748566,16.354530189458593
2003-08-26 04:00:00,16.2747530273,16.4355831146,16.277052641974436
2003-08-27 04:00:00,16.3984568395,16.3427848816,16.33275793603341
2003-08-28 04:00:00,16.3922802025,16.3984661102,16.30537637183022
2003-08-29 04:00:00,16.3675304874,16.4046459198,16.363657870482477
2003-09-02 04:00:00,16.515993716,16.8623962402,16.697926319470568
2003-09-03 04:00:00,16.9613657695,17.5057125092,17.427795868218013
2003-09-04 04:00:00,17.3820018289,17.5861320496,17.51559190784264
2003-09-05 04:00:00,17.4624124403,17.5551986694,17.69515960020511
2003-09-08 04:00:00,17.5613846988,17.8397445679,17.804328968421217
2003-09-09 04:00:00,17.7222137762,17.5490131378,17.58545424115904
2003-09-10 04:00:00,17.3387058224,17.0417881012,17.135816881064947
2003-09-11 04:00:00,17.109835938,17.2211799622,17.302886713513246
2003-09-12 04:00:00,16.9984804228,17.530456543,17.44097057952562
2003-09-15 04:00:00,17.549017328,17.5428314209,17.656033298974158
2003-09-16 04:00:00,17.5737592126,17.8768615723,17.80073269224188
2003-09-17 04:00:00,17.7902569577,17.6294269562,17.742905844102225
2003-09-18 04:00:00,17.6232462537,18.248008728,18.094290905995422
2003-09-19 04:00:00,18.4088362234,18.5325508118,18.398017234217036
2003-09-22 04:00:00,18.1799617957,17.9820175171,18.186288787271266
2003-09-23 04:00:00,18.0129438641,18.3098602295,18.1865756862273
2003-09-24 04:00:00,18.3160546294,17.6046905518,17.75150445289306
2003-09-25 04:00:00,17.6108658553,17.4685935974,17.730144769016064
2003-09-26 04:00:00,17.4871596464,17.4376735687,17.678578709652683
2003-09-29 04:00:00,17.5737512409,17.8335533142,17.66657551309885
2003-09-30 04:00:00,17.6851043591,17.196428299,17.268191225468513
2003-10-01 04:00:00,17.33869762,17.6417999268,17.52682078926516
2003-10-02 04:00:00,17.5984986089,17.6294269562,17.620088260754542
2003-10-03 04:00:00,18.0376910299,17.9882049561,18.075441579857568
2003-10-06 04:00:00,18.031502181,18.0562458038,17.991036769123127
2003-10-07 04:00:00,17.9449018241,18.0253162384,18.084721187385824
2003-10-08 04:00:00,18.1614034185,17.8273715973,17.81872948538242
2003-10-09 04:00:00,18.074798581,17.9015979767,17.93082046555574
2003-10-10 04:00:00,17.8830432892,17.8830432892,17.91053149758475
2003-10-13 04:00:00,17.9263517271,17.8026371002,17.74605356627189
2003-10-14 04:00:00,17.7283985295,17.74077034,17.699384935533956
2003-10-15 04:00:00,18.1637639208,18.0828971863,17.942824516784498
2003-10-16 04:00:00,17.9833735664,18.18242836,18.13304806287679
2003-10-17 04:00:00,18.2135261172,17.9958095551,17.97866130761031
2003-10-20 04:00:00,18.008255866,18.2570743561,18.146778517270654
2003-10-21 04:00:00,18.2570743561,18.2570743561,18.213781461584546
2003-10-22 04:00:00,18.0580155341,17.9709281921,18.037210978690013
2003-10-23 04:00:00,17.8651844128,17.983373642,17.727796324371567
2003-10-24 04:00:00,16.9632184578,16.5526676178,16.59163323738403
2003-10-27 05:00:00,16.739276886,16.739276886,16.795190575944318
2003-10-28 05:00:00,16.8512445908,16.919670105,16.815022519127716
2003-10-29 05:00:00,16.8947874037,16.6335277557,16.687021527326877
2003-10-30 05:00:00,16.8014909872,16.2478694916,16.249723973589454
2003-10-31 05:00:00,16.4033713194,16.2602996826,16.311044943764642
2003-11-03 05:00:00,16.3909294113,16.5962047577,16.564922883000804
2003-11-04 05:00:00,16.5402233257,16.216758728,16.260737226985327
2003-11-05 05:00:00,16.2665278226,16.2354259491,16.280639657673973
2003-11-06 05:00:00,16.3349498263,16.3162879944,16.22786072433253
2003-11-07 05:00:00,16.4095983392,16.2354259491,16.289676234711777
2003-11-10 05:00:00,16.247863916,16.1732177734,16.24831653259851
2003-11-11 05:00:00,16.1794375906,16.0488071442,16.044908081961864
2003-11-12 05:00:00,16.0799143692,16.160779953,16.100106662362272
2003-11-13 05:00:00,16.0861290048,15.980381012,15.914793874433258
2003-11-14 05:00:00,15.9866010176,15.8621912003,16.01612157000497
2003-11-17 05:00:00,15.7937641301,15.6444730759,15.538905439780159
2003-11-18 05:00:00,15.7564416632,15.6444730759,15.904880278527003
2003-11-19 05:00:00,15.7315659933,15.7688884735,15.799917377933113
2003-11-20 05:00:00,15.6569177957,15.6133747101,15.843674212739941
2003-11-21 05:00:00,15.7564405864,15.6195907593,15.65880015294313
2003-11-24 05:00:00,15.7564420379,16.0052604675,15.974073281772235
2003-11-25 05:00:00,16.0923515069,15.7999887466,15.883979529365604
2003-11-26 05:00:00,15.9306173567,15.8310899734,15.797533465101878
2003-11-28 05:00:00,15.8621867675,15.9928159714,15.941177832273453
2003-12-01 05:00:00,16.1110148043,16.0736923218,16.06239985306525
2003-12-02 05:00:00,16.1421146044,15.9617204666,16.041796412358835
2003-12-03 05:00:00,16.0612490254,15.9679422379,16.088056134952502
2003-12-04 05:00:00,15.9990412598,16.297624588,16.226399937993392
2003-12-05 05:00:00,16.1483387289,16.160779953,16.3912532062524
2003-12-08 05:00:00,16.2478686027,16.3225135803,16.202551271383193
2003-12-09 05:00:00,16.4469229784,16.4095993042,16.44028015439124
2003-12-10 05:00:00,16.4531398026,16.5402259827,16.51430226988456
2003-12-11 05:00:00,16.5402263956,16.5526676178,16.475683208413805
2003-12-12 05:00:00,16.602429515,16.5775470734,16.5715024817587
2003-12-15 05:00:00,16.8263618906,16.6335277557,16.667088712783837
2003-12-16 05:00:00,16.6895176985,16.8325881958,16.829610365773632
2003-12-17 05:00:00,16.8201446533,16.8201446533,16.750326868126734
2003-12-18 05:00:00,16.8574690701,17.0440826416,17.012790147192064
2003-12-19 05:00:00,17.1000668428,17.0192012787,16.98270649130763
2003-12-22 05:00:00,16.8947929697,16.9072341919,16.93761940204159
2003-12-23 05:00:00,16.9010081891,16.8885669708,16.910631699792674
2003-12-24 05:00:00,16.882348379,16.8201446533,16.82902910309629
2003-12-26 05:00:00,16.8263701773,16.9258975983,16.908250192294403
2003-12-29 05:00:00,16.9258920398,17.0814037323,17.0666149454581
2003-12-30 05:00:00,17.0502955095,17.1187210083,17.12404677298541
2003-12-31 05:00:00,17.0565230075,17.0254211426,17.0310293565461
2004-01-02 05:00:00,17.1560513408,17.0751857758,17.128586235587136
2004-01-05 05:00:00,17.2493535883,17.5043926239,17.475046343394027
2004-01-06 05:00:00,17.5354932235,17.5665950775,17.52768922341535
2004-01-07 05:00:00,17.5230599506,17.5479412079,17.518741222427742
2004-01-08 05:00:00,17.6599047094,17.516834259,17.51071175477783
2004-01-09 05:00:00,17.4359741321,17.2058162689,17.230940975480287
2004-01-12 05:00:00,17.2120213811,17.1498165131,17.084309669279136
2004-01-13 05:00:00,17.1373910089,17.062746048,17.039998648613697
2004-01-14 05:00:00,17.1187384876,17.2307071686,17.205857804743104
2004-01-15 05:00:00,17.137387789,17.1311683655,17.16301893652787
2004-01-16 05:00:00,17.2369169369,17.2991218567,17.23645609001766
2004-01-20 05:00:00,17.4048746363,17.4795207977,17.497229670397275
2004-01-21 05:00:00,17.4981757952,17.6039237976,17.445603869762067
2004-01-22 05:00:00,17.6412433281,17.4235267639,17.47140765443021
2004-01-23 05:00:00,17.5914860361,17.7158946991,17.806054610041116
2004-01-26 05:00:00,17.7221208797,17.9149551392,17.810670590973196
2004-01-27 05:00:00,17.8154204496,17.5728225708,17.645791694977824
2004-01-28 05:00:00,17.6039310729,17.2369232178,17.248486320058902
2004-01-29 05:00:00,17.2991193994,17.3613243103,17.252598492818215
2004-01-30 05:00:00,17.3177856473,17.199596405,17.205925239947938
2004-02-02 05:00:00,17.1747130908,17.0440826416,17.08436319746427
2004-02-03 05:00:00,17.0440846757,16.9756603241,17.01263807940566
2004-02-04 05:00:00,16.9321143268,16.8014850616,16.93513973477129
2004-02-05 05:00:00,16.8325887621,16.7703838348,16.77607433247225
2004-02-06 05:00:00,16.8139279608,16.8450298309,16.85000671596606
2004-02-09 05:00:00,16.9134511457,16.7330570221,16.765112456977498
2004-02-10 05:00:00,16.7143962455,16.8077030182,16.835290702368155
2004-02-11 05:00:00,16.7765983796,16.8885669708,16.851086315904396
2004-02-12 05:00:00,16.8512520722,16.7641658783,16.806985586356234
2004-02-13 05:00:00,16.7828238766,16.5402259827,16.580515598305055
2004-02-17 05:00:00,16.6210905014,16.7890434265,16.748876076262036
2004-02-18 05:00:00,16.7330547979,16.6521892548,16.762053928994014
2004-02-19 05:00:00,16.7455003682,16.4593582153,16.528117901330354
2004-02-20 05:00:00,16.5837705719,16.5277862549,16.57833572006534
2004-02-23 05:00:00,16.6273125779,16.5526676178,16.52092025761607
2004-02-24 05:00:00,16.5526731145,16.7206249237,16.69749601788287
2004-02-25 05:00:00,16.7330665435,16.6086578369,16.6351937025087
2004-02-26 05:00:00,16.5402277107,16.4842433929,16.485107142620336
2004-02-27 05:00:00,16.4655793202,16.5029029846,16.48586777174348
2004-03-01 05:00:00,16.5651135438,16.6086578369,16.55091520765191
2004-03-02 05:00:00,16.5526587214,16.415807724,16.465403558293232
2004-03-03 05:00:00,16.3909324982,16.4033737183,16.430356125308634
2004-03-04 05:00:00,16.3784912782,16.4033737183,16.369312450603616
2004-03-05 05:00:00,16.3162840525,16.3909301758,16.49123512568145
2004-03-08 05:00:00,16.3660488768,16.0674667358,16.13318664178839
2004-03-09 05:00:00,16.0488042919,15.9990406036,16.004994646000398
2004-03-10 05:00:00,15.9554995858,15.7813272476,15.880822455672714
2004-03-11 05:00:00,15.6631353267,15.6071510315,15.907926837647729
2004-03-12 05:00:00,15.7875404358,15.7875404358,15.781508849443796
2004-03-15 05:00:00,15.7377771693,15.6506910324,15.684507198947642
2004-03-16 05:00:00,15.712900172,15.6631364822,15.691750040119118
2004-03-17 05:00:00,15.7066833085,15.6320371628,15.744946419610685
2004-03-18 05:00:00,15.5262853897,15.4827423096,15.370012713553379
2004-03-19 05:00:00,15.4081046531,15.3210172653,15.389742932234427
2004-03-22 05:00:00,15.2277120865,15.2401533127,15.165821749895976
2004-03-23 05:00:00,15.333453829,15.0224304199,15.063715153553403
2004-03-24 05:00:00,15.1655050715,15.1841669083,15.16677973580493
2004-03-25 05:00:00,15.302352432,15.6693601608,15.613468841091006
2004-03-26 05:00:00,15.6195984149,15.5698347092,15.766464147204957
2004-03-29 05:00:00,15.706677968,15.7440004349,15.657915444910813
2004-03-30 05:00:00,15.6817975406,15.6755781174,15.655020744977847
2004-03-31 05:00:00,15.6755842702,15.5076313019,15.51144259455566
2004-04-01 05:00:00,15.5200675162,15.600933075,15.554608820929033
2004-04-02 05:00:00,15.8497543166,16.0799121857,16.043376898862988
2004-04-05 04:00:00,16.055023488,16.1421108246,16.105578755183608
2004-04-06 04:00:00,16.0301464993,16.0488071442,16.045370262250685
2004-04-07 04:00:00,16.0114824683,15.9181756973,15.835862683328358
2004-04-08 04:00:00,16.0612484364,15.8497524261,15.844099193830672
2004-04-12 04:00:00,15.849745848,15.9306125641,15.959827179534415
2004-04-13 04:00:00,15.9741604386,15.8310899734,15.885869383349458
2004-04-14 04:00:00,15.7937592448,15.8684053421,15.939423422984511
2004-04-15 04:00:00,15.8808560787,15.6880207062,15.762410025647554
2004-04-16 04:00:00,15.7564389929,15.6506910324,15.68431291374759
2004-04-19 04:00:00,15.6009283987,15.8808498383,15.853675767847037
2004-04-20 04:00:00,15.9554977799,15.7564430237,15.883275351797764
2004-04-21 04:00:00,15.7751056721,15.8310899734,15.76381611974196
2004-04-22 04:00:00,15.8684099701,16.1421108246,16.091415503684814
2004-04-23 04:00:00,17.0440810122,17.1311683655,17.179701169956495
2004-04-26 04:00:00,17.075179966,16.9445495605,16.951153088893662
2004-04-27 04:00:00,16.8947968807,16.9321193695,16.992135519026533
2004-04-28 04:00:00,16.8014879885,16.521566391,16.548173136315384
2004-04-29 04:00:00,16.4904635921,16.4718017578,16.605866259732394
2004-04-30 04:00:00,16.540219978,16.2540779114,16.298140186908014
2004-05-03 04:00:00,16.2914028024,16.3909301758,16.462474870582028
2004-05-04 04:00:00,16.3909335762,16.3784923553,16.32062229249405
2004-05-05 04:00:00,16.3722682598,16.3598270416,16.48227359911759
2004-05-06 04:00:00,16.2727507567,16.2478694916,16.302248297027305
2004-05-07 04:00:00,16.1918810469,16.0363693237,16.22584149239431
2004-05-10 04:00:00,15.9430601458,16.1296749115,16.15252034675887
2004-05-11 04:00:00,16.2292053975,16.1358985901,16.091235934575863
2004-05-12 04:00:00,16.0923554924,16.1358985901,15.934662804177783
2004-05-13 04:00:00,16.0612523726,16.2354259491,16.23590047703148
2004-05-14 04:00:00,16.1732163119,16.0861301422,16.077131971212978
2004-05-17 04:00:00,15.8435330548,15.8870773315,15.98296985276587
2004-05-18 04:00:00,15.9866011843,16.0674667358,16.09649477706879
2004-05-19 04:00:00,16.1918820656,15.9368429184,16.10386528116615
2004-05-20 04:00:00,16.0177016856,16.0052604675,16.001807538510164
2004-05-21 04:00:00,16.1545534257,16.1047897339,16.17692699004435
2004-05-24 04:00:00,16.2043187371,16.0239257812,16.110014548781777
2004-05-25 04:00:00,15.9928268271,16.2354259491,16.179287467960904
2004-05-26 04:00:00,16.1669929188,16.2602996826,16.1813349310655
2004-05-27 04:00:00,16.2727428945,16.2914047241,16.17117152694111
2004-05-28 04:00:00,16.260303685,16.3162879944,16.309710079223933
2004-06-01 04:00:00,16.2540820323,16.2416419983,16.195835838153968
2004-06-02 04:00:00,16.2478584892,16.2540779114,16.278022343387434
2004-06-03 04:00:00,16.2043171175,16.1047897339,16.15334376415619
2004-06-04 04:00:00,16.1918745085,16.1421108246,16.25692439864087
2004-06-07 04:00:00,16.1856557516,16.440694809,16.369540372004096
2004-06-08 04:00:00,16.3473891672,16.5464439392,16.517133037196373
2004-06-09 04:00:00,16.4220387984,16.4655818939,16.55411669305436
2004-06-10 04:00:00,16.4095902523,16.6521892548,16.619953138433253
2004-06-14 04:00:00,16.5153404264,16.7330570221,16.685982701187044
2004-06-15 04:00:00,16.7890428049,17.0503025055,17.08724530602423
2004-06-16 04:00:00,17.0067611376,16.9943199158,16.995889752210623
2004-06-17 04:00:00,16.9880983393,17.2742404938,17.286538383189736
2004-06-18 04:00:00,17.2742435736,17.6350307465,17.60553615523537
2004-06-21 04:00:00,17.5541639809,17.6350307465,17.72814694294081
2004-06-22 04:00:00,17.5106165779,17.5977039337,17.44128732170082
2004-06-23 04:00:00,17.5417200674,17.6039237976,17.536028768459303
2004-06-24 04:00:00,17.7158906883,17.6599063873,17.74745150004331
2004-06-25 04:00:00,17.7158872766,17.7718715668,17.679996726138185
2004-06-28 04:00:00,17.7905407865,17.5914859772,17.649895865217104
2004-06-29 04:00:00,17.5292739759,17.7283287048,17.736072597447574
2004-06-30 04:00:00,17.7718761277,17.7656555176,17.801411814979872
2004-07-01 04:00:00,17.8527426497,17.8091983795,17.70203561554886
2004-07-02 04:00:00,17.8029746093,17.7718715668,17.72838554472122
2004-07-06 04:00:00,17.6163620675,17.4297485352,17.43321016571771
2004-07-07 04:00:00,17.2120404,17.4795207977,17.477898356985968
2004-07-08 04:00:00,17.3426657361,17.1933746338,17.312634818448544
2004-07-09 04:00:00,17.2804593902,17.3302230835,17.325485354330596
2004-07-12 04:00:00,17.2120328236,17.3488826752,17.342261839734
2004-07-13 04:00:00,17.3613255331,17.1684913635,17.22924671576098
2004-07-14 04:00:00,17.0440845374,17.4981784821,17.492901395920654
2004-07-15 04:00:00,17.4484084429,17.33644104,17.401716484669464
2004-07-16 04:00:00,17.5292805475,17.0938472748,17.062601014022263
2004-07-19 04:00:00,17.1809359649,17.3862113953,17.49428465554569
2004-07-20 04:00:00,17.417308758,17.6163635254,17.58449205330225
2004-07-21 04:00:00,18.5929818848,17.9522743225,18.039146861325207
2004-07-22 04:00:00,18.0828993155,18.0393562317,18.081352067333924
2004-07-23 04:00:00,17.6536895755,17.4359741211,17.485960278771188
2004-07-26 04:00:00,17.6412425521,17.8278560638,17.73983121842194
2004-07-27 04:00:00,17.8527379658,17.6910057068,17.59473326066984
2004-07-28 04:00:00,17.6288022833,17.778093338,17.828735665321332
2004-07-29 04:00:00,17.9025094733,17.7158946991,17.64595760400489
2004-07-30 04:00:00,17.6972294967,17.7221107483,17.821746508440185
2004-08-02 04:00:00,17.5852643529,17.740776062,17.675741131850387
2004-08-03 04:00:00,17.6536916103,17.4608573914,17.485265389258494
2004-08-04 04:00:00,17.423526134,17.4546279907,17.516947641396136
2004-08-05 04:00:00,17.516835505,17.1249465942,17.216844048842518
2004-08-06 04:00:00,17.0316458698,16.8823547363,17.10925557457908
2004-08-09 04:00:00,16.9569978943,16.9072341919,16.893282802926905
2004-08-10 04:00:00,16.9818720134,17.2431316376,17.1862789102493
2004-08-11 04:00:00,17.0378612849,17.0503025055,17.00745359266088
2004-08-12 04:00:00,16.9383416382,16.7206249237,16.79388188130425
2004-08-13 04:00:00,16.8014824085,16.8077030182,16.913390588191234
2004-08-16 04:00:00,16.8139310213,16.8512535095,16.870629348082232
2004-08-17 04:00:00,16.9321105954,16.8263626099,16.894940253686514
2004-08-18 04:00:00,16.7517197036,17.0814037323,17.019818143636243
2004-08-19 04:00:00,17.0129778384,16.8699073792,16.894120211993183
2004-08-20 04:00:00,16.8761258409,16.919670105,16.95667213278248
2004-08-23 04:00:00,17.0132523234,16.9945354462,16.97427527245045
2004-08-24 04:00:00,17.0943564117,16.9945354462,16.971354295729697
2004-08-25 04:00:00,16.975824489,17.1879444122,17.196220249694434
2004-08-26 04:00:00,17.1317890146,17.1193122864,17.174279410791684
2004-08-27 04:00:00,17.1567479093,17.1317920685,17.214690700409562
2004-08-30 04:00:00,17.0319709778,17.0319709778,16.85001339391117
2004-08-31 04:00:00,17.0257332076,17.0319709778,16.924726827381953
2004-09-01 04:00:00,16.9883023217,17.0881233215,17.093728464360865
2004-09-02 04:00:00,17.094358423,17.2316131592,17.216033194917358
2004-09-03 04:00:00,17.1317945794,16.9134368896,17.03163168467377
2004-09-07 04:00:00,17.0257368761,17.0694084167,17.01201284525463
2004-09-08 04:00:00,17.0319717876,17.0070171356,17.041748907398883
2004-09-09 04:00:00,17.0319698326,17.019493103,17.062777813344752
2004-09-10 04:00:00,17.0569306515,17.1505126953,17.066737429009777
2004-09-13 04:00:00,17.1754713027,17.0007839203,16.79038356570384
2004-09-14 04:00:00,17.0756407626,17.1193122864,17.102290358002136
2004-09-15 04:00:00,17.0694045157,16.963344574,16.983873697337458
2004-09-16 04:00:00,16.9820612937,17.0070171356,17.029980978306334
2004-09-17 04:00:00,17.0881204232,17.1629867554,17.09901364114056
2004-09-20 04:00:00,17.1193152241,17.1629867554,17.175115713710625
2004-09-21 04:00:00,17.1255550047,17.0070171356,17.070239276834926
2004-09-22 04:00:00,17.0194929879,16.9196720123,17.14530176915497
2004-09-23 04:00:00,16.9633465786,17.063167572,17.061371952924418
2004-09-24 04:00:00,17.0881211723,17.0257339478,17.027853730870838
2004-09-27 04:00:00,16.9508666538,16.963344574,17.013821516239382
2004-09-28 04:00:00,16.9758223102,17.013256073,16.97046046132425
2004-09-29 04:00:00,17.0070229949,17.2066650391,17.212730158901977
2004-09-30 04:00:00,17.2129031095,17.2503356934,17.284938392425246
2004-10-01 04:00:00,17.3563930113,17.6246623993,17.591615281250142
2004-10-04 04:00:00,17.743198193,17.5435562134,17.569787797228933
2004-10-05 04:00:00,17.5622684599,17.7057609558,17.694315693066343
2004-10-06 04:00:00,17.7119988729,17.7993431091,17.71767580893154
2004-10-07 04:00:00,17.805587697,17.5747509003,17.64171841604204
2004-10-08 04:00:00,17.531073571,17.4624462128,17.586664366940965
2004-10-11 04:00:00,17.5934649315,17.5061206818,17.472452788893648
2004-10-12 04:00:00,17.362627058,17.4874038696,17.524932980975905
2004-10-13 04:00:00,17.587224843,17.4874038696,17.506170134050222
2004-10-14 04:00:00,17.493648639,17.3439159393,17.437371430645072
2004-10-15 04:00:00,17.4499682949,17.4624462128,17.514581226352945
2004-10-18 04:00:00,17.5123616786,17.7244815826,17.662583718193794
2004-10-19 04:00:00,17.7993390569,17.5809803009,17.650886107434204
2004-10-20 04:00:00,17.6059446788,17.9054088593,17.824642880343433
2004-10-21 04:00:00,17.9740303367,17.8180599213,17.846116819965374
2004-10-22 04:00:00,17.6558538708,17.3064804077,17.308142032382165
2004-10-25 04:00:00,17.2628041173,17.2378482819,17.259528680368383
2004-10-26 04:00:00,17.2877636265,17.4063014984,17.349721894663766
2004-10-27 04:00:00,17.3813479162,17.5622730255,17.485508392637037
2004-10-28 04:00:00,17.5373124867,17.4749240875,17.649012791669385
2004-10-29 04:00:00,17.5435515322,17.449968338,17.40109976015087
2004-11-01 05:00:00,17.568510959,17.5186004639,17.53335451989564
2004-11-02 05:00:00,17.6308880237,17.6184101105,17.62420581817065
2004-11-03 05:00:00,17.8742122069,17.7619132996,17.706915110363028
2004-11-04 05:00:00,17.7057640391,18.0925712585,18.021329174762386
2004-11-05 05:00:00,18.2235879879,18.2859764099,18.214451092913336
2004-11-08 05:00:00,18.2048692787,18.2672576904,18.337678166458517
2004-11-09 05:00:00,18.3608418962,18.5729618073,18.556593888663166
2004-11-10 05:00:00,18.6665420161,18.5480041504,18.597285240960453
2004-11-11 05:00:00,18.6478281231,18.7039775848,18.71666022714693
2004-11-12 05:00:00,18.8162726935,18.6977348328,18.65921253104095
2004-11-15 05:00:00,19.0106416953,19.0454082489,19.0289411752386
2004-11-16 05:00:00,19.0036852025,18.8576641083,18.857884062583572
2004-11-17 05:00:00,18.9480566209,18.8924293518,18.90416052007933
2004-11-18 05:00:00,18.8646189937,18.8228988647,18.822961842796282
2004-11-19 05:00:00,18.7950841949,18.6768760681,18.718183746941634
2004-11-22 05:00:00,18.6003857818,18.5308513641,18.270114829199812
2004-11-23 05:00:00,18.4404589159,18.4474124908,18.480740483520734
2004-11-24 05:00:00,18.509991349,18.523897171,18.453464284061596
2004-11-26 05:00:00,18.46827563,18.4960899353,18.6168108645264
2004-11-29 05:00:00,18.5238970077,18.6142921448,18.688131669682207
2004-11-30 05:00:00,18.6003830811,18.6421031952,18.725636605176973
2004-12-01 05:00:00,18.7394627863,18.9480648041,18.850434139059494
2004-12-02 05:00:00,18.9619728125,18.8368110657,18.840746648684203
2004-12-03 05:00:00,18.8854827053,18.9341564178,19.03959462271321
2004-12-06 05:00:00,18.8437624291,19.0036907196,19.02478636422962
2004-12-07 05:00:00,18.9550141539,18.8228988647,18.881047664911215
2004-12-08 05:00:00,18.7811815051,19.0245513916,18.926583042828852
2004-12-09 05:00:00,18.8646219743,18.9341564178,18.891742368471725
2004-12-10 05:00:00,18.8298530579,18.8298530579,18.873714461554293
2004-12-13 05:00:00,18.8437637952,18.9480648041,18.843506138231575
2004-12-14 05:00:00,18.8089946848,18.9341564178,18.968876772364553
2004-12-15 05:00:00,18.9272004143,18.8507137299,18.950481662322325
2004-12-16 05:00:00,18.8785234911,18.885477066,18.880255739018878
2004-12-17 05:00:00,18.7742265828,18.7464122772,18.84461027966917
2004-12-20 05:00:00,18.7811820351,18.7394618988,18.79998676159599
2004-12-21 05:00:00,18.7742251599,18.8228988647,18.84459254054515
2004-12-22 05:00:00,18.662965034,18.7533588409,18.809784082650438
2004-12-23 05:00:00,18.6838358097,18.7811832428,18.825987204517396
2004-12-27 05:00:00,18.7811725854,18.6699180603,18.731607762352034
2004-12-28 05:00:00,18.6699274541,18.7394618988,18.751500164118596
2004-12-29 05:00:00,18.6699224759,18.7046890259,18.74680375480976
2004-12-30 05:00:00,18.6977394259,18.6073455811,18.655494460837062
2004-12-31 05:00:00,18.600385717,18.5795249939,18.65374572536777
2005-01-03 05:00:00,18.6351496796,18.5934295654,18.641673654051047
2005-01-04 05:00:00,18.6838322252,18.6629714966,18.69901575181906
2005-01-05 05:00:00,18.6629721925,18.6212520599,18.77072031942202
2005-01-06 05:00:00,18.6699239121,18.6003894806,18.674150054703226
2005-01-07 05:00:00,18.6490568846,18.5447559357,18.582535402048194
2005-01-10 05:00:00,18.4960871971,18.6351547241,18.61535688233721
2005-01-11 05:00:00,18.5586738328,18.5864868164,18.59518349427408
2005-01-12 05:00:00,18.6142984835,18.6212520599,18.58250467480223
2005-01-13 05:00:00,18.5517144053,18.2666244507,18.324913641987777
2005-01-14 05:00:00,18.3570255065,18.1623306274,18.185460322392025
2005-01-18 05:00:00,18.0997356719,18.3013839722,18.175177801684626
2005-01-19 05:00:00,18.2249059239,18.0649776459,18.094202250407434
2005-01-20 05:00:00,17.967627807,17.9815349579,18.062829790464335
2005-01-21 05:00:00,18.0441193008,17.835515976,17.972592250997977
2005-01-24 05:00:00,17.9119975752,17.8494167328,17.984472710808916
2005-01-25 05:00:00,17.91200161,18.0927906036,18.152871036144077
2005-01-26 05:00:00,18.127556538,18.0858364105,18.0944053363675
2005-01-27 05:00:00,18.0441161556,18.1553707123,18.11205688678651
2005-01-28 05:00:00,18.4543735575,18.2040500641,18.186826967491555
2005-01-31 05:00:00,18.322252346,18.2735786438,18.31590457197791
2005-02-01 05:00:00,18.2527102384,18.3500576019,18.345507013110904
2005-02-02 05:00:00,18.3709258856,18.3987388611,18.34470283198641
2005-02-03 05:00:00,18.3361653885,18.2040500641,18.206370753347265
2005-02-04 05:00:00,18.1970830358,18.3013839722,18.300754563100398
2005-02-07 05:00:00,18.2666239554,18.1901359558,18.171905255144942
2005-02-08 05:00:00,18.2110010359,18.2457675934,18.287337009648574
2005-02-09 05:00:00,18.2527175511,18.1275558472,18.17439472448396
2005-02-10 05:00:00,18.1484197751,18.1206054688,18.118018815584243
2005-02-11 05:00:00,18.0997506449,18.0580291748,18.0317962474084
2005-02-14 05:00:00,18.0302091318,18.0858364105,18.134071919817302
2005-02-15 05:00:00,18.134660283,18.0858364105,18.108038397340714
2005-02-16 05:00:00,18.0439866887,17.9881877899,17.97101434112956
2005-02-17 05:00:00,17.9323803646,17.8905315399,17.961563306230715
2005-02-18 05:00:00,17.8835647383,17.7719669342,17.75945532641282
2005-02-22 05:00:00,17.6115433641,17.5975933075,17.724995714577474
2005-02-23 05:00:00,17.6045722968,17.5766735077,17.63492745528849
2005-02-24 05:00:00,17.5627247336,17.6952476501,17.698848637408688
2005-02-25 05:00:00,17.667340639,17.611541748,17.600189478554242
2005-02-28 05:00:00,17.5906159237,17.5487670898,17.631147676221907
2005-03-01 05:00:00,17.5696952503,17.6324691772,17.66624412806999
2005-03-02 05:00:00,17.5696930583,17.618516922,17.72228606290762
2005-03-03 05:00:00,17.6464207112,17.5557479858,17.569052527936634
2005-03-04 05:00:00,17.5836467743,17.5557479858,17.59712443520562
2005-03-07 05:00:00,17.5557480967,17.7649936676,17.901158586699907
2005-03-08 05:00:00,17.7161636353,17.7161636353,17.812888707999427
2005-03-09 05:00:00,17.709193603,17.6533946991,17.754572220974282
2005-03-10 05:00:00,17.7370948792,17.7370948792,17.67002658165947
2005-03-11 05:00:00,17.7510423063,17.4999465942,17.549579843904453
2005-03-14 05:00:00,17.4929756658,17.5139007568,17.47185889390886
2005-03-15 05:00:00,17.5069201515,17.3743972778,17.471329012366695
2005-03-16 05:00:00,17.3116325171,17.1791095734,17.251907626039667
2005-03-17 05:00:00,17.1860749038,17.1163272858,17.154011734579143
2005-03-18 05:00:00,17.1093500322,16.9559020996,17.181467703123815
2005-03-21 05:00:00,16.9837998227,16.8791770935,16.882132255809253
2005-03-22 05:00:00,16.8722116376,16.7327136993,16.791187454094462
2005-03-23 05:00:00,16.7327114843,16.865234375,16.944669280972235
2005-03-24 05:00:00,16.9070802812,16.9349803925,17.020086249986065
2005-03-28 05:00:00,17.0186736222,16.8791770935,16.93821535914182
2005-03-29 05:00:00,16.8373322031,16.6838855743,16.714341290761155
2005-03-30 05:00:00,16.7675882388,16.8512859344,16.836529955565638
2005-03-31 05:00:00,16.9140600161,16.8582611084,16.880891138829156
2005-04-01 05:00:00,16.9070886753,16.8233909607,16.895470023260984
2005-04-04 04:00:00,16.8164182407,16.9001159668,16.8090059697618
2005-04-05 04:00:00,16.893138812,17.0675106049,16.998297805051394
2005-04-06 04:00:00,17.0675066133,17.2070045471,17.324152540652634
2005-04-07 04:00:00,17.2000271542,17.5069217682,17.450950330990977
2005-04-08 04:00:00,17.4859993414,17.3953266144,17.501722653360986
2005-04-11 04:00:00,17.4581061433,17.4162559509,17.413046254122065
2005-04-12 04:00:00,17.3813659649,17.6603603363,17.557655325232794
2005-04-13 04:00:00,17.5975864978,17.4650650024,17.588368612002682
2005-04-14 04:00:00,17.4441419411,17.3255691528,17.420622961047293
2005-04-15 04:00:00,17.1442248926,17.0605258942,17.230484241047073
2005-04-18 04:00:00,17.0535538144,17.1930503845,17.24864948771443
2005-04-19 04:00:00,17.2349084975,17.1791095734,17.142170756836848
2005-04-20 04:00:00,17.2000306072,16.962884903,17.021035765476782
2005-04-21 04:00:00,17.0744788633,17.6324691772,17.57844510140285
2005-04-22 04:00:00,17.4720435432,17.4232196808,17.434068933804433
2005-04-25 04:00:00,17.4859899182,17.43019104,17.488786169062237
2005-04-26 04:00:00,17.402298271,17.2697753906,17.45437760706335
2005-04-27 04:00:00,17.2000205012,17.43019104,17.461918184465745
2005-04-28 04:00:00,17.3116200599,17.0535507202,17.153925774269666
2005-04-29 04:00:00,17.3534787006,17.6464233398,17.5418829191223
2005-05-02 04:00:00,17.5975933075,17.5975933075,17.51547976970531
2005-05-03 04:00:00,17.5278362091,17.6882591248,17.663528969620728
2005-05-04 04:00:00,17.6743169957,17.5836429596,17.5832724570774
2005-05-05 04:00:00,17.5766695529,17.5975933075,17.588575026760722
2005-05-06 04:00:00,17.6673401982,17.5906162262,17.678573108860164
2005-05-09 04:00:00,17.5975984603,17.5139007568,17.55780093284585
2005-05-10 04:00:00,17.4650711664,17.3674221039,17.368680276758823
2005-05-11 04:00:00,17.3604472216,17.3743972778,17.268248299741146
2005-05-12 04:00:00,17.3255779324,17.4371757507,17.478663380615096
2005-05-13 04:00:00,17.4581028313,17.6464233398,17.63760807630593
2005-05-16 04:00:00,17.6534165777,17.8353385925,17.78965401291937
2005-05-17 04:00:00,17.7093821885,17.8143367767,17.789856108541514
2005-05-18 04:00:00,17.8423345961,17.9822750092,17.993741786460916
2005-05-19 04:00:00,18.0172662146,18.13621521,18.16455246374916
2005-05-20 04:00:00,18.1082209376,18.010263443,18.053531385925083
2005-05-23 04:00:00,18.0102538212,18.0872211456,18.20352793114192
2005-05-24 04:00:00,18.0522459451,18.0172615051,18.060783203565933
2005-05-25 04:00:00,17.9682810358,17.9892711639,17.92325772086614
2005-05-26 04:00:00,18.0172587254,18.1222133636,18.154711266199513
2005-05-27 04:00:00,18.0732374467,18.2411651611,18.216261237264405
2005-05-31 04:00:00,18.1851932117,18.0522499084,18.077526239010666
2005-06-01 04:00:00,18.0032587407,18.0592346191,18.092739659470332
2005-06-02 04:00:00,17.989266996,18.0452442169,18.042159057906176
2005-06-03 04:00:00,17.9822828103,17.7933635712,17.84214674497015
2005-06-06 04:00:00,17.7583748345,17.7513790131,17.794478415567262
2005-06-07 04:00:00,17.7233810155,17.8493270874,17.99809893796295
2005-06-08 04:00:00,17.8773163823,17.7723617554,17.803487750679594
2005-06-09 04:00:00,17.7723597469,17.8493270874,17.8698146017
2005-06-10 04:00:00,17.8353451795,17.7933635712,17.774826640890673
2005-06-13 04:00:00,17.7443725872,17.7093868256,17.76827319100397
2005-06-14 04:00:00,17.7093875585,17.7443733215,17.750937628632812
2005-06-15 04:00:00,17.7723654532,17.674407959,17.61821163306928
2005-06-16 04:00:00,17.6464144081,17.5204696655,17.503904296265986
2005-06-17 04:00:00,17.6814001709,17.5204696655,17.49726304285914
2005-06-20 04:00:00,17.4784944117,17.5694561005,17.625141487383445
2005-06-21 04:00:00,17.5484581681,17.5974369049,17.596497580032988
2005-06-22 04:00:00,17.5694486479,17.5414600372,17.61594414345673
2005-06-23 04:00:00,17.6114293622,17.7093868256,17.858491755496246
2005-06-24 04:00:00,17.6464144081,17.5204696655,17.65055111609223
2005-06-27 04:00:00,17.5414639435,17.527469635,17.628026985080687
2005-06-28 04:00:00,17.5554543426,17.5414600372,17.591708740825595
2005-06-29 04:00:00,17.6464145693,17.5554542542,17.582927991036364
2005-06-30 04:00:00,17.5344627576,17.3805294037,17.448040404990095
2005-07-01 04:00:00,17.3875305869,17.2895717621,17.36933969845809
2005-07-05 04:00:00,17.2545872332,17.4784908295,17.533470111440693
2005-07-06 04:00:00,17.4714934299,17.2825756073,17.37792483817013
2005-07-07 04:00:00,17.1986122712,17.2475910187,17.233657700824836
2005-07-08 04:00:00,17.2405890585,17.5554542542,17.50962160162726
2005-07-11 04:00:00,17.5974433015,17.6954021454,17.71159539199384
2005-07-12 04:00:00,17.6604107428,17.9193000793,17.857207242946288
2005-07-13 04:00:00,17.8633357286,17.9542961121,17.966401296094375
2005-07-14 04:00:00,18.045239827,18.1711845398,18.22754609313786
2005-07-15 04:00:00,18.2201690286,18.0452442169,18.094068741178035
2005-07-18 04:00:00,17.989274973,17.8773231506,17.950566259156517
2005-07-19 04:00:00,18.0452463641,18.3041343689,18.28653461900035
2005-07-20 04:00:00,18.1921833956,18.3251266479,18.259868858722896
2005-07-21 04:00:00,18.4020926803,18.5000514984,18.33636849466427
2005-07-22 04:00:00,18.1851833716,17.9682769775,18.17739946248203
2005-07-25 04:00:00,17.975271225,17.975271225,18.078861669479366
2005-07-26 04:00:00,17.996260268,17.8703155518,17.90684277114928
2005-07-27 04:00:00,17.9193050939,17.9962711334,17.988234125881924
2005-07-28 04:00:00,18.0172615051,18.0172615051,18.03086995366712
2005-07-29 04:00:00,18.0382490176,17.9193000793,18.058971334890195
2005-08-01 04:00:00,18.0592478204,18.13621521,18.173556720501125
2005-08-02 04:00:00,18.1222115803,18.7589378357,18.666737172471727
2005-08-03 04:00:00,18.723961773,19.0668144226,19.08755016464948
2005-08-04 04:00:00,19.003833812,19.1157855988,19.13893116605525
2005-08-05 04:00:00,19.0947925847,19.4236507416,19.441915344504864
2005-08-08 04:00:00,19.4516400778,18.9828414917,19.06244495969341
2005-08-09 04:00:00,19.0458105183,19.1367721558,19.094470852375494
2005-08-10 04:00:00,19.1787661628,18.8569049835,18.911113539917878
2005-08-11 04:00:00,18.8778819031,19.0807952881,19.01361345859793
2005-08-12 04:00:00,18.9478637203,18.9268722534,18.887490255629857
2005-08-15 04:00:00,18.933884283,19.039150238,18.951767801953196
2005-08-16 04:00:00,18.9689782628,18.7654628754,18.847307104191223
2005-08-17 04:00:00,18.8216026805,18.9128341675,18.921755578231043
2005-08-18 04:00:00,18.8707220699,18.821598053,18.93503881693293
2005-08-19 04:00:00,18.842644776,18.7514133453,18.799671931983553
2005-08-22 04:00:00,18.8005476759,18.884759903,19.0110755889065
2005-08-23 04:00:00,18.8356281064,18.8566818237,18.916072081827437
2005-08-24 04:00:00,18.835634642,18.8145809174,18.9894235647426
2005-08-25 04:00:00,18.8777378907,18.9689693451,18.965719579642666
2005-08-26 04:00:00,18.9900282864,18.9268684387,18.90149193898376
2005-08-29 04:00:00,18.8145866336,19.0531902313,19.059043750946408
2005-08-30 04:00:00,18.990024265,19.0742378235,19.0375265432899
2005-08-31 04:00:00,19.0672199256,19.21459198,19.15228193965136
2005-09-01 04:00:00,19.2145942544,19.0882759094,19.09714710282971
2005-09-02 04:00:00,19.0952922767,18.9619560242,18.999394409488303
2005-09-06 04:00:00,18.9900202246,18.9479141235,19.08247702385482
2005-09-07 04:00:00,18.9058111986,18.8426513672,18.941385101652017
2005-09-08 04:00:00,18.8075687642,18.6742324829,18.698714517764003
2005-09-09 04:00:00,18.6812431699,18.6531715393,18.750854750132746
2005-09-12 04:00:00,18.6812503933,18.6742324829,18.706301614334237
2005-09-13 04:00:00,18.6251038201,18.5829963684,18.658378675250418
2005-09-14 04:00:00,18.61107086,18.4636974335,18.559548916667026
2005-09-15 04:00:00,18.5057989977,18.4356212616,18.462424747696573
2005-09-16 04:00:00,18.4847562401,18.2952766418,18.3112488928258
2005-09-19 04:00:00,18.3093012611,18.2461414337,18.284633965039703
2005-09-20 04:00:00,18.2952732785,18.1338653564,18.16531609884359
2005-09-21 04:00:00,18.1057906435,17.8882408142,17.95391833985107
2005-09-22 04:00:00,17.888238281,17.7829723358,17.759369863349306
2005-09-23 04:00:00,17.761922687,17.7338523865,17.78786677163845
2005-09-26 04:00:00,17.8250825363,17.7338523865,17.773807028326246
2005-09-27 04:00:00,17.8040260603,17.7829723358,17.818172094108633
2005-09-28 04:00:00,17.81806703,18.0145645142,18.08855212474181
2005-09-29 04:00:00,17.9724548735,18.2040405273,18.13429359037994
2005-09-30 04:00:00,18.1829850997,18.0566654205,18.039477299208414
2005-10-03 04:00:00,18.0426300199,17.8952579498,17.90565581997223
2005-10-04 04:00:00,17.7970077143,17.5303325653,17.464183821139073
2005-10-05 04:00:00,17.5724453292,17.3127880096,17.370248753503873
2005-10-06 04:00:00,17.3057591928,17.354883194,17.399770179457533
2005-10-07 04:00:00,17.382964901,17.2566452026,17.284638158572527
2005-10-10 04:00:00,17.3127863235,17.1654129028,17.139853052049865
2005-10-11 04:00:00,17.2005069059,17.1303291321,17.07948605096216
2005-10-12 04:00:00,17.1864706438,17.0531330109,17.18294639191531
2005-10-13 04:00:00,17.0601477453,17.2566452026,17.278864617479897
2005-10-14 04:00:00,17.3408583115,17.3127880096,17.238533999771164
2005-10-17 04:00:00,17.3198007022,17.2145347595,17.19418790303483
2005-10-18 04:00:00,17.1864670858,17.242609024,17.361166783552484
2005-10-19 04:00:00,17.2355894521,17.6075305939,17.503416848171675
2005-10-20 04:00:00,17.5794577168,17.3969974518,17.451401724277495
2005-10-21 04:00:00,17.4812085354,17.3899784088,17.340814384950214
2005-10-24 04:00:00,17.4671724342,17.6145458221,17.469895889421643
2005-10-25 04:00:00,17.5092839355,17.5654258728,17.548718390843305
2005-10-26 04:00:00,17.5233192808,17.6215686798,17.709461333799453
2005-10-27 04:00:00,17.6987580714,17.4391021729,17.518797993540645
2005-10-28 04:00:00,17.6145441331,17.9163074493,17.901742436141205
2005-10-31 05:00:00,17.9724484687,18.0356082916,18.023868464947114
2005-11-01 05:00:00,17.9724527858,18.2180728912,18.254555391041578
2005-11-02 05:00:00,18.1970222791,18.5689620972,18.523559026322538
2005-11-03 05:00:00,18.6672097785,18.5549259186,18.494705543609
2005-11-04 05:00:00,18.6180880157,18.709318161,18.68249663950607
2005-11-07 05:00:00,18.7514254261,18.9549407959,18.950855101760666
2005-11-08 05:00:00,18.9058169139,18.9830112457,18.95046741500409
2005-11-09 05:00:00,18.9338813965,18.9198455811,19.01680188033984
2005-11-10 05:00:00,18.9058157308,19.0110816956,18.857020224083215
2005-11-11 05:00:00,19.05318154,19.1444129944,19.186717171891182
2005-11-14 05:00:00,19.2005607498,19.2075786591,19.163141098398725
2005-11-15 05:00:00,19.2357314076,19.3553829193,19.31763930693012
2005-11-16 05:00:00,19.3413069185,19.5243034363,19.55227035363444
2005-11-17 05:00:00,19.6017210284,19.6861801147,19.64490897228559
2005-11-18 05:00:00,19.7917632336,19.756570816,19.746994279021806
2005-11-21 05:00:00,19.75656696,19.8199119568,19.727974734014666
2005-11-22 05:00:00,19.7495297849,19.6439552307,19.65566740205969
2005-11-23 05:00:00,19.6509876251,19.6509876251,19.651926273961564
2005-11-25 05:00:00,19.5665341658,19.5383815765,19.461791712191427
2005-11-28 05:00:00,19.5594954822,19.5313415527,19.45196618517764
2005-11-29 05:00:00,19.5594909613,19.4820690155,19.460258702406847
2005-11-30 05:00:00,19.4820690155,19.4820690155,19.51561732439076
2005-12-01 05:00:00,19.5172602676,19.6298732758,19.73554694956472
2005-12-02 05:00:00,19.5806079264,19.7143363953,19.731342600274843
2005-12-05 05:00:00,19.6580292272,19.6017227173,19.59095353575738
2005-12-06 05:00:00,19.6369131194,19.4891090393,19.531053956123927
2005-12-07 05:00:00,19.4750350362,19.5313415527,19.46151845356207
2005-12-08 05:00:00,19.5031846595,19.4891090393,19.506708601259618
2005-12-09 05:00:00,19.5031909943,19.5031909943,19.54151423346167
2005-12-12 05:00:00,19.496150368,19.320192337,19.317763295611243
2005-12-13 05:00:00,19.2075793563,19.0949649811,19.1261341603726
2005-12-14 05:00:00,19.0034694172,19.0668144226,19.06019264185177
2005-12-15 05:00:00,19.0597795087,18.9471664429,18.92911426474329
2005-12-16 05:00:00,18.9190113346,18.9330883026,19.000937172309023
2005-12-19 05:00:00,18.8767753764,18.883813858,18.816280964493473
2005-12-20 05:00:00,18.8345390372,18.9049224854,18.86020369198613
2005-12-21 05:00:00,18.9119624361,18.8134250641,18.851901935548014
2005-12-22 05:00:00,18.799348599,18.7148895264,18.678661033592242
2005-12-23 05:00:00,18.6656267344,18.7500858307,18.7136338478669
2005-12-27 05:00:00,18.7782398343,18.6233959198,18.74848510129644
2005-12-28 05:00:00,18.6585895492,18.5741291046,18.65913749926274
2005-12-29 05:00:00,18.5882097004,18.4896736145,18.561383210421056
2005-12-30 05:00:00,18.4052124023,18.4052124023,18.47624178763067
2006-01-03 05:00:00,18.4755946962,18.8908557892,18.814082835314835
2006-01-04 05:00:00,18.8415913678,18.9823570251,19.025851917474213
2006-01-05 05:00:00,18.9753159009,18.9964313507,19.052559943826793
2006-01-06 05:00:00,18.9260475454,18.9401245117,18.76241302777248
2006-01-09 05:00:00,18.9541904963,18.9049224854,18.943620991383412
2006-01-10 05:00:00,18.7571185147,19.0034599304,18.938914106594268
2006-01-11 05:00:00,19.0105051877,19.2075786591,19.168480639862125
2006-01-12 05:00:00,19.179413569,19.1019916534,19.031884680775974
2006-01-13 05:00:00,19.02458066,19.1371936798,19.147361635821696
2006-01-17 05:00:00,18.9330863439,18.9964313507,19.106382193965004
2006-01-18 05:00:00,18.8204688661,18.883813858,18.94221990232254
2006-01-19 05:00:00,18.911973039,19.0175476074,19.117676518612477
2006-01-20 05:00:00,19.0105048588,18.5882053375,18.578464627286607
2006-01-23 05:00:00,18.5882061901,18.5459766388,18.601716215173482
2006-01-24 05:00:00,18.5389412894,18.496711731,18.540924056031912
2006-01-25 05:00:00,18.588199979,18.581161499,18.582338535032747
2006-01-26 05:00:00,18.6937798423,18.651550293,18.646524539409477
2006-01-27 05:00:00,19.1653489587,19.5594959259,19.553291352649737
2006-01-30 05:00:00,19.5806063943,19.7072963715,19.76970630284012
2006-01-31 05:00:00,19.643950511,19.8128700256,19.89403303367282
2006-02-01 05:00:00,19.6791390897,19.7354469299,19.635027057936014
2006-02-02 05:00:00,19.6861795874,19.4820690155,19.461751425236237
2006-02-03 05:00:00,19.3413025922,19.3835334778,19.393285336536664
2006-02-06 05:00:00,19.3624243212,19.1231212616,19.143148595217163
2006-02-07 05:00:00,18.9682735277,18.9612350464,19.008736381701965
2006-02-08 05:00:00,19.0105080006,18.9401245117,18.88413760471422
2006-02-09 05:00:00,18.9753149961,18.7641658783,18.842973480827652
2006-02-10 05:00:00,18.7360083879,18.785276413,18.83274923496714
2006-02-13 05:00:00,18.7430486513,18.5741291046,18.62229414031748
2006-02-14 05:00:00,18.5882025253,18.7571220398,18.714426248143326
2006-02-15 05:00:00,18.7853781001,18.9831180573,18.921750672225677
2006-02-16 05:00:00,18.9619289105,18.9336795807,18.83582038908655
2006-02-17 05:00:00,18.8348138981,18.8560009003,18.85973194478062
2006-02-21 05:00:00,18.8701198807,18.7430019379,18.656609745503474
2006-02-22 05:00:00,18.7359388252,18.8701190948,18.896057849999664
2006-02-23 05:00:00,18.8771842377,18.8277492523,18.8656541448751
2006-02-24 05:00:00,18.7783182466,18.8065662384,18.83253152442701
2006-02-27 05:00:00,18.8913058217,19.1031703949,19.139713078100982
2006-02-28 05:00:00,19.0325505496,18.9760532379,19.192230900767285
2006-03-01 05:00:00,19.0537305688,19.1667251587,19.170969344489436
2006-03-02 05:00:00,19.0819902134,19.0466785431,19.067915500695413
2006-03-03 05:00:00,18.9336840474,19.0184307098,19.099199608606938
2006-03-06 05:00:00,19.0113614954,19.0042991638,19.098395331275483
2006-03-07 05:00:00,18.9972386848,19.1102333069,19.067588841784854
2006-03-08 05:00:00,19.0607949039,19.2444114685,19.345111925983844
2006-03-09 05:00:00,19.2585424223,19.0678634644,19.194296760057313
2006-03-10 05:00:00,19.1102296019,19.1879138947,19.104926890583982
2006-03-13 05:00:00,19.1949809408,19.1455459595,19.12629163784751
2006-03-14 05:00:00,19.096109193,19.2302894592,19.268162709642993
2006-03-15 05:00:00,19.2091069571,19.322101593,19.24797297982657
2006-03-16 05:00:00,19.3079665286,19.2585315704,19.327495208144484
2006-03-17 05:00:00,19.3150348236,19.4209671021,19.452827932734877
2006-03-20 05:00:00,19.5622174798,19.6963977814,19.71894919467681
2006-03-21 05:00:00,19.5904655457,19.5904655457,19.834938863799238
2006-03-22 05:00:00,19.1243626166,19.1737976074,19.20401444945574
2006-03-23 05:00:00,19.1243570066,18.9619274139,18.898454602394423
2006-03-24 05:00:00,18.8630622983,19.0749282837,19.09992961955288
2006-03-27 05:00:00,19.0749282837,19.0749282837,19.2429841642537
2006-03-28 05:00:00,19.07492438,18.9972400665,19.07989942359832
2006-03-29 05:00:00,19.0325523969,19.081987381,19.166431819434337
2006-03-30 05:00:00,19.089046861,19.2302894592,19.284107142665718
2006-03-31 05:00:00,19.2797156174,19.2161560059,19.372625343666712
2006-04-03 04:00:00,19.5410269777,19.4633426666,19.450920518573724
2006-04-04 04:00:00,19.4915903523,19.5198383331,19.538720504198082
2006-04-05 04:00:00,19.6893355255,19.5904655457,19.593454744309284
2006-04-06 04:00:00,19.5339646452,19.4633426666,19.408141382624187
2006-04-07 04:00:00,19.498649996,19.2444114685,19.346999369121605
2006-04-10 04:00:00,19.2302948349,19.2726688385,19.342187480303004
2006-04-11 04:00:00,19.2726735289,19.1596775055,19.129870615567505
2006-04-12 04:00:00,19.1384768617,19.2090988159,19.129629668768004
2006-04-13 04:00:00,19.1243604594,19.1172981262,19.156366418764208
2006-04-17 04:00:00,19.0890480308,18.9548664093,18.93451941500399
2006-04-18 04:00:00,19.0254923095,19.2232322693,19.27803159322606
2006-04-19 04:00:00,19.1455456988,19.0890483856,19.113691739365095
2006-04-20 04:00:00,19.1031717037,19.0890483856,18.985576041804244
2006-04-21 04:00:00,19.1031756147,19.1737976074,19.275239768330962
2006-04-24 04:00:00,19.117296629,19.1455459595,19.176677472558723
2006-04-25 04:00:00,19.1314212942,19.1455459595,19.169386173723275
2006-04-26 04:00:00,19.1243545708,19.1384792328,19.173027418880523
2006-04-27 04:00:00,19.0466702419,19.2444114685,19.408357712390462
2006-04-28 04:00:00,17.1116368453,17.0551395416,17.135317266593987
2006-05-01 04:00:00,17.175200239,17.1540145874,17.426746426139196
2006-05-02 04:00:00,17.2952540523,16.9562702179,17.2382404723746
2006-05-03 04:00:00,16.9421462995,16.3630485535,16.46924571741063
2006-05-04 04:00:00,16.4901665611,16.5537261963,16.55278943491635
2006-05-05 04:00:00,16.7090943744,16.807964325,16.796971624489075
2006-05-08 04:00:00,16.8432782157,16.7585315704,17.29008871521296
2006-05-09 04:00:00,16.7726509553,16.6808433533,16.76696182952901
2006-05-10 04:00:00,16.7161631281,16.7867851257,16.745307521165117
2006-05-11 04:00:00,16.7444054891,16.3983592987,16.46569100020413
2006-05-12 04:00:00,16.3418615578,16.3630485535,16.42572439099753
2006-05-15 04:00:00,16.3772316604,16.4126796722,16.417599022563465
2006-05-16 04:00:00,16.4197646986,16.313419342,16.748643342904145
2006-05-17 04:00:00,16.2283434541,16.1149082184,16.248227762852665
2006-05-18 04:00:00,16.192896146,16.1858062744,16.32188764612026
2006-05-19 04:00:00,16.1574520073,15.9943876266,16.066909179336605
2006-05-22 04:00:00,15.9376643721,16.2212524414,16.23008810746795
2006-05-23 04:00:00,16.3843144233,16.1574440002,16.34145908006124
2006-05-24 04:00:00,16.2992427364,16.6608181,16.60962228796984
2006-05-25 04:00:00,16.7104418571,16.8309669495,16.89781056965102
2006-05-26 04:00:00,16.8522447183,16.8167953491,16.798375143280033
2006-05-30 04:00:00,16.6962678241,16.4126796722,16.578496881631068
2006-05-31 04:00:00,16.4906639996,16.0581912994,16.186224292718236
2006-06-01 04:00:00,16.122000939,16.1787185669,16.115460261391036
2006-06-02 04:00:00,16.2141585412,16.1361713409,16.171083248842265
2006-06-05 04:00:00,16.1078192425,15.9518461227,15.985342248586399
2006-06-06 04:00:00,15.9872944116,15.6895265579,15.661535591328203
2006-06-07 04:00:00,15.7037078241,15.6257219315,15.762805536214714
2006-06-08 04:00:00,15.618628759,15.6753463745,15.691955553894829
2006-06-09 04:00:00,15.7037095814,15.540646553,15.57956093285469
2006-06-12 04:00:00,15.569004553,15.3917617798,15.500472464082186
2006-06-13 04:00:00,15.4059407206,15.2499675751,15.420479277079608
2006-06-14 04:00:00,15.3066796359,15.5122804642,15.486404369826204
2006-06-15 04:00:00,15.6044490876,15.6469869614,15.554674482829952
2006-06-16 04:00:00,15.5760945281,15.668261528,15.65018612947425
2006-06-19 04:00:00,15.6966180918,15.9872961044,15.950110101482018
2006-06-20 04:00:00,15.9802092324,15.9943876266,16.088225920392006
2006-06-21 04:00:00,16.029830844,16.3630466461,16.29248903479249
2006-06-22 04:00:00,16.3488674107,16.2212524414,16.252579474945733
2006-06-23 04:00:00,16.1999862218,15.9518461227,16.011499952322318
2006-06-26 04:00:00,16.0581934386,16.1787185669,16.18940768965065
2006-06-27 04:00:00,16.2283414706,16.2070732117,16.358567569232065
2006-06-28 04:00:00,16.2779726464,16.4197673798,16.419413052781195
2006-06-29 04:00:00,16.5332038734,16.6395492554,16.65622781788028
2006-06-30 04:00:00,16.6891684917,16.5190143585,16.61718080187154
2006-07-03 04:00:00,16.6820796126,16.8026046753,16.750299242933146
2006-07-05 04:00:00,16.6466414341,16.5544757843,16.57141049691976
2006-07-06 04:00:00,16.6253687006,16.6466369629,16.706661924887214
2006-07-07 04:00:00,16.5828218204,16.5190143585,16.628216818204905
2006-07-10 04:00:00,16.6111903475,16.6608181,16.719559644880263
2006-07-11 04:00:00,16.5686521771,16.3772296906,16.202157704209775
2006-07-12 04:00:00,16.1574503276,16.0511035919,16.115499056720182
2006-07-13 04:00:00,15.8596874042,15.7817001343,15.930918940567942
2006-07-14 04:00:00,15.7958752915,15.8029651642,15.925585342459641
2006-07-17 04:00:00,15.8029643295,15.9376678467,15.972520666943105
2006-07-18 04:00:00,16.0156467862,16.1219921112,16.053995891774875
2006-07-19 04:00:00,16.1787150849,16.5899181366,16.485376074539104
2006-07-20 04:00:00,16.6182823609,16.1999893188,16.239501200490594
2006-07-21 04:00:00,17.0720209196,16.9231376648,16.47630796657723
2006-07-24 04:00:00,17.0223925298,17.0153026581,16.95717490511577
2006-07-25 04:00:00,17.0152991887,17.1712722778,17.127741713248803
2006-07-26 04:00:00,17.1003757142,17.2776184082,17.327646268747948
2006-07-27 04:00:00,17.4265064049,16.9231376648,16.964643628303563
2006-07-28 04:00:00,17.0720160378,17.1925411224,17.18212538678729
2006-07-31 04:00:00,17.0649225864,17.0578327179,17.234788077658436
2006-08-01 04:00:00,17.0294807489,17.0082111359,17.038764566996818
2006-08-02 04:00:00,17.1003793803,17.2279930115,17.213319102432443
2006-08-03 04:00:00,17.1500023687,17.1641807556,17.298451525806342
2006-08-04 04:00:00,17.2988931062,17.2209072113,17.210501972769478
2006-08-07 04:00:00,17.2138114994,17.1712722778,17.282265834504372
2006-08-08 04:00:00,17.2917994743,17.2563514709,17.261559336740383
2006-08-09 04:00:00,17.3627032655,17.327255249,17.367599674822472
2006-08-10 04:00:00,17.2776188147,17.341424942,17.39872957277953
2006-08-11 04:00:00,17.3201541901,17.3201541901,17.20469546561828
2006-08-14 04:00:00,17.3839642832,17.3910541534,17.33789386044245
2006-08-15 04:00:00,17.4693302915,17.5191421509,17.470328773025564
2006-08-16 04:00:00,17.5120226145,17.5760650635,17.506275600857236
2006-08-17 04:00:00,17.5760650635,17.5760650635,17.561191871847484
2006-08-18 04:00:00,17.8251187089,18.3516902924,18.21439997694837
2006-08-21 04:00:00,18.2591871243,18.5865154266,18.474247633048265
2006-08-22 04:00:00,18.5082446451,18.2307281494,18.42094317774503
2006-08-23 04:00:00,18.2520777726,18.2663097382,18.353974523679327
2006-08-24 04:00:00,18.3730389992,18.3161125183,18.215592703712133
2006-08-25 04:00:00,18.2947677296,18.3943901062,18.457080667823647
2006-08-28 04:00:00,18.3872674345,18.4655418396,18.398957552849545
2006-08-29 04:00:00,18.4441964516,18.3872699738,18.316019294246388
2006-08-30 04:00:00,18.3943941523,18.3588142395,18.30293464559996
2006-08-31 04:00:00,18.4086123309,18.2876434326,18.368349663178435
2006-09-01 04:00:00,18.4228485134,18.3872699738,18.32982957649466
2006-09-05 04:00:00,18.2805306728,18.2236042023,18.36566439170611
2006-09-06 04:00:00,18.1524457748,18.2236042023,18.281796464199516
2006-09-07 04:00:00,18.1311023783,18.0955238342,18.212056929155253
2006-09-08 04:00:00,18.1666811976,18.2164916992,18.28206218379399
2006-09-11 04:00:00,18.0955196461,18.437078476,18.39234664528371
2006-09-12 04:00:00,18.4299593646,18.4513072968,18.378925354545423
2006-09-13 04:00:00,18.3730397339,18.4868927002,18.54183992508858
2006-09-14 04:00:00,18.4940087616,18.7359466553,18.785711135861604
2006-09-15 04:00:00,18.9138429832,19.1059703827,19.074100209920132
2006-09-18 04:00:00,19.0276906766,19.0632705688,19.16648865896513
2006-09-19 04:00:00,19.0276924935,19.1130828857,19.14049249097289
2006-09-20 04:00:00,19.2198208581,19.3407897949,19.34404447722791
2006-09-21 04:00:00,19.3834860521,19.1415481567,19.168469379994022
2006-09-22 04:00:00,19.0917349984,18.9707660675,18.905955931187798
2006-09-25 04:00:00,19.0774959875,19.1771183014,19.291121563351
2006-09-26 04:00:00,19.1486668637,19.3550262451,19.37317270853496
2006-09-27 04:00:00,19.3407987609,19.5258102417,19.48036641496737
2006-09-28 04:00:00,19.5471478407,19.4973373413,19.46265855615725
2006-09-29 04:00:00,19.4617538452,19.4617538452,19.430333736228782
2006-10-02 04:00:00,19.4404157745,19.4688796997,19.446961898930283
2006-10-03 04:00:00,19.4759922028,19.4759922028,19.454987100796174
2006-10-04 04:00:00,19.490228552,19.8815994263,19.810707219746334
2006-10-05 04:00:00,19.8673553467,19.8673553467,19.903595571008495
2006-10-06 04:00:00,19.7535107703,19.831785202,19.835594889656335
2006-10-09 04:00:00,19.7819745579,19.7250480652,19.760539176897794
2006-10-10 04:00:00,19.7037029266,19.7037029266,19.60100955612976
2006-10-11 04:00:00,19.5400341324,19.5969619751,19.64704867762272
2006-10-12 04:00:00,19.6254234829,20.0808353424,20.012442737518626
2006-10-13 04:00:00,20.1662245406,20.1875724792,20.358351374037426
2006-10-16 04:00:00,20.2658476975,20.2445011139,20.25737835596385
2006-10-17 04:00:00,20.0950641193,20.2373809814,20.218335851306584
2006-10-18 04:00:00,20.2800757509,20.2943077087,20.262437733711714
2006-10-19 04:00:00,20.1733345372,20.1306400299,20.105585645556708
2006-10-20 04:00:00,20.2658508428,20.2302722931,20.099855884619615
2006-10-23 04:00:00,20.1377627667,20.2445011139,20.298279648597145
2006-10-24 04:00:00,20.2302702446,20.1235332489,20.06463048967933
2006-10-25 04:00:00,20.1235337095,20.1448802948,20.15447794520294
2006-10-26 04:00:00,20.1591116972,20.1733436584,20.044169814979284
2006-10-27 04:00:00,20.2729604992,20.166223526,20.31129488327163
2006-10-30 05:00:00,20.1733410136,20.3014259338,20.44384887293228
2006-10-31 05:00:00,20.3939334782,20.4295120239,20.454785486640972
2006-11-01 05:00:00,20.4793248012,20.5006713867,20.563467202610724
2006-11-02 05:00:00,20.4295140427,20.4722099304,20.450027363112625
2006-11-03 05:00:00,20.5291312414,20.4437408447,20.444611919560543
2006-11-06 05:00:00,20.4722117311,20.5220222473,20.637508459850935
2006-11-07 05:00:00,20.5362478383,20.6002902985,20.632450325291344
2006-11-08 05:00:00,20.4793199245,20.621635437,20.673828519467747
2006-11-09 05:00:00,20.714145803,20.8208827972,20.82536130656763
2006-11-10 05:00:00,20.7568339482,20.8066444397,20.8269041414258
2006-11-13 05:00:00,20.7710766582,20.884929657,20.919136719797763
2006-11-14 05:00:00,20.9063394262,20.8706378937,20.873683089600817
2006-11-15 05:00:00,20.7992417603,20.7921028137,20.931341755444322
2006-11-16 05:00:00,20.8063770508,21.0420017242,21.09616530551294
2006-11-17 05:00:00,20.9277639634,20.9920253754,21.05399937021059
2006-11-20 05:00:00,21.0777076491,21.3418922424,21.350566405350342
2006-11-21 05:00:00,21.3561695532,21.3633098602,21.350117861287018
2006-11-22 05:00:00,21.3990100337,21.3633098602,21.341254424287207
2006-11-24 05:00:00,21.1776674998,21.2490692139,21.282129343625726
2006-11-27 05:00:00,21.1990846392,21.0491409302,21.025964030121088
2006-11-28 05:00:00,20.9491840843,20.9848842621,20.882875727666416
2006-11-29 05:00:00,21.0205858554,21.113407135,21.220753523473988
2006-11-30 05:00:00,21.0063052227,20.9634647369,21.05159147956949
2006-12-01 05:00:00,20.8706434825,20.7921028137,20.726419118483463
2006-12-04 05:00:00,20.8706453903,20.9420471191,21.012463954309226
2006-12-05 05:00:00,20.9634683139,20.799243927,20.802502234316094
2006-12-06 05:00:00,20.777823729,20.6992816925,20.671191615646407
2006-12-07 05:00:00,20.6778601302,20.599319458,20.664185179135067
2006-12-08 05:00:00,20.5778970327,20.9920253754,20.906334135568272
2006-12-11 05:00:00,20.842080394,21.0919857025,21.123494047989368
2006-12-12 05:00:00,21.1062642614,21.0134429932,20.956302604366527
2006-12-13 05:00:00,21.1348321772,21.0991306305,20.981686828784
2006-12-14 05:00:00,21.0919864402,21.470413208,21.398565060734043
2006-12-15 05:00:00,21.5203897778,21.5560913086,21.520550526592075
2006-12-18 05:00:00,21.5560974023,21.3418922424,21.364550266405004
2006-12-19 05:00:00,21.2133674067,21.4132919312,21.37888035052316
2006-12-20 05:00:00,21.4132975175,21.4846992493,21.55735963483791
2006-12-21 05:00:00,21.513246952,21.4061450958,21.39023788651545
2006-12-22 05:00:00,21.2990427435,21.1633796692,21.205065711560934
2006-12-26 05:00:00,21.0848459572,21.4132919312,21.28590666087218
2006-12-27 05:00:00,21.4133019678,21.4347229004,21.459471826611804
2006-12-28 05:00:00,21.3204641556,21.4061450958,21.401426419356156
2006-12-29 05:00:00,21.3204708099,21.3204708099,21.48087354585264
2007-01-03 05:00:00,21.3561709858,21.3204708099,21.2558791713886
2007-01-04 05:00:00,21.2062264993,21.2847671509,21.21686430695388
2007-01-05 05:00:00,21.156239364,21.1633796692,21.13069944354831
2007-01-08 05:00:00,21.1705245639,21.3704490662,21.366471914108132
2007-01-09 05:00:00,21.420431728,21.3918704987,21.374752923078162
2007-01-10 05:00:00,21.2776311173,21.1776695251,21.121056964584184
2007-01-11 05:00:00,21.2490757977,21.920249939,21.754461236152295
2007-01-12 05:00:00,21.8845436733,22.2843914032,22.310425896021698
2007-01-16 05:00:00,22.3200837134,22.2486820221,22.305160480360186
2007-01-17 05:00:00,22.3200985605,22.2058563232,22.287523381313193
2007-01-18 05:00:00,22.2415470722,22.1344451904,22.17117602751044
2007-01-19 05:00:00,21.9416579034,22.2129840851,22.147338563484304
2007-01-22 05:00:00,22.1772934274,21.9345283508,21.89662817213302
2007-01-23 05:00:00,21.8702647276,21.9488067627,22.005653986968888
2007-01-24 05:00:00,21.9773672768,22.1987113953,22.207574149421788
2007-01-25 05:00:00,22.1915658042,21.7417373657,22.053764258011753
2007-01-26 05:00:00,22.2915308208,21.8488426208,21.940794741314534
2007-01-29 05:00:00,21.8845434318,21.7988624573,21.787262451527738
2007-01-30 05:00:00,21.8274221168,21.7631607056,21.624162781736842
2007-01-31 05:00:00,21.7131778379,22.0344848633,22.08068543428483
2007-02-01 05:00:00,22.0202103754,21.8202857971,21.80996401485291
2007-02-02 05:00:00,22.0059197019,21.5560913086,21.618340557072628
2007-02-05 05:00:00,21.399012043,21.1419677734,21.10578742500715
2007-02-06 05:00:00,21.1276911028,21.0705699921,21.01025787484582
2007-02-07 05:00:00,21.1633829499,20.9706001282,20.977787565134875
2007-02-08 05:00:00,20.8777806189,20.8920612335,21.18330590360074
2007-02-09 05:00:00,20.956328484,20.6921424866,20.746816661960523
2007-02-12 05:00:00,20.6278764947,20.6635780334,20.718851645807497
2007-02-13 05:00:00,20.8068841529,20.7853889465,20.86371166512746
2007-02-14 05:00:00,20.9000230726,21.0648155212,21.196111135970853
2007-02-15 05:00:00,21.1937846962,21.1078052521,21.031277615028785
2007-02-16 05:00:00,20.7137299539,20.5919265747,20.588486846549074
2007-02-20 05:00:00,20.51311354,20.6564121246,20.560746593064124
2007-02-21 05:00:00,20.5990934863,21.0289878845,20.968501648379217
2007-02-22 05:00:00,21.0003323449,21.0576515198,21.05458251832593
2007-02-23 05:00:00,20.9358386381,20.7065620422,20.785503890484918
2007-02-26 05:00:00,20.7495642848,20.8283786774,20.753187613522286
2007-02-27 05:00:00,20.5704346192,19.9685840607,20.176155935409014
2007-02-28 05:00:00,20.0259091186,20.1835365295,20.19091268484749
2007-03-01 05:00:00,19.9327565825,20.126209259,20.179792394520568
2007-03-02 05:00:00,20.0760523706,19.8897647858,20.012054291155494
2007-03-05 05:00:00,19.6963126582,19.7393016815,19.898375449870954
2007-03-06 05:00:00,19.9184309452,19.9399261475,19.920665314566882
2007-03-07 05:00:00,19.8897723212,19.7822990417,19.85574255191578
2007-03-08 05:00:00,19.8611141006,19.5745182037,19.271954992647593
2007-03-09 05:00:00,19.6461693621,19.5530261993,19.45807310609206
2007-03-12 04:00:00,19.4742024336,19.660490036,19.626474027262717
2007-03-13 04:00:00,19.5243612577,19.1446208954,19.296279160792594
2007-03-14 04:00:00,19.2162678421,19.6318321228,19.501908887933496
2007-03-15 04:00:00,19.5745115578,19.5458526611,19.60008749788311
2007-03-16 04:00:00,19.5960085234,19.5816783905,19.592221887008094
2007-03-19 04:00:00,19.5888460441,19.9399261475,19.794009942831906
2007-03-20 04:00:00,20.0115762991,19.9470920563,20.052574159219475
2007-03-21 04:00:00,19.9900768392,20.4343013763,20.14823388355827
2007-03-22 04:00:00,20.4342952304,20.2551727295,20.157768356766084
2007-03-23 04:00:00,20.2193546663,20.0760574341,20.00818933278667
2007-03-26 04:00:00,20.0187363431,20.2193527222,20.04565965997172
2007-03-27 04:00:00,20.0903829438,19.8611049652,19.93663326676534
2007-03-28 04:00:00,19.7607982053,19.8037872314,19.902557121998285
2007-03-29 04:00:00,19.9470926584,19.8826084137,19.755322548989056
2007-03-30 04:00:00,19.8826046285,19.9685840607,19.85823569006955
2007-04-02 04:00:00,19.9829177037,19.8754444122,19.820176924357426
2007-04-03 04:00:00,19.9614189941,19.9685840607,20.02167467307379
2007-04-04 04:00:00,20.0688970426,20.4199771881,20.450572235102527
2007-04-05 04:00:00,20.291006649,20.4557991028,20.4792737972665
2007-04-09 04:00:00,20.4772902645,20.4701251984,20.456034964039077
2007-04-10 04:00:00,20.4199654676,20.3483161926,20.34429972321425
2007-04-11 04:00:00,20.2766693978,20.140537262,20.25599746041543
2007-04-12 04:00:00,20.1047205724,20.4486370087,20.422412034842466
2007-04-13 04:00:00,20.3698165645,20.4987850189,20.337178971850875
2007-04-16 04:00:00,20.491619451,20.5847625732,20.3552569560121
2007-04-17 04:00:00,20.5131133202,20.6707420349,20.631998074968372
2007-04-18 04:00:00,20.4987898998,20.4916248322,20.39623886902715
2007-04-19 04:00:00,20.3053346954,20.5561065674,20.5813975940956
2007-04-20 04:00:00,20.7638907696,20.7925510406,20.67736225861529
2007-04-23 04:00:00,20.7495534705,20.6205863953,20.60623958662081
2007-04-24 04:00:00,20.6277561188,20.6277561188,20.617550794955413
2007-04-25 04:00:00,20.6779101779,20.7710533142,20.66896959811055
2007-04-26 04:00:00,20.8426998938,20.8498649597,20.89555760144141
2007-04-27 04:00:00,21.6165105345,21.5806865692,21.851062703623512
2007-04-30 04:00:00,21.5878476139,21.4517154694,21.624281192224302
2007-05-01 04:00:00,21.4517147886,21.7812995911,21.713834757290115
2007-05-02 04:00:00,21.7741377838,21.93176651,21.904991878309907
2007-05-03 04:00:00,21.9246080089,22.1897087097,22.124083237905126
2007-05-04 04:00:00,21.9819221233,21.895942688,21.774055247475076
2007-05-07 04:00:00,21.8672763086,22.003408432,21.99460987183157
2007-05-08 04:00:00,21.9819160725,22.0320701599,22.0844316381188
2007-05-09 04:00:00,21.9962544347,22.0535736084,22.063762133581683
2007-05-10 04:00:00,21.9819218992,21.9102725983,22.04861099832563
2007-05-11 04:00:00,21.9031029104,22.1323795319,22.138378991644778
2007-05-14 04:00:00,22.0965655527,22.1897087097,22.179479576628125
2007-05-15 04:00:00,22.2112617493,22.2112617493,22.298975489398025
2007-05-16 04:00:00,22.2831490075,22.3334655762,22.235649265943877
2007-05-17 04:00:00,22.3047135102,22.2687721252,22.34123887273114
2007-05-18 04:00:00,22.2615770904,22.160943985,22.053316293853044
2007-05-21 04:00:00,22.0890686096,22.3190879822,22.348700808816773
2007-05-22 04:00:00,22.2112638591,22.0603141785,22.099461898660607
2007-05-23 04:00:00,22.1681361055,21.9812450409,22.02114450804705
2007-05-24 04:00:00,21.9524937094,21.6865329742,21.76448728938699
2007-05-25 04:00:00,21.76560518,21.9093666077,21.936001561245092
2007-05-29 04:00:00,21.916546588,22.1321907043,22.06450307695802
2007-05-30 04:00:00,21.9596798159,22.3622150421,22.27975236464014
2007-05-31 04:00:00,22.3694031867,22.0603141785,22.099887979274293
2007-06-01 04:00:00,22.1321927809,21.9884300232,22.065534111902828
2007-06-04 04:00:00,21.8662377481,22.0818805695,22.062595166122605
2007-06-05 04:00:00,22.0099981452,21.9812450409,21.85635717548655
2007-06-06 04:00:00,21.8302957473,21.7727909088,21.864245242215233
2007-06-07 04:00:00,21.5787172772,21.2911930084,21.486787577186035
2007-06-08 04:00:00,21.2624267744,21.6002674103,21.446371850997487
2007-06-11 04:00:00,21.5212076225,21.5787124634,21.706247564238595
2007-06-12 04:00:00,21.535580743,21.4565124512,21.59463801111403
2007-06-13 04:00:00,21.5427723809,21.8446731567,21.73472009485657
2007-06-14 04:00:00,21.8159238165,21.9381217957,22.005357348104127
2007-06-15 04:00:00,22.1825103857,21.9165496826,21.94992363869912
2007-06-18 04:00:00,22.0603154152,21.930929184,21.930159822222592
2007-06-19 04:00:00,21.9093751101,21.8949985504,21.966844184355338
2007-06-20 04:00:00,21.8806107583,21.571521759,21.645651975165237
2007-06-21 04:00:00,21.549962412,21.7224769592,21.70434640467849
2007-06-22 04:00:00,21.5643363445,21.1977424622,21.30356514062349
2007-06-25 04:00:00,21.1833659089,21.1977424622,21.31388975741305
2007-06-26 04:00:00,21.2408627672,21.2192993164,21.367410456419393
2007-06-27 04:00:00,21.1042961875,21.4708900452,21.453237145801978
2007-06-28 04:00:00,21.4637073206,21.4421424866,21.432600650117195
2007-06-29 04:00:00,21.470886569,21.1833610535,21.017771259653976
2007-07-02 04:00:00,21.3271324613,21.3774490356,21.30717364576435
2007-07-03 04:00:00,21.4133862171,21.5787124634,21.666156713575816
2007-07-05 04:00:00,21.6002762684,21.5571479797,21.579032550459758
2007-07-06 04:00:00,21.4996440027,21.5427722931,21.437488323934865
2007-07-09 04:00:00,21.463701769,21.4708900452,21.500034180553314
2007-07-10 04:00:00,21.3486900477,21.0827293396,21.213277733569058
2007-07-11 04:00:00,21.0180396593,21.1977424622,21.24691587068817
2007-07-12 04:00:00,21.248060631,21.614654541,21.5018628461505
2007-07-13 04:00:00,21.5212020775,21.4349441528,21.412623524159926
2007-07-16 04:00:00,21.3918181231,21.5858974457,21.654665118945985
2007-07-17 04:00:00,21.5787109924,22.1250076294,22.074840493369507
2007-07-18 04:00:00,21.9309325471,22.2256450653,22.201283264271922
2007-07-19 04:00:00,22.3190938847,22.6497478485,22.709887286898542
2007-07-20 04:00:00,22.3909650297,22.3981533051,22.217996345972054
2007-07-23 04:00:00,22.5419195616,22.4197216034,22.504024240202384
2007-07-24 04:00:00,22.2903362939,22.1393852234,22.391098501831927
2007-07-25 04:00:00,22.2759555569,22.0746879578,22.092380264930647
2007-07-26 04:00:00,21.7368541048,21.5499629974,21.474695241130135
2007-07-27 04:00:00,21.5140189109,21.1258602142,21.224107266468422
2007-07-30 04:00:00,21.1402449197,21.1330566406,20.922177952991625
2007-07-31 04:00:00,21.3558883443,20.838344574,20.93493796475552
2007-08-01 04:00:00,20.8095858348,21.0611686707,21.085081325545985
2007-08-02 04:00:00,20.9820917606,21.2192993164,21.233563461469913
2007-08-03 04:00:00,21.1689872892,20.8167686462,21.03780853662434
2007-08-06 04:00:00,20.8814677039,21.2336864471,20.991868189362606
2007-08-07 04:00:00,21.0827353446,21.2408733368,21.18852407869499
2007-08-08 04:00:00,21.3630710295,21.5643386841,21.233734568957075
2007-08-09 04:00:00,21.3055646006,21.0611686707,21.14508503784917
2007-08-10 04:00:00,20.7736365395,20.6370620728,20.485681762122965
2007-08-13 04:00:00,20.8023936621,20.5795612335,20.54272924542819
2007-08-14 04:00:00,20.7526865639,20.3920211792,20.489172095232945
2007-08-15 04:00:00,20.3703797835,20.2693939209,20.694916303949277
2007-08-16 04:00:00,20.1107041226,20.0602111816,20.166621660205166
2007-08-17 04:00:00,20.2621792859,20.3775920868,20.20314571585166
2007-08-20 04:00:00,20.3270954746,20.3848018646,20.456600217222373
2007-08-21 04:00:00,20.2693859227,20.2477455139,20.268725023035387
2007-08-22 04:00:00,20.3920224902,20.3559551239,20.276799428793417
2007-08-23 04:00:00,20.3992344798,20.4136600494,20.33265052150604
2007-08-24 04:00:00,20.3487392952,20.7815380096,20.63554837168222
2007-08-27 04:00:00,20.6372671333,20.5507068634,20.61515187347446
2007-08-28 04:00:00,20.4136524532,20.1467609406,20.29887838197169
2007-08-29 04:00:00,20.2910337373,20.6228466034,20.389313041775807
2007-08-30 04:00:00,20.5002139891,20.5218544006,20.743420066098118
2007-08-31 04:00:00,20.7021864197,20.7238254547,20.63517241668562
2007-09-04 04:00:00,20.5579258679,20.7815380096,20.90090404247607
2007-09-05 04:00:00,20.6661137604,20.5434875488,20.58647801258403
2007-09-06 04:00:00,20.6011965668,20.8536624908,20.865183810017292
2007-09-07 04:00:00,20.644482444,20.5146427155,20.596039650630942
2007-09-10 04:00:00,20.6805406973,20.5434875488,20.58268522208131
2007-09-11 04:00:00,20.6516934953,20.8680934906,20.817654712011887
2007-09-12 04:00:00,20.7815332173,20.8680934906,20.99466187019045
2007-09-13 04:00:00,21.0051555068,21.0340080261,21.002521240488065
2007-09-14 04:00:00,20.904156468,20.9474372864,20.9322021390552
2007-09-17 04:00:00,20.7671062764,20.7238254547,20.729736907664346
2007-09-18 04:00:00,20.7021877907,20.8680934906,20.60883768125303
2007-09-19 04:00:00,20.8248143801,20.6805477142,20.515986495776176
2007-09-20 04:00:00,20.5434949808,20.5002155304,20.529772747036745
2007-09-21 04:00:00,20.6949763223,20.6661224365,20.625915391656463
2007-09-24 04:00:00,20.781537753,20.9762973785,21.24435625004989
2007-09-25 04:00:00,21.0195699791,21.3225288391,21.254872956846555
2007-09-26 04:00:00,21.4091061689,21.2792663574,21.399661885991982
2007-09-27 04:00:00,21.4235214771,21.2720413208,21.29249946106235
2007-09-28 04:00:00,21.2720485954,21.2504081726,21.242993524276642
2007-10-01 04:00:00,21.2503988974,21.4740123749,21.42274643088774
2007-10-02 04:00:00,21.4235248566,21.4235248566,21.445299498143825
2007-10-03 04:00:00,21.4307336222,21.243188858,21.270558987670697
2007-10-04 04:00:00,21.3225353036,21.4307346344,21.384319407449766
2007-10-05 04:00:00,21.5605792378,21.5245132446,21.535907633347712
2007-10-08 04:00:00,21.3946734681,21.5245132446,21.481666125339096
2007-10-09 04:00:00,21.6615603725,21.712053299,21.863575754087158
2007-10-10 04:00:00,21.6687781389,21.8058300018,21.865936462592657
2007-10-11 04:00:00,21.8563231554,21.5750045776,21.749764406834366
2007-10-12 04:00:00,21.6615587865,21.762544632,21.83885540640447
2007-10-15 04:00:00,21.7120569277,21.6687774658,21.797809353138724
2007-10-16 04:00:00,21.8130402116,21.8707466125,22.016044820271766
2007-10-17 04:00:00,22.1809176949,22.4189567566,22.409096253997077
2007-10-18 04:00:00,22.5199411335,22.4766616821,22.18394714283359
2007-10-19 04:00:00,22.4261688504,21.762544632,21.84731493252518
2007-10-22 04:00:00,21.7264768585,22.0077953339,22.071651634229617
2007-10-23 04:00:00,22.152060807,22.2891139984,22.4012714116152
2007-10-24 04:00:00,22.2530538976,22.5415859222,22.31232299756229
2007-10-25 04:00:00,22.7724024036,23.0753612518,23.109913690329353
2007-10-26 04:00:00,25.9751111383,25.26820755,25.12612121145225
2007-10-29 04:00:00,25.1383846137,24.9364128113,25.165017036169505
2007-10-30 04:00:00,24.7921364885,25.6577339172,25.49198168979781
2007-10-31 04:00:00,25.6216640791,26.5521812439,26.47611549223901
2007-11-01 04:00:00,26.3502063329,26.7325134277,26.81317909110474
2007-11-02 04:00:00,26.8479262154,26.7325134277,26.542635728406086
2007-11-05 05:00:00,26.516111541,26.4944725037,26.65176057493952
2007-11-06 05:00:00,26.3934829743,26.2636432648,26.017114778828287
2007-11-07 05:00:00,25.9967504954,25.6216583252,25.72730955263556
2007-11-08 05:00:00,25.6793726433,25.0590305328,25.14089637662706
2007-11-09 05:00:00,24.65507796,24.3304786682,24.556711665132877
2007-11-12 05:00:00,24.0347392622,24.0780200958,24.092472005929817
2007-11-13 05:00:00,24.273420603,24.9392375946,24.8382697067629
2007-11-14 05:00:00,25.0550286473,24.5556659698,24.618433792493114
2007-11-15 05:00:00,24.4326324463,24.4326324463,24.517389940610993
2007-11-16 05:00:00,24.5050068743,24.6714611053,24.66060213415943
2007-11-19 05:00:00,24.5773830414,24.5773830414,24.701339184683558
2007-11-20 05:00:00,24.7727828024,25.0260848999,25.134476409785037
2007-11-21 05:00:00,24.8958163602,24.7727832794,24.969329287693036
2007-11-23 05:00:00,24.8668706118,24.6859416962,24.535757340199797
2007-11-26 05:00:00,24.6714594924,23.8608989716,24.142941232053605
2007-11-27 05:00:00,24.0780183556,23.9260387421,23.924900181276495
2007-11-28 05:00:00,24.1576172597,24.3892059326,24.174165741696637
2007-11-29 05:00:00,24.3023744246,24.3096103668,24.356075373209023
2007-11-30 05:00:00,24.5484395058,24.3168506622,24.23648148216346
2007-12-03 05:00:00,24.2444729472,23.824716568,23.84310154540559
2007-12-04 05:00:00,23.6944473311,23.7161579132,23.930412199320834
2007-12-05 05:00:00,23.983938906,24.7148933411,24.721278569961314
2007-12-06 05:00:00,24.7944991455,25.0043773651,24.775600653616628
2007-12-07 05:00:00,25.0477972546,24.9898986816,24.881166934811365
2007-12-10 05:00:00,25.0695136003,25.1563587189,25.1623442655254
2007-12-11 05:00:00,25.1346449544,24.6787033081,24.814853241576106
2007-12-12 05:00:00,25.0477976334,24.94647789,24.92634516351314
2007-12-13 05:00:00,24.9537202613,25.4892711639,25.403887537960465
2007-12-14 05:00:00,25.3662299902,25.554397583,25.811986317584207
2007-12-17 05:00:00,25.3517656597,24.8885879517,25.02042216355365
2007-12-18 05:00:00,25.069508724,25.1418819427,25.03223335375031
2007-12-19 05:00:00,25.1056930376,25.1780662537,25.192891162114133
2007-12-20 05:00:00,25.5399152019,25.7063694,25.71708468091968
2007-12-21 05:00:00,25.9813945488,26.0971889496,26.00210082498838
2007-12-24 05:00:00,26.1478439106,26.4735164642,26.45626187273297
2007-12-26 05:00:00,26.3504841456,26.4952278137,26.411483484545673
2007-12-27 05:00:00,26.3070590999,26.0320491791,26.192356108069802
2007-12-28 05:00:00,26.1261293774,26.1406040192,25.959158797671485
2007-12-31 05:00:00,25.9813914887,25.7642745972,25.82196841565265
2008-01-02 05:00:00,25.9017889459,25.4892711639,25.537762659308594
2008-01-03 05:00:00,25.4892588995,25.5978145599,25.535029033214542
2008-01-04 05:00:00,25.4675478235,24.8813400269,24.822846622527397
2008-01-07 05:00:00,25.0043723214,25.0477962494,24.98367704952253
2008-01-08 05:00:00,25.1201647065,24.2082843781,24.341279262835812
2008-01-09 05:00:00,24.1431569045,24.9247684479,24.827803101667964
2008-01-10 05:00:00,24.8596256888,24.8451538086,24.617153009526874
2008-01-11 05:00:00,24.7076587673,24.5412044525,24.528022931027476
2008-01-14 05:00:00,24.9392478409,24.8885879517,24.789976003555168
2008-01-15 05:00:00,24.6280414566,24.6063308716,24.82850662993412
2008-01-16 05:00:00,24.1865772541,24.0490722656,23.781490611340537
2008-01-17 05:00:00,24.2734229022,23.9622249603,24.092880539801122
2008-01-18 05:00:00,23.9984109762,23.8898525238,24.379526818445118
2008-01-22 05:00:00,22.8259884651,23.1299476624,23.382595014042803
2008-01-23 05:00:00,22.7825637832,23.1082363129,22.85603648773874
2008-01-24 05:00:00,23.4122074643,24.0635528564,23.865021671375548
2008-01-25 05:00:00,25.2576801863,23.8391952515,24.096766965606754
2008-01-28 05:00:00,23.8970915641,23.679977417,23.595320071594777
2008-01-29 05:00:00,23.7740590321,23.5931301117,23.510359483619293
2008-01-30 05:00:00,23.5641880387,23.3036499023,23.408007592156533
2008-01-31 05:00:00,23.0937672854,23.5931301117,23.468114455971236
2008-02-01 05:00:00,22.4786035107,22.0371379852,23.248405674813274
2008-02-04 05:00:00,22.0660922071,21.8489780426,21.98172685794168
2008-02-05 05:00:00,21.6463333034,21.0384120941,21.057267782744162
2008-02-06 05:00:00,21.190387567,20.6403636932,20.641851113110548
2008-02-07 05:00:00,20.5101004206,20.3508834839,20.5068563629536
2008-02-08 05:00:00,20.473911303,20.6693134308,20.907754074102932
2008-02-11 05:00:00,20.6403684462,20.416015625,20.334323997816853
2008-02-12 05:00:00,20.5752224425,20.5100879669,20.50290527734488
2008-02-13 05:00:00,20.7127317173,20.9587936401,20.91749600630854
2008-02-14 05:00:00,20.900909732,20.6258983612,20.75091019101488
2008-02-15 05:00:00,20.4883878227,20.5679969788,20.65424842726066
2008-02-19 05:00:00,20.9239975545,20.4662857056,20.514995081178526
2008-02-20 05:00:00,20.4517563457,20.5026130676,20.38833292852611
2008-02-21 05:00:00,20.7932228892,20.4154281616,20.5983898576118
2008-02-22 05:00:00,20.5171476695,20.1102924347,19.980732173301227
2008-02-25 05:00:00,20.0884932209,20.2265338898,20.335724319907406
2008-02-26 05:00:00,20.1538698032,20.6188468933,20.76533435131701
2008-02-27 05:00:00,20.4808148103,20.531671524,20.720336254296043
2008-02-28 05:00:00,20.3572958338,20.2919082642,20.379900462856384
2008-02-29 05:00:00,20.1175511961,19.7615528107,19.801481445070905
2008-03-03 05:00:00,19.7906217078,19.6089897156,19.663558396893592
2008-03-04 05:00:00,19.6307728233,20.0448932648,19.956238363118047
2008-03-05 05:00:00,20.1611443827,20.4299602509,20.52194305992319
2008-03-06 05:00:00,20.3863691589,20.0303707123,20.12082170366648
2008-03-07 05:00:00,19.863265211,20.2483253479,20.282086325019307
2008-03-10 04:00:00,20.2192595322,20.3790950775,20.430299319721733
2008-03-11 04:00:00,20.6333884722,21.2727336884,21.173153929198584
2008-03-12 04:00:00,21.3817085513,20.800485611,20.886718694720194
2008-03-13 04:00:00,20.7350945634,20.7932167053,20.774498602654717
2008-03-14 04:00:00,20.8658742715,20.3137130737,20.385402081579443
2008-03-17 04:00:00,19.8342079196,20.5607357025,20.65309147980772
2008-03-18 04:00:00,20.8295491873,21.3744449615,21.30748918486762
2008-03-19 04:00:00,21.3453763605,20.7932167053,21.015673638645808
2008-03-20 04:00:00,20.880398867,21.2000713348,21.077943923111462
2008-03-24 04:00:00,21.3090601167,21.1928157806,21.199301255434527
2008-03-25 04:00:00,21.3090515845,21.1710109711,21.108675796145633
2008-03-26 04:00:00,21.0910930517,20.7496242523,20.731267887635227
2008-03-27 04:00:00,20.6915021128,20.3790950775,20.418141566793437
2008-03-28 04:00:00,20.5098743278,20.2773857117,20.393876357719556
2008-03-31 04:00:00,20.2555831952,20.6188468933,20.651195561170958
2008-04-01 04:00:00,20.945801428,21.4325752258,21.244271272716077
2008-04-02 04:00:00,21.4834250448,21.1855487823,21.155901755055133
2008-04-03 04:00:00,21.0693035126,21.0693035126,21.145009061518124
2008-04-04 04:00:00,21.1637524513,21.1855487823,21.0146448445757
2008-04-07 04:00:00,21.4688941574,21.1855487823,21.189114720915704
2008-04-08 04:00:00,21.0257073224,20.8876667023,20.830302541752957
2008-04-09 04:00:00,20.8658758357,20.9893856049,20.95358743386872
2008-04-10 04:00:00,20.94579128,21.1492195129,21.26832572195248
2008-04-11 04:00:00,20.9748511678,20.5461997986,20.665921747625106
2008-04-14 04:00:00,20.5171372527,20.3863620758,20.38194756984253
2008-04-15 04:00:00,20.4299546497,20.5244026184,20.595111627371146
2008-04-16 04:00:00,20.7568873366,21.0329685211,20.929794594296943
2008-04-17 04:00:00,21.1564895659,21.2291412354,21.162896518894712
2008-04-18 04:00:00,21.8030952158,21.7958297729,21.62576147058772
2008-04-21 04:00:00,21.9338720875,22.1009731293,22.141640552631287
2008-04-22 04:00:00,22.2608081261,21.9774627686,21.901561073453415
2008-04-23 04:00:00,22.1227688746,22.8492965698,22.624717632860197
2008-04-24 04:00:00,22.9800631209,23.1035728455,22.97846386009203
2008-04-25 04:00:00,21.8321549939,21.6723194122,21.767134311683776
2008-04-28 04:00:00,21.650527447,21.062040329,21.089322794326513
2008-04-29 04:00:00,20.9240007649,20.807756424,20.78195195038147
2008-04-30 04:00:00,20.8803994339,20.7205638885,21.023247845861555
2008-05-01 04:00:00,20.7060419551,21.359916687,21.274471552554076
2008-05-02 04:00:00,21.4979448279,21.2436599731,21.08390878294152
2008-05-05 04:00:00,21.7449749897,21.1274261475,21.35697832248414
2008-05-06 04:00:00,21.0693014236,21.5778713226,21.53324702275713
2008-05-07 04:00:00,21.5706066604,21.2218723297,21.470183608643026
2008-05-08 04:00:00,21.2727206855,21.265455246,21.179657975666785
2008-05-09 04:00:00,21.221866892,21.3526420593,21.272451061186686
2008-05-12 04:00:00,21.3599132454,21.788564682,21.72213634812296
2008-05-13 04:00:00,21.8760669191,21.7156429291,21.678037959133633
2008-05-14 04:00:00,21.795858703,21.8250274658,21.92591541344477
2008-05-15 04:00:00,21.8614824371,22.204208374,22.168620027809773
2008-05-16 04:00:00,22.2187969595,21.8687801361,21.90317433966832
2008-05-19 04:00:00,21.7812740372,21.4822998047,21.46472082000757
2008-05-20 04:00:00,21.3656255663,20.9718570709,20.975246835446285
2008-05-21 04:00:00,21.0083189691,20.5999660492,20.78018566229386
2008-05-22 04:00:00,20.6218437847,20.7603912354,20.816059075265976
2008-05-23 04:00:00,20.6072576606,20.4541244507,20.47162359120992
2008-05-27 04:00:00,20.4978753563,20.7385120392,20.699312864864282
2008-05-28 04:00:00,20.8260178545,20.5489215851,20.527176181546892
2008-05-29 04:00:00,20.5708001049,20.6437206268,20.812074750925973
2008-05-30 04:00:00,20.6947641766,20.6510124207,20.782540076114614
2008-06-02 04:00:00,20.5926732924,20.2718238831,20.25218937646892
2008-06-03 04:00:00,20.3520303546,19.9145088196,20.20261358116855
2008-06-04 04:00:00,19.8926387613,20.0822315216,20.06385722372451
2008-06-05 04:00:00,20.2134839935,20.6364212036,20.486711473764643
2008-06-06 04:00:00,20.4103679035,20.0457668304,20.220845533726603
2008-06-09 04:00:00,20.1624421779,20.206193924,20.110695737583498
2008-06-10 04:00:00,19.9509643749,20.3374404907,20.47382398754116
2008-06-11 04:00:00,20.3082820215,19.7759647369,19.91952445869866
2008-06-12 04:00:00,19.9801386165,20.5926685333,20.52477326080873
2008-06-13 04:00:00,20.877055277,21.1979045868,21.3514469659207
2008-06-16 04:00:00,21.1614420415,21.0958137512,20.994923126781913
2008-06-17 04:00:00,21.1760378567,21.0010280609,21.083687068465167
2008-06-18 04:00:00,20.8187277682,20.7530994415,20.956219483909237
2008-06-19 04:00:00,20.8187162167,21.0958137512,21.0656319268721
2008-06-20 04:00:00,21.073940292,20.5853748322,20.60906537223012
2008-06-23 04:00:00,20.6364191108,20.3957824707,20.40086460963559
2008-06-24 04:00:00,20.3593244044,20.2207756042,20.17341760454177
2008-06-25 04:00:00,20.2791141063,20.6728839874,20.756063131700714
2008-06-26 04:00:00,20.4395420696,20.2353649139,20.37951052261257
2008-06-27 04:00:00,20.184320524,20.1478595734,20.195276140297267
2008-06-30 04:00:00,20.220780151,20.0603561401,20.230963306098133
2008-07-01 04:00:00,19.8853409063,19.5936603546,19.45224691137294
2008-07-02 04:00:00,19.6155363593,18.8717498779,19.059627752452883
2008-07-03 04:00:00,18.937381349,18.9446735382,18.79731334905111
2008-07-07 04:00:00,19.0394667106,18.9811306,18.807358970458097
2008-07-08 04:00:00,18.9082182616,18.8498821259,18.817702368205765
2008-07-09 04:00:00,18.8061319325,18.3977775574,18.478265367327637
2008-07-10 04:00:00,18.3759021327,18.5582027435,18.522389267927863
2008-07-11 04:00:00,18.3467214125,18.4123497009,18.45589588539457
2008-07-14 04:00:00,18.5800683899,18.3394317627,18.529727716909683
2008-07-15 04:00:00,18.1790170919,19.0686435699,19.171813747775104
2008-07-16 04:00:00,19.0540598219,19.8780593872,19.60333218629085
2008-07-17 04:00:00,20.1113939487,20.0676422119,20.026002287874988
2008-07-18 04:00:00,19.2217712198,18.857170105,18.529792038144237
2008-07-21 04:00:00,18.7113312062,18.6967468262,18.936471846067235
2008-07-22 04:00:00,18.6238317386,18.8134231567,18.828779271429923
2008-07-23 04:00:00,18.8571631792,19.272808075,19.425841983212493
2008-07-24 04:00:00,19.0248883578,18.550907135,18.684175420369414
2008-07-25 04:00:00,18.6967422905,19.0759277344,18.955876875437554
2008-07-28 04:00:00,19.00301078,18.5946578979,18.602046597016994
2008-07-29 04:00:00,18.6092356528,19.0394649506,18.9321858867566
2008-07-30 04:00:00,19.1051046446,19.1269798279,19.100036478937398
2008-07-31 04:00:00,18.8498782472,18.7550811768,19.023143575871785
2008-08-01 04:00:00,18.9009239096,18.550907135,18.408477068604057
2008-08-04 04:00:00,18.5144459263,18.4342346191,18.446391217765914
2008-08-05 04:00:00,18.6967491853,19.1123943329,18.990304786979152
2008-08-06 04:00:00,19.4915718,19.7030410767,19.536551908158444
2008-08-07 04:00:00,19.6155399618,19.9728488922,20.01222127576387
2008-08-08 04:00:00,19.9436800786,20.5124568939,20.36410593679375
2008-08-11 04:00:00,20.3155725509,20.3447399139,20.516811691814098
2008-08-12 04:00:00,20.2572419103,20.5051708221,20.481359066388052
2008-08-13 04:00:00,20.4687039394,20.3520317078,20.539426322028774
2008-08-14 04:00:00,20.2864034036,20.3520317078,20.404844925166124
2008-08-15 04:00:00,20.4030820432,20.2791175842,20.269265939214264
2008-08-18 04:00:00,20.257242476,20.191614151,20.285085627821005
2008-08-19 04:00:00,20.1623259782,20.0012607574,20.130875241223166
2008-08-20 04:00:00,20.162325276,19.9792976379,19.971264972763052
2008-08-21 04:00:00,19.8401986758,19.8987674713,19.780798087477415
2008-08-22 04:00:00,19.9353757181,20.3819637299,20.31748809539063
2008-08-25 04:00:00,20.2135667034,20.2501716614,20.26773156253097
2008-08-26 04:00:00,20.1916107298,19.9646568298,20.033503050611102
2008-08-27 04:00:00,20.0159056847,20.1769695282,20.159529216435857
2008-08-28 04:00:00,20.2135713611,20.4551677704,20.452025014181245
2008-08-29 04:00:00,20.2648203064,19.9792976379,20.096101550684622
2008-09-02 04:00:00,20.2574994085,19.8401966095,19.947278864448286
2008-09-03 04:00:00,19.7669807741,19.693769455,19.78564895866421
2008-09-04 04:00:00,19.5766355619,19.2911128998,19.43589646076505
2008-09-05 04:00:00,19.0568436183,18.7786407471,18.932353538684595
2008-09-08 04:00:00,19.1886170132,19.1227283478,18.937594101110562
2008-09-09 04:00:00,19.1812988813,19.1080875397,19.332149842043954
2008-09-10 04:00:00,19.4155653038,19.3569965363,19.458102195371836
2008-09-11 04:00:00,19.1080846957,20.0159015656,19.86112495113582
2008-09-12 04:00:00,19.8694853597,20.2208995819,20.105499213202023
2008-09-15 04:00:00,19.7084213913,19.6352100372,19.93313338765944
2008-09-16 04:00:00,19.10076298,19.027551651,18.99239343592903
2008-09-17 04:00:00,18.8372111669,17.9879627228,18.171582620988467
2008-09-18 04:00:00,18.1563391141,18.4931106567,17.99750953123229
2008-09-19 04:00:00,19.3057513669,18.4198970795,17.565497674782193
2008-09-22 04:00:00,19.1959421252,18.5956115723,18.7113001001526
2008-09-23 04:00:00,18.7859493149,18.6248855591,18.89480285680211
2008-09-24 04:00:00,18.7273885413,18.8298835754,18.959565138322027
2008-09-25 04:00:00,18.9030926144,19.4814605713,19.47693290243815
2008-09-26 04:00:00,19.1593340292,20.0598297119,19.954392398901106
2008-09-29 04:00:00,19.7230650663,18.3100910187,18.960665859156087
2008-09-30 04:00:00,18.8664841305,19.5400257111,19.267102535182772
2008-10-01 04:00:00,19.313070652,19.3862819672,19.61587978637018
2008-10-02 04:00:00,19.1666499121,19.2178974152,19.085088357159513
2008-10-03 04:00:00,19.3057561462,19.2691497803,19.872263624901976
2008-10-06 04:00:00,18.7639887933,18.236869812,18.06457228851366
2008-10-07 04:00:00,18.2881229849,17.0069293976,17.297327281423463
2008-10-08 04:00:00,16.7653345342,16.845867157,17.3350310273998
2008-10-09 04:00:00,17.4022745884,16.3260707855,16.4449647464031
2008-10-10 04:00:00,15.9526824317,15.7403697968,15.581053390036814
2008-10-13 04:00:00,16.7360462708,18.6688175201,18.12477707953616
2008-10-14 04:00:00,18.7713111149,17.6438617706,17.57706367292451
2008-10-15 04:00:00,17.4095868067,16.5896224976,16.889138121636876
2008-10-16 04:00:00,16.7946167383,17.7097549438,16.519084935532263
2008-10-17 04:00:00,17.2558488823,17.5194091797,17.9931378898375
2008-10-20 04:00:00,17.7170817688,18.0977783203,17.310941433857778
2008-10-21 04:00:00,17.7902831824,17.1021003723,17.575099806306554
2008-10-22 04:00:00,16.8678337602,15.7623462677,15.569307878586443
2008-10-23 04:00:00,15.7769804606,16.3407058716,15.97774731371537
2008-10-24 04:00:00,15.4182509924,16.0771503448,16.395651295596267
2008-10-27 04:00:00,15.8648356087,15.5061016083,15.639908066401055
2008-10-28 04:00:00,15.8428724396,16.9117546082,16.571082291718824
2008-10-29 04:00:00,16.9337186151,16.8385448456,17.162571434637947
2008-10-30 04:00:00,17.3437034744,16.5676651001,16.661907990319357
2008-10-31 04:00:00,16.494448924,16.3480262756,16.470177540671877
2008-11-03 05:00:00,16.457840666,16.5603370667,16.548699184747512
2008-11-04 05:00:00,16.9337227748,17.226568222,17.088913712689262
2008-11-05 05:00:00,17.0801411199,16.1650028229,16.306700858266524
2008-11-06 05:00:00,16.0112552233,15.2864646912,15.518316953530253
2008-11-07 05:00:00,15.6085897332,15.7403697968,15.546640939654012
2008-11-10 05:00:00,15.9966147465,15.5939531326,15.667761326631656
2008-11-11 05:00:00,15.5866286391,15.5207386017,15.292647094848135
2008-11-12 05:00:00,15.2937913751,14.8618459702,14.98919317580279
2008-11-13 05:00:00,14.7520282241,15.5573501587,14.523409382245646
2008-11-14 05:00:00,15.0521934508,14.6861381531,14.948108579676969
2008-11-17 05:00:00,14.451854497,14.1443681717,14.383217137912666
2008-11-18 05:00:00,14.3728699209,14.4613189697,14.007088310257458
2008-11-19 05:00:00,14.4686869984,13.4810142517,13.804476131532738
2008-11-20 05:00:00,13.3557107795,12.9208393097,13.39418945200677
2008-11-21 05:00:00,13.2820027588,14.5055389404,14.237323082423046
2008-11-24 05:00:00,14.6603239967,15.2499809265,15.264396273141962
2008-11-25 05:00:00,15.3752803211,14.7340288162,14.610660059902493
2008-11-26 05:00:00,14.5423932544,15.1025667191,15.100761370358597
2008-11-28 05:00:00,14.9109334183,14.9035625458,14.834822011513324
2008-12-01 05:00:00,14.6529560956,13.7168779373,13.906114339661045
2008-12-02 05:00:00,13.9969646863,14.1148958206,13.922280253907651
2008-12-03 05:00:00,13.7463549624,14.6455812454,14.44667729983803
2008-12-04 05:00:00,14.2991577806,14.0854082108,14.22899929641828
2008-12-05 05:00:00,13.9379933276,14.6455812454,14.29192098777093
2008-12-08 05:00:00,14.999378407,15.4858446121,15.398854696585161
2008-12-09 05:00:00,15.1983869887,15.1836452484,15.472594521050539
2008-12-10 05:00:00,15.3458021802,15.1910181046,15.112442568800788
2008-12-11 05:00:00,14.8224799402,14.3360137939,14.339196117227573
2008-12-12 05:00:00,14.1148869981,14.2696723938,14.248267455155933
2008-12-15 05:00:00,14.2549339143,14.0338134766,14.040564413125011
2008-12-16 05:00:00,14.1591178072,14.8224821091,14.598187864058623
2008-12-17 05:00:00,14.6013543861,14.4907941818,14.55553757989162
2008-12-18 05:00:00,14.638215637,14.2254552841,14.198211266856589
2008-12-19 05:00:00,14.3139025053,14.0927820206,14.348923941072897
2008-12-22 05:00:00,14.1812248384,14.1370010376,13.999890133343214
2008-12-23 05:00:00,14.2107086182,14.2107086182,14.218265310820982
2008-12-24 05:00:00,14.1959712833,14.1296348572,14.213851952311252
2008-12-26 05:00:00,14.1517423665,14.1001462936,14.165835004619687
2008-12-29 05:00:00,14.1148895735,13.9748458862,13.839890387010598
2008-12-30 05:00:00,14.0117068848,14.254940033,14.290698707612279
2008-12-31 05:00:00,14.2328257887,14.3286457062,14.429663018156425
2009-01-02 05:00:00,14.3949816568,14.9846372604,14.80740164440941
2009-01-05 05:00:00,14.8888173463,15.1246795654,15.08230297153301
2009-01-06 05:00:00,15.2942057441,15.3015766144,15.36060580669836
2009-01-07 05:00:00,14.881444477,14.3802366257,14.50632132599381
2009-01-08 05:00:00,14.468684631,14.8298501968,14.751129068961603
2009-01-09 05:00:00,14.8667077483,14.3876123428,14.477905170286952
2009-01-12 05:00:00,14.527651398,14.3507547379,14.326856003585263
2009-01-13 05:00:00,14.3876070132,14.6087274551,14.667458278086272
2009-01-14 05:00:00,14.3949843341,14.0706729889,14.166293586324898
2009-01-15 05:00:00,14.0559285542,14.181230545,13.854589973480486
2009-01-16 05:00:00,14.4686814828,14.5276470184,14.340307043473572
2009-01-20 05:00:00,14.343384994,13.6210565567,13.766380907799117
2009-01-21 05:00:00,13.908516373,14.2844209671,13.996912216814657
2009-01-22 05:00:00,13.3041128255,12.6112680435,12.776803057999473
2009-01-23 05:00:00,12.5080775053,12.6776046753,12.67803729040746
2009-01-26 05:00:00,12.7439443179,12.9945468903,13.013565408484844
2009-01-27 05:00:00,13.1051068597,13.0166578293,13.00367211146174
2009-01-28 05:00:00,13.1198481798,13.296746254,13.396542708130703
2009-01-29 05:00:00,13.1051058429,12.9650621414,13.078620842063465
2009-01-30 05:00:00,13.0756303422,12.6039056778,12.71284992297064
2009-02-02 05:00:00,12.5523064339,13.1419620514,13.17665251572052
2009-02-03 05:00:00,13.1567012738,13.6357965469,13.447962884431789
2009-02-04 05:00:00,13.665276256,13.7316112518,13.913624035477909
2009-02-05 05:00:00,13.6431658704,14.0338134766,13.85341169339604
2009-02-06 05:00:00,14.1222592303,14.4907941818,14.513638465264222
2009-02-09 05:00:00,14.4760589091,14.3286457062,14.32282947123548
2009-02-10 05:00:00,14.1885946076,13.8569126129,14.172968217302909
2009-02-11 05:00:00,13.9601098155,14.1591176987,14.273418594141866
2009-02-12 05:00:00,13.9822223458,14.1959733963,13.924917737820309
2009-02-13 05:00:00,14.2033458758,14.0706729889,14.183552876230678
2009-02-17 05:00:00,13.7218684925,13.4250192642,13.35899097329208
2009-02-18 05:00:00,13.5214949917,13.4472837448,13.524478129395355
2009-02-19 05:00:00,13.5808659526,13.2914381027,13.327483991689412
2009-02-20 05:00:00,13.1875377211,13.3582258224,13.369845417092378
2009-02-23 05:00:00,13.3730730553,12.7719516754,12.917235062195061
2009-02-24 05:00:00,12.6383688223,12.7422657013,12.411413943603428
2009-02-25 05:00:00,12.6235299712,12.5864229202,12.419060148714365
2009-02-26 05:00:00,12.6532111179,12.1856737137,12.281979283649832
2009-02-27 05:00:00,12.089199329,11.9853010178,12.109240796467525
2009-03-02 05:00:00,11.8442950199,11.7181339264,11.867806000908097
2009-03-03 05:00:00,11.8962463755,11.7849273682,11.779300735858158
2009-03-04 05:00:00,11.9630384445,11.9630384445,11.987105092321016
2009-03-05 05:00:00,11.7700859794,11.332233429,11.416982400259371
2009-03-06 05:00:00,11.3916031275,11.3396539688,11.252801581227786
2009-03-09 04:00:00,11.2802847093,11.2431783676,11.536641015744372
2009-03-10 04:00:00,11.4064453237,12.2302026749,12.064966087283892
2009-03-11 04:00:00,12.3415172214,12.6977376938,12.554110315963783
2009-03-12 04:00:00,12.6235313416,12.6235313416,12.314803669679385
2009-03-13 04:00:00,12.6012631671,12.3563623428,12.147003488403655
2009-03-16 04:00:00,12.482518543,12.0595083237,12.206574758481196
2009-03-17 04:00:00,12.1114603004,12.5418920517,12.417173712126527
2009-03-18 04:00:00,12.6383727915,12.5864229202,12.48561583384658
2009-03-19 04:00:00,12.890690767,12.7200012207,12.661504296243834
2009-03-20 04:00:00,12.8535854672,12.6606330872,12.776567629357672
2009-03-23 04:00:00,12.890695727,13.6031341553,13.570987646379194
2009-03-24 04:00:00,13.3879180462,13.3062839508,13.368217676786756
2009-03-25 04:00:00,13.3433882072,13.2691755295,13.254445182785219
2009-03-26 04:00:00,13.48438637,13.974187851,13.873883232104419
2009-03-27 04:00:00,13.7589773295,13.4547052383,13.505805810963963
2009-03-30 04:00:00,13.1652777073,12.972325325,12.888880546600348
2009-03-31 04:00:00,13.2320687396,13.6328163147,13.767225588416522
2009-04-01 04:00:00,13.5289145656,14.3304080963,14.163675851730773
2009-04-02 04:00:00,14.4714142441,14.315568924,14.393824598783347
2009-04-03 04:00:00,14.1968251345,13.9148187637,13.777810993372384
2009-04-06 04:00:00,13.7589839264,13.9222507477,13.725138689789368
2009-04-07 04:00:00,13.9222507477,13.9222507477,14.069569304804787
2009-04-08 04:00:00,14.0780934131,14.241361618,14.458282938239407
2009-04-09 04:00:00,14.4343131765,14.5975799561,14.443801434435102
2009-04-13 04:00:00,14.6124206845,14.5382080078,14.513290051343873
2009-04-14 04:00:00,14.4268920243,14.3601007462,14.223299391115319
2009-04-15 04:00:00,14.2561942066,13.974187851,13.848927582620405
2009-04-16 04:00:00,14.2190958499,14.6643705368,14.481872734513878
2009-04-17 04:00:00,14.6124159222,14.2487754822,14.188471645989509
2009-04-20 04:00:00,14.0187202266,13.8109264374,13.86050158891959
2009-04-21 04:00:00,13.7960804543,14.078086853,14.076266022155082
2009-04-22 04:00:00,13.9222442416,13.937087059,14.142534456186368
2009-04-23 04:00:00,14.0409822464,14.0409822464,13.778132881501634
2009-04-24 04:00:00,14.7088911278,15.5178060532,15.322153465809166
2009-04-27 04:00:00,15.2506453495,15.1393270493,15.247766190126285
2009-04-28 04:00:00,15.0280106057,14.7905311584,14.760081020887299
2009-04-29 04:00:00,14.9241115715,15.028008461,15.356186358195302
2009-04-30 04:00:00,15.2877521866,15.0354299545,15.21906813737079
2009-05-01 04:00:00,14.9834822915,15.0205879211,14.878538386216889
2009-05-04 04:00:00,15.1170620066,14.9834794998,14.89885263279669
2009-05-05 04:00:00,14.9463714684,14.6866292953,14.700034887541477
2009-05-06 04:00:00,14.8870016267,14.6866292953,14.61932029597925
2009-05-07 04:00:00,14.8127883026,14.3378295898,14.325295442595312
2009-05-08 04:00:00,14.4417287417,14.4120445251,14.354072250352303
2009-05-11 04:00:00,14.2487755389,14.3378295898,14.446532929746255
2009-05-12 04:00:00,14.4788377655,14.7608442307,14.782356050782312
2009-05-13 04:00:00,14.7831082565,14.6569471359,14.681251910957016
2009-05-14 04:00:00,14.7163166971,14.8870048523,14.93879643710794
2009-05-15 04:00:00,14.9389565173,15.0057477951,15.0691385938063
2009-05-18 04:00:00,15.109644476,15.2877540588,15.182891664195132
2009-05-19 04:00:00,15.3176266328,15.168258667,15.297546280771272
2009-05-20 04:00:00,15.2429475835,15.220541954,15.296212468387651
2009-05-21 04:00:00,15.0412966471,14.8023090363,14.705763656461748
2009-05-22 04:00:00,14.8844594786,14.7500286102,14.743864141629778
2009-05-26 04:00:00,14.5931943608,15.1906633377,15.078776060182875
2009-05-27 04:00:00,15.1234498054,15.0338287354,15.223994365165893
2009-05-28 04:00:00,15.175719473,15.2728090286,15.196179901046115
2009-05-29 04:00:00,15.3549671297,15.6014232635,15.423063352845915
2009-06-01 04:00:00,15.6835701877,15.9823045731,15.898086963512704
2009-06-02 04:00:00,15.9524318468,15.9823045731,16.22518467436919
2009-06-03 04:00:00,15.9150939328,16.2287654877,16.1760349657975
2009-06-04 04:00:00,16.2586436194,16.3034534454,16.22498318899239
2009-06-05 04:00:00,16.4005441288,16.5349750519,16.521487974031274
2009-06-08 04:00:00,16.4154760048,16.467754364,16.40468616465177
2009-06-09 04:00:00,16.4752229074,16.4901599884,16.52449484434473
2009-06-10 04:00:00,16.557375749,16.841173172,16.800198269761438
2009-06-11 04:00:00,16.871050327,17.0502910614,17.262385030897534
2009-06-12 04:00:00,17.102565937,17.4237060547,17.29442999424323
2009-06-15 04:00:00,17.3490216044,17.4909210205,17.409829081658913
2009-06-16 04:00:00,17.528260392,17.5133247375,17.896457651468893
2009-06-17 04:00:00,17.5506658805,17.6850967407,17.54206166015946
2009-06-18 04:00:00,17.6402897792,17.5506687164,17.491199247383022
2009-06-19 04:00:00,17.9539618452,17.9763660431,17.95926018010131
2009-06-22 04:00:00,17.8867428135,17.3863620758,17.457654789350542
2009-06-23 04:00:00,17.4610479704,17.4311752319,17.529536349870483
2009-06-24 04:00:00,17.5133236239,17.5282592773,17.64397417866941
2009-06-25 04:00:00,17.4983902069,17.7672519684,17.652543980653427
2009-06-26 04:00:00,17.6029441874,17.4386405945,17.527244453223055
2009-06-29 04:00:00,17.6253508182,17.8195285797,17.857690036890503
2009-06-30 04:00:00,17.9016859107,17.7523193359,17.857828210635077
2009-07-01 04:00:00,17.961435167,17.9539680481,18.063241600452457
2009-07-02 04:00:00,17.744848762,17.4535827637,17.574510492002084
2009-07-06 04:00:00,17.3340814944,17.3266143799,17.1720428423911
2009-07-07 04:00:00,17.2370023327,16.8262424469,16.892744368679587
2009-07-08 04:00:00,16.6619349851,16.8486442566,16.700115875733033
2009-07-09 04:00:00,16.9158510611,16.759016037,16.84395545919582
2009-07-10 04:00:00,16.5723131447,16.7216796875,16.76269169883109
2009-07-13 04:00:00,16.7440807026,17.3490180969,17.089135129795423
2009-07-14 04:00:00,17.3266205863,17.2594051361,17.135192906155936
2009-07-15 04:00:00,17.7373778125,18.0137081146,17.84648559386384
2009-07-16 04:00:00,17.8718062084,18.2526931763,18.13885496369076
2009-07-17 04:00:00,18.2228199588,18.140668869,18.075260675809922
2009-07-20 04:00:00,18.2526946131,18.3199100494,18.134964633951398
2009-07-21 04:00:00,18.439407652,18.543964386,18.33239563114728
2009-07-22 04:00:00,18.4468723949,18.5215549469,18.456939926155968
2009-07-23 04:00:00,18.618650328,19.0891571045,19.038509903655296
2009-07-24 04:00:00,17.6328185198,17.5133247375,17.3050018843063
2009-07-27 04:00:00,17.5058613121,17.2594051361,17.18289632479211
2009-07-28 04:00:00,17.1697779533,17.5282592773,17.452781324230244
2009-07-29 04:00:00,17.722444682,17.774723053,17.594026744454183
2009-07-30 04:00:00,18.0734519344,17.7821846008,17.91188868134892
2009-07-31 04:00:00,17.7523182537,17.5656089783,17.769964808691682
2009-08-03 04:00:00,17.789652509,17.797121048,17.62311515301198
2009-08-04 04:00:00,17.6851038787,17.7523193359,17.666564115076298
2009-08-05 04:00:00,17.8045902186,17.7821846008,18.025392497190623
2009-08-06 04:00:00,17.871808188,17.5207939148,17.49725465820903
2009-08-07 04:00:00,17.7373774765,17.5954780579,17.632459697692212
2009-08-10 04:00:00,17.5207937571,17.4909210205,17.48401373698288
2009-08-11 04:00:00,17.4162391088,17.2743396759,17.3042274523215
2009-08-12 04:00:00,17.2743327898,17.5730686188,17.674552036812713
2009-08-13 04:00:00,17.647762147,17.6402950287,17.64345790445101
2009-08-14 04:00:00,17.6402875648,17.692565918,17.687995642425847
2009-08-17 04:00:00,17.4162405413,17.3639621735,17.53502578919904
2009-08-18 04:00:00,17.4916309765,17.7094306946,17.70268264502377
2009-08-19 04:00:00,17.4615981759,17.7620124817,17.750266275332876
2009-08-20 04:00:00,17.7244643332,17.7770366669,17.857301701775313
2009-08-21 04:00:00,17.9723027538,18.3327999115,18.17212845157951
2009-08-24 04:00:00,18.3327952202,18.5055332184,18.45159332141126
2009-08-25 04:00:00,18.4754925125,18.5055332184,18.529044872812406
2009-08-26 04:00:00,18.4679808267,18.4379386902,18.467087139452197
2009-08-27 04:00:00,18.332788779,18.5430793762,18.49378717619338
2009-08-28 04:00:00,18.8284834364,18.5355796814,18.798093214420604
2009-08-31 04:00:00,18.4529596099,18.51304245,18.45333015176459
2009-09-01 04:00:00,18.2877309565,18.0248680115,18.24530051404364
2009-09-02 04:00:00,17.8896851846,17.9197273254,18.0649192730623
2009-09-03 04:00:00,17.9572750999,18.1074829102,18.009792175559184
2009-09-04 04:00:00,18.0924631252,18.4905128479,18.51735429173287
2009-09-08 04:00:00,18.4905196458,18.6407260895,18.499785959337544
2009-09-09 04:00:00,18.5806374875,18.6106796265,18.6727124332701
2009-09-10 04:00:00,18.6257015754,18.7759094238,18.690830113287674
2009-09-11 04:00:00,18.7233372407,18.6707649231,18.801659902208534
2009-09-14 04:00:00,18.5130464054,18.7759094238,18.778909908510585
2009-09-15 04:00:00,18.7533737111,18.9261131287,18.873514106974767
2009-09-16 04:00:00,18.9636643663,18.9261131287,18.845630761499436
2009-09-17 04:00:00,18.8209740249,19.0012226105,19.02263076870117
2009-09-18 04:00:00,19.1213786954,18.9711723328,18.918290321711773
2009-09-21 04:00:00,18.8585267089,19.0012226105,19.018448335804962
2009-09-22 04:00:00,19.0763182598,19.3542022705,19.267743232909964
2009-09-23 04:00:00,19.4668614382,19.3091430664,19.49797738806862
2009-09-24 04:00:00,19.4668648372,19.48188591,19.427921344345904
2009-09-25 04:00:00,19.294128094,19.1889820099,19.2764902997491
2009-09-28 04:00:00,19.2265291948,19.3992671967,19.570470626097887
2009-09-29 04:00:00,19.4593533335,19.3391876221,19.362998949177552
2009-09-30 04:00:00,19.3467020775,19.3166599274,19.2552986040427
2009-10-01 04:00:00,19.0838234196,18.6857738495,18.746093645787198
2009-10-02 04:00:00,18.3703485972,18.7458667755,18.735646143446438
2009-10-05 04:00:00,18.7608856646,18.5055332184,18.529527504672387
2009-10-06 04:00:00,18.5355803184,18.8585262299,18.848316415593246
2009-10-07 04:00:00,18.7683949265,18.8510093689,18.823558583347477
2009-10-08 04:00:00,19.1063586455,19.2790966034,19.251830235712262
2009-10-09 04:00:00,19.2040030837,19.1889820099,19.27741015507813
2009-10-12 04:00:00,19.2715981346,19.3166599274,19.350992999252057
2009-10-13 04:00:00,19.219017462,19.3842449188,19.394568997993517
2009-10-14 04:00:00,19.6320892346,19.4969024658,19.478558026156094
2009-10-15 04:00:00,19.4518379092,20.0601768494,19.943758452183715
2009-10-16 04:00:00,19.8649107635,19.9024620056,19.76356803729969
2009-10-19 04:00:00,19.8949573447,19.7973232269,19.810096325541508
2009-10-20 04:00:00,19.8423779763,19.8048267365,19.605554906348004
2009-10-21 04:00:00,19.8724185072,19.9625434875,20.01329603267169
2009-10-22 04:00:00,19.9475230226,19.9700546265,19.78382920471229
2009-10-23 04:00:00,21.9302579153,21.0440349579,21.199715828074396
2009-10-26 04:00:00,21.1266515965,21.5397224426,21.65517367553467
2009-10-27 04:00:00,21.5772744546,21.4721298218,21.49821761684244
2009-10-28 04:00:00,21.2092624085,21.0440349579,21.354290270417685
2009-10-29 04:00:00,21.0815930179,21.1942481995,21.158512106256786
2009-10-30 04:00:00,21.0515561914,20.8262443542,21.051225902911185
2009-11-02 05:00:00,20.8037032376,20.9388885498,20.841894458489023
2009-11-03 05:00:00,20.7586460516,20.67603302,20.699707836186434
2009-11-04 05:00:00,20.7961949849,21.0740776062,21.180415722269714
2009-11-05 05:00:00,21.4195545494,21.3820018768,21.41331462873501
2009-11-06 05:00:00,21.3144096078,21.4195556641,21.363746332703798
2009-11-09 05:00:00,21.4946565486,21.7725391388,21.67797817738346
2009-11-10 05:00:00,21.704945072,21.7875595093,21.888517700336017
2009-11-11 05:00:00,21.8401360823,21.8701782227,21.94832093792124
2009-11-12 05:00:00,21.7875729117,22.0504360199,22.080960750376263
2009-11-13 05:00:00,22.1330386555,22.2532043457,22.275341474957557
2009-11-16 05:00:00,22.2381878574,22.1856155396,22.215194904906404
2009-11-17 05:00:00,22.2535058339,22.6306838989,22.5478277159136
2009-11-18 05:00:00,22.6306891692,22.7136688232,22.61010015007379
2009-11-19 05:00:00,22.6231415078,22.4647274017,22.461824181284186
2009-11-20 05:00:00,22.374200059,22.3440265656,22.310075378595975
2009-11-23 05:00:00,22.5099866165,22.5854225159,22.538844706502886
2009-11-24 05:00:00,22.5929648504,22.562789917,22.50662777169994
2009-11-25 05:00:00,22.4873512696,22.4722652435,22.387753926715362
2009-11-27 05:00:00,21.9593039218,22.0422821045,21.912929498547342
2009-11-30 05:00:00,21.9894808661,22.1856136322,22.08851328152288
2009-12-01 05:00:00,22.2685950107,22.6382293701,22.52988081919291
2009-12-02 05:00:00,22.555249337,22.4647274017,22.466755795788572
2009-12-03 05:00:00,22.5099813236,22.5024375916,22.689739060637905
2009-12-04 05:00:00,22.6683957355,22.6155910492,22.735604546865794
2009-12-07 05:00:00,22.4647215111,22.4722652435,22.5961026655052
2009-12-08 05:00:00,22.2685877101,22.3063049316,22.326830151789665
2009-12-09 05:00:00,22.2308714601,22.4119167328,22.30942866954571
2009-12-10 05:00:00,22.4119211652,22.5326194763,22.545353584917706
2009-12-11 05:00:00,22.6080504548,22.5175285339,22.528513495565278
2009-12-14 05:00:00,22.5627969866,22.7136688232,22.72183661737021
2009-12-15 05:00:00,22.5476982282,22.6457653046,22.74826167552253
2009-12-16 05:00:00,22.683480714,22.706111908,22.88336156692308
2009-12-17 05:00:00,22.5929662739,22.3289413452,22.37439646124217
2009-12-18 05:00:00,22.5099866707,22.9022521973,22.8635367157894
2009-12-21 05:00:00,22.9324258509,23.0229492188,23.19194854830848
2009-12-22 05:00:00,23.0832945128,23.2492523193,23.25864394216148
2009-12-23 05:00:00,23.1662762358,23.3246917725,23.313743280999798
2009-12-24 05:00:00,23.2945150136,23.3850383759,23.307347468393505
2009-12-28 05:00:00,23.3850345767,23.5132751465,23.439937780144312
2009-12-29 05:00:00,23.6490676799,23.6792411804,23.68012322389124
2009-12-30 05:00:00,23.498190263,23.3548622131,23.376919178382856
2009-12-31 05:00:00,23.3699549747,22.9927768707,23.0760245986145
2010-01-04 05:00:00,23.0983774542,23.3473148346,23.38183375379562
2010-01-05 05:00:00,23.2718840275,23.3548622131,23.3046230457211
2010-01-06 05:00:00,23.2945107677,23.2115325928,23.20224873222616
2010-01-07 05:00:00,23.1059233267,22.9701404572,22.885431225278726
2010-01-08 05:00:00,22.8418987616,23.1285533905,23.189907290792984
2010-01-11 05:00:00,23.1662738448,22.8343582153,22.838627260942886
2010-01-12 05:00:00,22.7438315421,22.6834831238,22.75687247327176
2010-01-13 05:00:00,22.8268145655,22.8947067261,22.839531532912453
2010-01-14 05:00:00,22.8645310769,23.3548622131,23.318968820067248
2010-01-15 05:00:00,23.4453882183,23.2794303894,23.323208105471284
2010-01-19 05:00:00,23.1964453308,23.4604701996,23.460524997403823
2010-01-20 05:00:00,23.2417062333,23.0757484436,23.018838947378878
2010-01-21 05:00:00,23.0908433706,22.6382293701,22.785997324802818
2010-01-22 05:00:00,22.630676437,21.8461456299,22.02905434554284
2010-01-25 05:00:00,22.0573693203,22.1177177429,22.23405391687787
2010-01-26 05:00:00,22.0271956687,22.2535018921,22.359409948470756
2010-01-27 05:00:00,22.1403506755,22.3817443848,22.22602043634629
2010-01-28 05:00:00,22.5099869324,21.9970245361,21.940832643121283
2010-01-29 05:00:00,22.5552533341,21.2577610016,21.16014817025696
2010-02-01 05:00:00,21.4161716862,21.4312591553,21.186468105082362
2010-02-02 05:00:00,21.4010881408,21.4689788818,21.347674201785367
2010-02-03 05:00:00,21.3181028037,21.5972137451,21.55918964952349
2010-02-04 05:00:00,21.4086276023,21.0012760162,21.133147609684613
2010-02-05 05:00:00,21.1219688848,21.1370563507,21.0301008821736
2010-02-08 05:00:00,21.1295133831,20.9107494354,20.906670422378994
2010-02-09 05:00:00,21.0993378547,21.1295127869,21.19435463557211
2010-02-10 05:00:00,21.1445967717,21.1144218445,21.163783732806458
2010-02-11 05:00:00,21.069163942,21.2124919891,21.21713241907564
2010-02-12 05:00:00,20.9786352214,21.0691585541,20.995935914049937
2010-02-16 05:00:00,21.3192723163,21.4860076904,21.40766939460761
2010-02-17 05:00:00,21.6224160377,21.6678886414,21.60130172981492
2010-02-18 05:00:00,21.6678935982,21.9558887482,21.89511054436919
2010-02-19 05:00:00,21.8194659541,21.8043079376,21.849256075132153
2010-02-22 05:00:00,21.8573640151,21.7739963531,21.811831078609423
2010-02-23 05:00:00,21.7361019109,21.4708423615,21.46476188090334
2010-02-24 05:00:00,21.6148397382,21.6982059479,21.70231201026644
2010-02-25 05:00:00,21.4253650617,21.6754665375,21.507942344553044
2010-02-26 05:00:00,21.7133633292,21.728521347,21.759217796755138
2010-03-01 05:00:00,21.8043092558,21.9937801361,21.83410036285447
2010-03-02 05:00:00,22.0392568697,21.5693683624,21.650341616558975
2010-03-03 05:00:00,21.6072634129,21.5693683624,21.58059431042605
2010-03-04 05:00:00,21.5693656833,21.6982059479,21.57715276935265
2010-03-05 05:00:00,21.7209402533,21.6678886414,21.59561286323826
2010-03-08 05:00:00,21.6148397382,21.6982059479,21.862427056390658
2010-03-09 05:00:00,21.6451554554,21.827047348,21.982639144341462
2010-03-10 05:00:00,21.8725225299,21.9558887482,21.999470918231538
2010-03-11 05:00:00,21.8952604794,22.1150474548,22.06482344620985
2010-03-12 05:00:00,22.2211459347,22.1832523346,22.094714804499404
2010-03-15 04:00:00,22.1150385801,22.1984062195,22.136246862382762
2010-03-16 04:00:00,22.2969344324,22.2590408325,22.214876641181654
2010-03-17 04:00:00,22.357564794,22.4560890198,22.531091118659603
2010-03-18 04:00:00,22.4560955264,22.4409389496,22.443633614133546
2010-03-19 04:00:00,22.5546100411,22.4257698059,22.393243883672227
2010-03-22 04:00:00,22.3575704825,22.4333591461,22.423350250297958
2010-03-23 04:00:00,22.4257870601,22.6455726624,22.51252488939852
2010-03-24 04:00:00,22.524298336,22.4712467194,22.542154326990484
2010-03-25 04:00:00,22.6076717305,22.7440910339,23.04680856118167
2010-03-26 04:00:00,22.8047186235,22.4788284302,22.568281511747458
2010-03-29 04:00:00,22.5167150039,22.4257698059,22.497089043589703
2010-03-30 04:00:00,22.4560882403,22.5621929169,22.527099648610125
2010-03-31 04:00:00,22.4636642619,22.1984062195,22.228095591893165
2010-04-01 04:00:00,22.2438861509,22.0998878479,21.907583657103018
2010-04-05 04:00:00,22.0771476523,22.1832523346,22.208605895502956
2010-04-06 04:00:00,22.0923072638,22.2211475372,22.256584211902776
2010-04-07 04:00:00,22.0998867445,22.2438850403,22.342087984337553
2010-04-08 04:00:00,22.2211517907,22.6758823395,22.61851779268992
2010-04-09 04:00:00,22.6986141703,22.9941883087,22.95813945527846
2010-04-12 04:00:00,22.9259751823,22.9790267944,23.060986874179
2010-04-13 04:00:00,22.850184993,23.0775508881,23.063466556098152
2010-04-14 04:00:00,23.3352356097,23.3579711914,23.39536439978344
2010-04-15 04:00:00,23.3579732526,23.3958683014,23.38320565671959
2010-04-16 04:00:00,23.3352341488,23.2442874908,23.34511719462788
2010-04-19 04:00:00,23.3200750924,23.5247039795,23.617811745196573
2010-04-20 04:00:00,23.6611281957,23.7672328949,23.7531558680127
2010-04-21 04:00:00,23.7444896698,23.7444896698,23.800417067692198
2010-04-22 04:00:00,23.5247084703,23.7899665833,23.745620925044026
2010-04-23 04:00:00,23.5853397092,23.4640769958,23.57767046770166
2010-04-26 04:00:00,23.4943949334,23.5777626038,23.59006430366022
2010-04-27 04:00:00,23.4565011685,23.3807125092,23.52572725322728
2010-04-28 04:00:00,23.4337608026,23.4261817932,23.307921481774777
2010-04-29 04:00:00,23.4413388695,23.4943904877,23.591473063718453
2010-04-30 04:00:00,23.5474484995,23.1457710266,23.220336583151553
2010-05-03 04:00:00,23.2442902083,23.3882884979,23.437180999205108
2010-05-04 04:00:00,23.1306090191,22.8350334167,22.67441391656059
2010-05-05 04:00:00,22.5621987972,22.6228294373,22.71893001763061
2010-05-06 04:00:00,22.4257741609,21.9634647369,21.542558008786152
2010-05-07 04:00:00,21.9255713379,21.3798942566,20.92548672208744
2010-05-10 04:00:00,21.9862009526,21.9331493378,22.091170645652653
2010-05-11 04:00:00,21.7361022908,21.8876781464,22.26024177773715
2010-05-12 04:00:00,21.9634627697,22.31208992,22.299201991410783
2010-05-13 04:00:00,22.1756690322,22.1605110168,22.421375529096302
2010-05-14 04:00:00,22.1302022732,21.925573349,21.795017002966176
2010-05-17 04:00:00,22.0695686018,21.9331493378,21.723680175979425
2010-05-18 04:00:00,21.9788353229,21.7732830048,21.771495618071427
2010-05-19 04:00:00,21.7123816361,21.4992160797,21.361876093353175
2010-05-20 04:00:00,21.0500420498,20.6389389038,20.78771700058269
2010-05-21 04:00:00,20.2735075757,20.4333820343,20.45340663322189
2010-05-24 04:00:00,20.4409970714,19.9994411469,20.082972474592893
2010-05-25 04:00:00,19.5274338033,19.8471813202,19.77490364600596
2010-05-26 04:00:00,19.9689909577,19.0402011871,19.13911396655287
2010-05-27 04:00:00,19.5883339412,19.7938861847,19.9791540480171
2010-05-28 04:00:00,19.6720753692,19.6416225433,19.737889329505215
2010-06-01 04:00:00,19.4360776944,19.7101459503,19.91013819505511
2010-06-02 04:00:00,19.8395676532,20.1440887451,19.893194541311814
2010-06-03 04:00:00,20.212608971,20.4486141205,20.36462109537935
2010-06-04 04:00:00,19.8700196923,19.634016037,19.857393495933465
2010-06-07 04:00:00,19.6568505595,19.2533607483,19.304310082674974
2010-06-08 04:00:00,19.2229054525,19.1163234711,18.85701773207009
2010-06-09 04:00:00,19.20007041,18.8727111816,19.09124817233029
2010-06-10 04:00:00,19.1315539479,19.032585144,18.931940158486846
2010-06-11 04:00:00,19.0630364557,19.5350437164,19.309953290864883
2010-06-14 04:00:00,19.6873121084,19.4132423401,19.510606765916464
2010-06-15 04:00:00,19.6035613887,20.2354431152,20.149692092335464
2010-06-16 04:00:00,20.1516994097,20.0375041962,20.077772627797586
2010-06-17 04:00:00,20.2202234223,20.0755767822,19.966739731752547
2010-06-18 04:00:00,20.0755599613,20.1288509369,20.057150491805913
2010-06-21 04:00:00,20.3877029093,19.755821228,19.897035305119644
2010-06-22 04:00:00,19.9156936725,19.6187858582,19.846641988464683
2010-06-23 04:00:00,19.6264044968,19.2685909271,19.280668807422494
2010-06-24 04:00:00,19.3827840137,19.032585144,19.211727679239743
2010-06-25 04:00:00,19.0706450174,18.6747684479,18.644704073924267
2010-06-28 04:00:00,18.6595473394,18.5072860718,18.48162315581382
2010-06-29 04:00:00,18.3702517243,17.7459831238,17.769829491737617
2010-06-30 04:00:00,17.7383706396,17.5175933838,17.752713999837837
2010-07-01 04:00:00,17.5784953416,17.6317863464,17.496392327684795
2010-07-02 04:00:00,17.7840497321,17.7155323029,17.668386980223815
2010-07-06 04:00:00,18.04288364,18.1342391968,18.211136121188495
2010-07-07 04:00:00,18.1342447849,18.4996700287,18.310747766815552
2010-07-08 04:00:00,18.7280621163,18.5834140778,18.348328209722084
2010-07-09 04:00:00,18.5225130517,18.4768352509,18.467175997957284
2010-07-12 04:00:00,18.5986465848,18.9031677246,18.880056877598406
2010-07-13 04:00:00,19.1391668581,19.1315536499,19.09398260661733
2010-07-14 04:00:00,19.4132391435,19.3675613403,19.24861572251332
2010-07-15 04:00:00,19.4132375452,19.4208507538,19.146815048794323
2010-07-16 04:00:00,19.4208459305,18.9488372803,19.10781600536461
2010-07-19 04:00:00,19.0021388538,19.2076911926,19.18649640596268
2010-07-20 04:00:00,18.9260010988,19.3980083466,19.20739290624853
2010-07-21 04:00:00,19.4893725244,19.1239471436,19.134925901364447
2010-07-22 04:00:00,19.4208509167,19.6720809937,19.69596940740037
2010-07-23 04:00:00,19.6720820283,19.6492424011,19.41496068054431
2010-07-26 04:00:00,19.6873110425,19.8700237274,19.866065687063937
2010-07-27 04:00:00,19.9004763987,19.9157028198,19.85875544757714
2010-07-28 04:00:00,19.8471768109,19.755821228,19.77887754872647
2010-07-29 04:00:00,19.8928577724,19.8167285919,19.734386268283707
2010-07-30 04:00:00,19.6035645989,19.6492424011,19.41435694970103
2010-08-02 04:00:00,19.7862731787,20.0451164246,19.879609846898575
2010-08-03 04:00:00,19.946155662,19.9157028198,19.902355543815887
2010-08-04 04:00:00,19.9080825054,19.5883350372,19.520351011321026
2010-08-05 04:00:00,19.4056179589,19.3142623901,19.293162628358324
2010-08-06 04:00:00,19.169618246,19.4512996674,19.307558188438293
2010-08-09 04:00:00,19.4512919029,19.4969711304,19.45695223430829
2010-08-10 04:00:00,19.2838097465,19.0858707428,19.01422932231666
2010-08-11 04:00:00,18.7889714487,18.9260063171,18.856293611531704
2010-08-12 04:00:00,18.5910266283,18.644317627,18.720565981318558
2010-08-13 04:00:00,18.5377296481,18.57579422,18.671061551814816
2010-08-16 04:00:00,18.5453516566,18.65193367,18.66884616357956
2010-08-17 04:00:00,18.9121513367,18.9121513367,19.004427255498577
2010-08-18 04:00:00,18.8891949636,18.99634552,18.89028666465677
2010-08-19 04:00:00,18.8432750323,18.7055091858,18.663694083785344
2010-08-20 04:00:00,18.6060136576,18.5447845459,18.601587064072348
2010-08-23 04:00:00,18.705507972,18.5830497742,18.709381322645534
2010-08-24 04:00:00,18.4376282924,18.3993606567,18.548260547957042
2010-08-25 04:00:00,18.3687509502,18.4452877045,18.429417144260313
2010-08-26 04:00:00,18.4376248015,18.2309761047,18.31647096454467
2010-08-27 04:00:00,18.2769088057,18.3151779175,18.134500042055393
2010-08-30 04:00:00,18.1697526828,18.0932159424,18.139436230227588
2010-08-31 04:00:00,18.0626062861,17.9631080627,17.971968435059182
2010-09-01 04:00:00,18.1161780453,18.2922115326,18.21267200551651
2010-09-02 04:00:00,18.2769034648,18.3228263855,18.221344013546023
2010-09-03 04:00:00,18.5524310574,18.5907001495,18.665344545593726
2010-09-07 04:00:00,18.4452752893,18.3381233215,18.461739515411722
2010-09-08 04:00:00,18.4223285108,18.3151779175,18.299870208940646
2010-09-09 04:00:00,18.5141677454,18.3764019012,18.409432342948215
2010-09-10 04:00:00,18.3534353907,18.2539386749,18.273025399408503
2010-09-13 04:00:00,18.5218202416,19.2183017731,19.119410148546095
2010-09-14 04:00:00,19.164731611,19.1570777893,19.26763301076626
2010-09-15 04:00:00,19.2106483235,19.2259559631,19.1798526387784
2010-09-16 04:00:00,19.1800318603,19.386680603,19.373252040949474
2010-09-17 04:00:00,19.4402579851,19.3024921417,19.32545934017063
2010-09-20 04:00:00,19.3484199988,19.463224411,19.396492723836204
2010-09-21 04:00:00,19.4555653886,19.248916626,19.249608874234234
2010-09-22 04:00:00,19.0499239357,18.8356227875,18.76910747212071
2010-09-23 04:00:00,18.7590821838,18.6978530884,18.723015961910562
2010-09-24 04:00:00,18.8585786567,18.9657306671,18.928849262537824
2010-09-27 04:00:00,19.019311746,18.9274673462,18.948732136164665
2010-09-28 04:00:00,18.9810393198,18.8891963959,18.763782843284375
2010-09-29 04:00:00,18.850933008,18.7514362335,18.733271270189945
2010-09-30 04:00:00,18.8356207032,18.7437763214,18.819442266642994
2010-10-01 04:00:00,18.9580732882,18.6595802307,18.697781695505235
2010-10-04 04:00:00,18.3381314537,18.2998638153,18.25211067874335
2010-10-05 04:00:00,18.4146726603,18.6366291046,18.564854557123013
2010-10-06 04:00:00,18.6136625347,18.6978530884,18.635920579180862
2010-10-07 04:00:00,18.8432740941,18.7743911743,18.714864828457436
2010-10-08 04:00:00,18.8432770404,18.8050079346,18.712704977353866
2010-10-11 04:00:00,18.93511496,18.8203105927,18.793039316105563
2010-10-12 04:00:00,18.8662319785,19.0039978027,18.90556796207457
2010-10-13 04:00:00,19.1494240586,19.3943405151,19.391652738202183
2010-10-14 04:00:00,19.3560711656,19.3101482391,19.212350862622138
2010-10-15 04:00:00,19.4096432209,19.5474090576,19.453481080553217
2010-10-18 04:00:00,19.5856757459,19.7617092133,19.72563516854448
2010-10-19 04:00:00,19.3407691965,19.2106571198,19.207788324813436
2010-10-20 04:00:00,19.3331045875,19.3713722229,19.32739714829576
2010-10-21 04:00:00,19.4402549536,19.4555625916,19.312127488758208
2010-10-22 04:00:00,19.5321093362,19.4249572754,19.396335584315594
2010-10-25 04:00:00,19.3177991186,19.2795314789,19.352059921999803
2010-10-26 04:00:00,19.2259555837,19.8229389191,19.712121936830158
2010-10-27 04:00:00,19.7387449953,19.9377384186,19.835450872894803
2010-10-28 04:00:00,20.0602042304,20.1137809753,19.989576507593583
2010-10-29 04:00:00,20.779648055,20.412273407,20.3925246572761
2010-11-01 04:00:00,20.5730025293,20.6265792847,20.676293583515744
2010-11-02 04:00:00,20.7107647883,20.9633350372,20.916560424762153
2010-11-03 04:00:00,21.0169223459,20.6878166199,20.727686514865013
2010-11-04 04:00:00,20.9786404918,20.7719917297,20.74783734465899
2010-11-05 04:00:00,20.7949518636,20.5500354767,20.409132931192993
2010-11-08 05:00:00,20.4199181927,20.5194149017,21.688543026441636
2010-11-09 05:00:00,20.5194272338,20.6265792847,20.650168469239787
2010-11-10 05:00:00,20.6724965646,20.6189212799,20.60043239748255
2010-11-11 05:00:00,20.4199295044,20.4199295044,20.200503891004033
2010-11-12 05:00:00,20.2591988172,20.1061267853,20.064954872117696
2010-11-15 05:00:00,20.1520518497,20.0525550842,20.165381479401375
2010-11-16 05:00:00,20.0525572284,19.8754405975,19.81351414915875
2010-11-17 05:00:00,19.9447348421,19.690612793,19.737580830031064
2010-11-18 05:00:00,19.7984252253,19.8985347748,19.97143154120269
2010-11-19 05:00:00,19.8677340459,19.7830276489,19.76994910701339
2010-11-22 05:00:00,19.7522279054,19.8138332367,19.684164742028692
2010-11-23 05:00:00,19.690614998,19.3440856934,19.41091223388301
2010-11-24 05:00:00,19.4056924555,19.5366039276,19.55052628249011
2010-11-26 05:00:00,19.4133894995,19.4441928864,19.521886133551988
2010-11-29 05:00:00,19.3979949717,19.4904022217,19.381876561997878
2010-11-30 05:00:00,19.2901836914,19.4518985748,19.525323696210137
2010-12-01 05:00:00,19.6906187333,20.0525512695,20.10970473569632
2010-12-02 05:00:00,20.2065659946,20.7071094513,20.64314603601163
2010-12-03 05:00:00,20.6455055493,20.807220459,20.792246400861345
2010-12-06 05:00:00,20.7379119768,20.6686058044,20.672744316793853
2010-12-07 05:00:00,20.8534229505,20.6917095184,20.749455676675225
2010-12-08 05:00:00,20.6609027077,20.9689292908,20.904591288226314
2010-12-09 05:00:00,21.0074285248,20.8534145355,20.88374388397021
2010-12-10 05:00:00,20.9381305629,21.0536403656,21.02853744444377
2010-12-13 05:00:00,20.9997328274,20.984331131,21.059059747390798
2010-12-14 05:00:00,21.0305328177,21.2692546844,21.279857407169303
2010-12-15 05:00:00,21.1999554742,21.4463768005,21.494044117954807
2010-12-16 05:00:00,21.3770669384,21.5541820526,21.467132645625583
2010-12-17 05:00:00,21.5002802394,21.48487854,21.508717082794604
2010-12-20 05:00:00,21.5233816336,21.4155712128,21.388193399706466
2010-12-21 05:00:00,21.446375132,21.6157894135,21.579361616270944
2010-12-22 05:00:00,21.5695805068,21.7081928253,21.80223219116546
2010-12-23 05:00:00,21.5387817511,21.7929039001,21.76014415237806
2010-12-27 05:00:00,21.6542936607,21.6157894135,21.56296205215272
2010-12-28 05:00:00,21.5387709746,21.5695743561,21.669260906604677
2010-12-29 05:00:00,21.5156753246,21.5387763977,21.601572805439787
2010-12-30 05:00:00,21.5002812821,21.4463768005,21.47366350358194
2010-12-31 05:00:00,21.4078725322,21.4925804138,21.38590915296257
2011-01-03 05:00:00,21.6003846485,21.5464801788,21.61066707823852
2011-01-04 05:00:00,21.5156814488,21.6311912537,21.61240155793628
2011-01-05 05:00:00,21.4848769043,21.5618839264,21.482905452261882
2011-01-06 05:00:00,21.5926850104,22.1933364868,21.982464777704323
2011-01-07 05:00:00,22.0547238904,22.0239219666,21.87864321078616
2011-01-10 05:00:00,21.7620980232,21.731294632,21.720223862288115
2011-01-11 05:00:00,21.715899271,21.6465930939,21.664871841262652
2011-01-12 05:00:00,21.6542887736,21.9854164124,21.92252709976313
2011-01-13 05:00:00,21.8160017536,21.7081928253,21.660830713320188
2011-01-14 05:00:00,21.6234896237,21.7929039001,21.710828643843683
2011-01-18 05:00:00,21.6850957324,22.0701293945,22.039480077167482
2011-01-19 05:00:00,21.9161101112,21.9238109589,21.942354508148114
2011-01-20 05:00:00,21.9469173445,21.831407547,21.753395101857393
2011-01-21 05:00:00,21.869912623,21.577287674,21.657694936522425
2011-01-24 05:00:00,21.5772823578,21.8545055389,21.900815587908085
2011-01-25 05:00:00,21.6696872652,21.9084091187,21.86048462163366
2011-01-26 05:00:00,21.9546124367,22.162530899,22.255224642719128
2011-01-27 05:00:00,22.1394295264,22.2318382263,22.417360736460545
2011-01-28 05:00:00,22.2549466881,21.3693695068,21.34880637085049
2011-01-31 05:00:00,21.384767246,21.3539638519,21.252021753588778
2011-02-01 05:00:00,21.4078688645,21.5541820526,21.457741437964373
2011-02-02 05:00:00,21.5079756507,21.5156764984,21.60035366876386
2011-02-03 05:00:00,21.5387816039,21.2923603058,21.275548342920885
2011-02-04 05:00:00,21.3308668658,21.384771347,21.30794808861333
2011-02-07 05:00:00,21.4078610164,21.7158889771,21.7441746040447
2011-02-08 05:00:00,21.6388935122,21.7775058746,21.767775849911004
2011-02-09 05:00:00,21.7081921008,21.5387763977,21.584908763897772
2011-02-10 05:00:00,21.5079785176,21.1768493652,21.1144861057957
2011-02-11 05:00:00,21.3770655779,20.984331131,20.97520131733475
2011-02-14 05:00:00,20.9535275944,20.9689292908,20.83627094846271
2011-02-15 05:00:00,20.9456913152,20.8837203979,21.078776032377945
2011-02-16 05:00:00,20.9534401049,20.9302024841,20.686994108459345
2011-02-17 05:00:00,20.8914651993,21.0773735046,21.11110492347116
2011-02-18 05:00:00,21.0154104502,20.9611873627,20.987965982530923
2011-02-22 05:00:00,20.7442963946,20.5971183777,20.78444997048119
2011-02-23 05:00:00,20.5506416535,20.5971183777,20.701105432887132
2011-02-24 05:00:00,20.6358423936,20.7365436554,20.81514238337064
2011-02-25 05:00:00,20.8449948738,20.5661315918,20.616719172837065
2011-02-28 05:00:00,20.6745792811,20.5893707275,20.675463589732047
2011-03-01 05:00:00,20.6048631888,20.2640304565,20.435505375009072
2011-03-02 05:00:00,20.2253017077,20.2020626068,20.352305326878266
2011-03-03 05:00:00,20.3414901427,20.2950134277,20.38897545916663
2011-03-04 05:00:00,20.3104985849,20.1013526917,20.06287158811002
2011-03-07 05:00:00,20.2407904109,19.9231967926,19.9617626101233
2011-03-08 05:00:00,19.961927373,20.0703735352,20.04988368368219
2011-03-09 05:00:00,19.9929125991,20.0548820496,20.012571035581963
2011-03-10 05:00:00,19.8457322996,19.6830615997,19.738127633523085
2011-03-11 05:00:00,19.6830663614,19.8922138214,19.93217362270906
2011-03-14 04:00:00,19.7450333038,19.8999576569,19.831865292514934
2011-03-15 04:00:00,19.427440593,19.6675720215,19.626189348456336
2011-03-16 04:00:00,19.5358797722,19.2027950287,19.233374826212824
2011-03-17 04:00:00,19.4119434755,19.1950511932,19.320371292560758
2011-03-18 04:00:00,19.4119417856,19.2105407715,19.3286332442584
2011-03-21 04:00:00,19.5048974357,19.6210899353,19.742471254596232
2011-03-22 04:00:00,19.597858429,19.597858429,19.66317640944591
2011-03-23 04:00:00,19.5436291214,19.7837619781,19.756007063844493
2011-03-24 04:00:00,19.8302430416,19.9929122925,19.943287208424806
2011-03-25 04:00:00,20.0858650489,19.8457336426,19.890194145938906
2011-03-28 04:00:00,19.8767162802,19.6830615997,19.744339189285448
2011-03-29 04:00:00,19.6288426344,19.7450351715,19.72596855498888
2011-03-30 04:00:00,19.8302377213,19.8379840851,19.851871207587727
2011-03-31 04:00:00,19.8302427474,19.6675720215,19.72305473811538
2011-04-01 04:00:00,19.7760193495,19.7372875214,19.646126017398387
2011-04-04 04:00:00,19.7140508306,19.7915115356,19.82955920414672
2011-04-05 04:00:00,20.0006533198,19.969669342,20.181801955905357
2011-04-06 04:00:00,20.1245956467,20.256280899,20.261498302751093
2011-04-07 04:00:00,20.2872670623,20.2950134277,20.20063892191645
2011-04-08 04:00:00,20.2717714,20.1943092346,20.216029385851712
2011-04-11 04:00:00,20.2872663549,20.1245956421,20.083569885668993
2011-04-12 04:00:00,20.0084050322,19.8612270355,19.851809069485455
2011-04-13 04:00:00,19.8689682984,19.8534755707,19.9581170543674
2011-04-14 04:00:00,19.6908111572,19.6908111572,19.501198848654425
2011-04-15 04:00:00,19.7217910437,19.6520767212,19.613607596560286
2011-04-18 04:00:00,19.442931466,19.427438736,19.317888046960945
2011-04-19 04:00:00,19.3654664324,19.4816589355,19.39743537708536
2011-04-20 04:00:00,19.7837679478,19.9541835785,20.05823679541819
2011-04-21 04:00:00,19.9774198333,19.7682723999,19.771619582417152
2011-04-25 04:00:00,19.7992522661,19.8379840851,19.705952543951796
2011-04-26 04:00:00,19.9386867439,20.2872657776,20.333485295473963
2011-04-27 04:00:00,20.372471176,20.4344406128,20.33077273945166
2011-04-28 04:00:00,20.4964069242,20.6900615692,20.72167130979947
2011-04-29 04:00:00,20.56612847,20.078119278,19.858816116534577
2011-05-02 04:00:00,20.0936103914,19.8767166138,19.843988781530214
2011-05-03 04:00:00,19.8302430416,19.9929122925,19.92457092204623
2011-05-04 04:00:00,20.0238942693,20.1865634918,20.242501941271158
2011-05-05 04:00:00,20.1788165541,19.9774169922,19.969767366703238
2011-05-06 04:00:00,20.1943115274,20.0393886566,20.091046824376008
2011-05-09 04:00:00,19.9851684922,20.0084075928,20.011779689480235
2011-05-10 04:00:00,19.6598222213,19.8844623566,19.874961086201075
2011-05-11 04:00:00,19.8689715654,19.6443328857,19.60166964441445
2011-05-12 04:00:00,19.636589013,19.6133499146,19.511322438335597
2011-05-13 04:00:00,19.582358952,19.3887042999,19.404804914855134
2011-05-16 04:00:00,19.3344818753,19.0323810577,19.11443008603068
2011-05-17 04:00:00,19.024582719,19.1181468964,19.136011094167742
2011-05-18 04:00:00,19.1259449313,19.2506961823,19.083725972561112
2011-05-19 04:00:00,19.3754415666,19.2740802765,19.17711373856413
2011-05-20 04:00:00,19.274086824,19.0947570801,19.195243090650465
2011-05-23 04:00:00,18.8764419689,18.8452548981,18.795359214429645
2011-05-24 04:00:00,18.8686518466,18.8296661377,18.83136938878613
2011-05-25 04:00:00,18.8452589129,18.8608531952,18.937177793153474
2011-05-26 04:00:00,18.9856010833,19.2351036072,19.395777622996988
2011-05-27 04:00:00,19.2429031393,19.3052787781,19.37122422708788
2011-05-31 04:00:00,19.4612183801,19.5002040863,19.36506831059456
2011-06-01 04:00:00,19.4846049301,19.0479755402,19.158071886145564
2011-06-02 04:00:00,19.0947652173,18.8842468262,19.002128764649804
2011-06-03 04:00:00,18.7516969933,18.642539978,18.68142265305086
2011-06-06 04:00:00,18.6269386705,18.7205028534,18.781268601916373
2011-06-07 04:00:00,18.7828823892,18.7594909668,18.719651460776134
2011-06-08 04:00:00,18.6347431327,18.6659317017,18.69443366572925
2011-06-09 04:00:00,18.7205004308,18.68151474,18.626526245669737
2011-06-10 04:00:00,18.7283001007,18.4865932465,18.523943862204682
2011-06-13 04:00:00,18.5489648934,18.743888855,18.747448447600817
2011-06-14 04:00:00,18.9466224805,18.8842468262,18.979091242200596
2011-06-15 04:00:00,18.7127042034,18.5099830627,18.514463517088103
2011-06-16 04:00:00,18.5177853703,18.7127094269,18.678991968618554
2011-06-17 04:00:00,18.8842434112,18.9154319763,18.788280017799835
2011-06-20 04:00:00,18.8452487159,19.0791568756,19.151855110709192
2011-06-21 04:00:00,19.1181518619,19.3052787781,19.260796124089325
2011-06-22 04:00:00,19.18052301,19.2195072174,19.315777539856114
2011-06-23 04:00:00,19.055775344,19.2039165497,19.039756318629316
2011-06-24 04:00:00,19.1103541023,18.9466171265,18.931424840844343
2011-06-27 04:00:00,18.8920341369,19.6483402252,19.659177341959094
2011-06-28 04:00:00,19.7263151172,20.1161632538,20.02829201801582
2011-06-29 04:00:00,20.0459880145,19.9758167267,19.830057098529693
2011-06-30 04:00:00,20.0693773774,20.2720985413,20.190363882918348
2011-07-01 04:00:00,20.2175202552,20.2876930237,20.319843831816073
2011-07-05 04:00:00,20.3500706671,20.2954921722,20.26372894296101
2011-07-06 04:00:00,20.2487087778,20.5293998718,20.501778708430358
2011-07-07 04:00:00,20.6541496884,20.8724651337,20.822718683459314
2011-07-08 04:00:00,20.6931360613,20.9894199371,20.958126344851415
2011-07-11 04:00:00,20.7555119187,20.7633075714,20.795387054158347
2011-07-12 04:00:00,20.7009280518,20.6931324005,20.724979759649216
2011-07-13 04:00:00,20.739917639,20.7633075714,20.916468423381104
2011-07-14 04:00:00,20.7555149694,20.6385593414,20.838784890198802
2011-07-15 04:00:00,20.6385555099,20.8802623749,20.93546272301024
2011-07-18 04:00:00,20.7633094965,20.7321224213,20.700705577178972
2011-07-19 04:00:00,20.9036524318,21.4728317261,21.40811802017592
2011-07-20 04:00:00,21.2701077592,21.0985736847,21.13142039538006
2011-07-21 04:00:00,21.0829870137,21.1297683716,21.007618867112065
2011-07-22 04:00:00,20.9426380307,21.4650344849,21.262712986862454
2011-07-25 04:00:00,21.254519761,21.7613220215,21.733119027655285
2011-07-26 04:00:00,21.6911463184,21.8938674927,21.883280532677574
2011-07-27 04:00:00,21.7379276635,21.3090953827,21.374648405935844
2011-07-28 04:00:00,21.2779101344,21.6131782532,21.71929475284624
2011-07-29 04:00:00,21.457238356,21.3636741638,21.418663106151982
2011-08-01 04:00:00,21.4494349633,21.2623081207,21.07618366307203
2011-08-02 04:00:00,21.0361985662,20.8958530426,21.195157835763908
2011-08-03 04:00:00,20.9192471663,20.9894199371,20.80862946183622
2011-08-04 04:00:00,20.6853358629,20.225315094,20.514450034653215
2011-08-05 04:00:00,20.2487113158,20.022600174,19.85650556730991
2011-08-08 04:00:00,19.5079983888,19.0869617462,19.46321514069141
2011-08-09 04:00:00,19.2662932891,19.9446296692,19.390791889585998
2011-08-10 04:00:00,19.4534147764,18.868642807,18.994119196366
2011-08-11 04:00:00,19.1025560288,19.6405467987,19.589554824342592
2011-08-12 04:00:00,19.5937653774,19.5703754425,19.42069061238054
2011-08-15 04:00:00,19.6795344375,19.8900527954,19.842558276101173
2011-08-16 04:00:00,19.7880516881,19.8900527954,19.91776871985102
2011-08-17 04:00:00,19.8115825653,19.8115825653,19.89152658245824
2011-08-18 04:00:00,19.2780443285,19.3565063477,19.25509580123689
2011-08-19 04:00:00,19.1525093397,18.8700466156,18.964508027267613
2011-08-22 04:00:00,19.1603565798,18.8151245117,18.79998936989403
2011-08-23 04:00:00,18.8543574648,19.3957424164,19.31141320604548
2011-08-24 04:00:00,19.3408214815,19.5369758606,19.37478064712097
2011-08-25 04:00:00,19.6782064735,19.2780513763,19.357687602121594
2011-08-26 04:00:00,19.2309660677,19.8115825653,19.696859111620526
2011-08-29 04:00:00,20.03128416,20.274515152,20.143211384706888
2011-08-30 04:00:00,20.1882024494,20.5805110931,20.614663030657795
2011-08-31 04:00:00,20.6275900491,20.8708209991,20.881735932199973
2011-09-01 04:00:00,20.7609755924,20.5648212433,20.85746988542573
2011-09-02 04:00:00,20.2274366126,20.2431278229,20.298145423962822
2011-09-06 04:00:00,19.772355917,20.015586853,19.96729581905278
2011-09-07 04:00:00,20.1568163881,20.4000473022,20.282995130208725
2011-09-08 04:00:00,20.4000508917,20.5726661682,20.788847494962894
2011-09-09 04:00:00,20.4000494103,20.1960487366,20.195012171283544
2011-09-12 04:00:00,19.9606685407,20.3137454987,20.16466173779689
2011-09-13 04:00:00,20.3372798995,20.4314346313,20.445595440788892
2011-09-14 04:00:00,20.5334328663,20.7923564911,20.751789130722393
2011-09-15 04:00:00,20.9728219663,21.1768226624,20.895434694410966
2011-09-16 04:00:00,21.2239069889,21.2788314819,21.229680528635733
2011-09-19 04:00:00,21.0277465934,21.349439621,21.22551766920199
2011-09-20 04:00:00,21.4278975661,21.1689739227,21.309600835380024
2011-09-21 04:00:00,21.2239002229,20.392206192,20.53140214525326
2011-09-22 04:00:00,19.8508159727,19.6625080109,19.617818784160605
2011-09-23 04:00:00,19.5369693697,19.6625080109,19.565867861951247
2011-09-26 04:00:00,19.764510422,19.9606647491,19.677755325184748
2011-09-27 04:00:00,20.1332802799,20.1411266327,20.16906012989712
2011-09-28 04:00:00,20.3451272239,20.0705108643,20.353410695503683
2011-09-29 04:00:00,20.3843558601,19.9685096741,19.927599272063162
2011-09-30 04:00:00,19.7723538056,19.5291213989,19.759659404228557
2011-10-03 04:00:00,19.3957364213,19.2466602325,19.659467606468326
2011-10-04 04:00:00,19.0662012817,19.8822040558,19.725449018956937
2011-10-05 04:00:00,19.9449758323,20.3137454987,20.24375696865168
2011-10-06 04:00:00,20.321588483,20.6668205261,20.512347650618153
2011-10-07 04:00:00,20.6668280921,20.5962123871,20.69397293476144
2011-10-10 04:00:00,20.8551220568,21.1375846863,21.03812392302845
2011-10-11 04:00:00,21.0748235391,21.1846694946,21.127141878208846
2011-10-12 04:00:00,21.3258970103,21.1532802582,21.236562891715757
2011-10-13 04:00:00,20.9963597879,21.3258991241,21.190557798574915
2011-10-14 04:00:00,21.4278949872,21.3965110779,21.369107726226034
2011-10-17 04:00:00,21.2709750075,21.1689739227,21.30590795712294
2011-10-18 04:00:00,21.1375908391,21.427898407,21.34429979349678
2011-10-19 04:00:00,21.4749724922,21.2866630554,21.314400027609537
2011-10-20 04:00:00,21.3886721261,21.2160568237,20.88504501163824
2011-10-21 04:00:00,21.3023629204,21.3102092743,21.1111632481974
2011-10-24 04:00:00,21.2317486603,21.3337497711,21.443846140218717
2011-10-25 04:00:00,21.2474400997,21.0355930328,21.11746112439242
2011-10-26 04:00:00,21.2082120153,20.8629798889,20.627221635659282
2011-10-27 04:00:00,21.2866645955,21.3808193207,21.15145937001172
2011-10-28 04:00:00,21.2945125682,21.1689739227,21.109477650200063
2011-10-31 04:00:00,20.9963625999,20.894361496,21.067107320747105
2011-11-01 04:00:00,20.5491302718,20.392206192,20.42581287156945
2011-11-02 04:00:00,20.4785078903,20.4078922272,20.290304600175034
2011-11-03 04:00:00,20.5883610313,20.8159008026,20.647173994086316
2011-11-04 04:00:00,20.6982120185,20.5962123871,20.47411318231299
2011-11-07 05:00:00,20.5648180736,21.0277423859,20.90311078903362
2011-11-08 05:00:00,21.1925169591,21.3102092743,21.113613072275484
2011-11-09 05:00:00,20.8629746873,20.556974411,20.626305040136188
2011-11-10 05:00:00,20.7688195578,20.6197433472,20.570814407388134
2011-11-11 05:00:00,20.8551281649,21.1140518188,21.17215128890237
2011-11-14 05:00:00,21.0905216878,20.9963684082,21.027797749427215
2011-11-15 05:00:00,20.9963579628,21.1386528015,21.141265466984073
2011-11-16 05:00:00,20.9252091463,20.6089992523,20.678710426580288
2011-11-17 05:00:00,20.5615660058,20.1900196075,20.215147914864332
2011-11-18 05:00:00,20.1425885571,20.0002937317,19.94933975294444
2011-11-21 05:00:00,19.9528656852,19.7631397247,19.74651004944529
2011-11-22 05:00:00,19.6761830885,19.5971317291,19.5734327477075
2011-11-23 05:00:00,19.4548327664,19.3441581726,19.486848539357695
2011-11-25 05:00:00,19.2730198406,19.209777832,19.413202909917686
2011-11-28 05:00:00,19.7157102423,19.6603736877,19.581467714924713
2011-11-29 05:00:00,19.6208411222,19.6366519928,19.724565862098174
2011-11-30 05:00:00,20.0556319149,20.2216415405,20.05327989123782
2011-12-01 05:00:00,20.2058356631,19.9844894409,20.023772085035205
2011-12-02 05:00:00,20.2295507305,19.9370555878,19.976004807396436
2011-12-05 05:00:00,20.3797435836,20.3165016174,20.220084622634857
2011-12-06 05:00:00,20.4034696924,20.2848911285,20.32201384674005
2011-12-07 05:00:00,20.2927938306,20.2374572754,20.14325712821892
2011-12-08 05:00:00,20.1425953309,20.0793533325,20.232730318019804
2011-12-09 05:00:00,20.1742068165,20.3165016174,20.39274631985925
2011-12-12 05:00:00,20.0872545909,20.1663074493,20.12090877932704
2011-12-13 05:00:00,20.3560300353,20.3639354706,20.521490144068437
2011-12-14 05:00:00,20.3323151513,20.2295475006,20.333836911452053
2011-12-15 05:00:00,20.3323154881,20.2058315277,20.32628957912611
2011-12-16 05:00:00,20.2927898959,20.5536632538,20.59143275205821
2011-12-19 05:00:00,20.5694806254,20.1821231842,20.27326627854672
2011-12-20 05:00:00,20.4429898319,20.5773792267,20.573451765204595
2011-12-21 05:00:00,20.5615668301,20.3639354706,20.308435304138804
2011-12-22 05:00:00,20.4113668917,20.4034614563,20.224213904680255
2011-12-23 05:00:00,20.4825155036,20.5773792267,20.458010195814055
2011-12-27 05:00:00,20.5220493039,20.5852928162,20.62861627835254
2011-12-28 05:00:00,20.640626313,20.4113731384,20.447082402883815
2011-12-29 05:00:00,20.5141424311,20.5694789886,20.53097330073679
2011-12-30 05:00:00,20.5536649749,20.5220432281,20.582982522564166
2012-01-03 05:00:00,20.988446518,21.1623630524,21.152001185325233
2012-01-04 05:00:00,21.2018974857,21.660402298,21.594908520910586
2012-01-05 05:00:00,21.6445896218,21.8817481995,21.818244268845106
2012-01-06 05:00:00,21.7631654652,22.2216701508,22.189709694908927
2012-01-09 05:00:00,22.1742445898,21.9291820526,22.00206766678022
2012-01-10 05:00:00,22.0793776255,22.0082302094,22.112740810981933
2012-01-11 05:00:00,21.6841260312,21.9133777618,22.002194529868866
2012-01-12 05:00:00,22.0319502714,22.1347179413,21.995075055021076
2012-01-13 05:00:00,22.0793799229,22.3323478699,22.20158295054111
2012-01-17 05:00:00,22.450921182,22.3402481079,22.470074451400457
2012-01-18 05:00:00,22.3797721952,22.3165302277,22.226053342962658
2012-01-19 05:00:00,22.2611963445,22.2295761108,22.36540162410769
2012-01-20 05:00:00,22.7829477379,23.4865150452,23.325767762499634
2012-01-23 05:00:00,23.3600321086,23.5023269653,23.493539714347506
2012-01-24 05:00:00,23.2967850579,23.1940174103,23.183685562697082
2012-01-25 05:00:00,22.9805722092,23.3679294586,23.358810091843857
2012-01-26 05:00:00,23.4074634405,23.3205051422,23.341570390111887
2012-01-27 05:00:00,23.2809798932,23.1070632935,23.162083888256134
2012-01-30 05:00:00,22.9015294058,23.4074668884,23.229941584336395
2012-01-31 05:00:00,23.4469887779,23.3442211151,23.203485290476717
2012-02-01 05:00:00,23.5497595249,23.6288108826,23.709674669772284
2012-02-02 05:00:00,23.6367194512,23.6762466431,23.696367405206278
2012-02-03 05:00:00,23.826441826,23.9054946899,23.973364006336872
2012-02-06 05:00:00,23.7473849922,23.8738689423,23.831133638083383
2012-02-07 05:00:00,23.834346896,23.9924526215,23.997720925530615
2012-02-08 05:00:00,23.9213026786,24.2375125885,24.168284975422186
2012-02-09 05:00:00,24.2533288082,24.3244762421,24.213759562339888
2012-02-10 05:00:00,24.2216998469,24.1110267639,24.153675882284332
2012-02-13 05:00:00,24.2138020346,24.1742763519,24.186626807630553
2012-02-14 05:00:00,24.1344896349,24.0708312988,23.91289193916216
2012-02-15 05:00:00,24.1344754895,23.9116706848,23.989762220337376
2012-02-16 05:00:00,24.1185733446,24.8983898163,24.90699649919296
2012-02-17 05:00:00,24.8267702848,24.8665561676,24.75396811558233
2012-02-21 05:00:00,24.8108579279,25.017747879,25.079626844986276
2012-02-22 05:00:00,25.0257065274,24.8824748993,25.008589922861713
2012-02-23 05:00:00,24.8267734335,24.9620475769,24.956521783591178
2012-02-24 05:00:00,25.0495700836,25.0495700836,24.92113894685365
2012-02-27 05:00:00,24.8586018853,24.9461326599,24.947243458679743
2012-02-28 05:00:00,24.9938782047,25.3599147797,25.31920531005103
2012-02-29 05:00:00,25.3758250889,25.2564659119,25.277299737494758
2012-03-01 05:00:00,25.4076458275,25.694108963,25.66237473966233
2012-03-02 05:00:00,25.7100274288,25.527009964,25.604298114871945
2012-03-05 05:00:00,25.4713132163,25.3042106628,25.255318127223983
2012-03-06 05:00:00,25.0973201228,25.1132335663,25.359276529335542
2012-03-07 05:00:00,25.2007587625,25.3360328674,25.283546681982436
2012-03-08 05:00:00,25.4951817109,25.4713077545,25.528236552859962
2012-03-09 05:00:00,25.5429259,25.4553966522,25.480357521556815
2012-03-12 04:00:00,25.4394796797,25.4951820374,25.503326096179837
2012-03-13 04:00:00,25.6543332299,25.9964942932,25.896388008404926
2012-03-14 04:00:00,25.8850885821,26.0760650635,26.098351269377865
2012-03-15 04:00:00,26.0919809786,26.1397228241,26.066285449707035
2012-03-16 04:00:00,26.1874675063,25.9407901764,25.958910246720002
2012-03-19 04:00:00,25.8930554219,25.6225070953,25.696339597381254
2012-03-20 04:00:00,25.5429259,25.4553966522,25.35339391550027
2012-03-21 04:00:00,25.4315266866,25.391740799,25.47702997530953
2012-03-22 04:00:00,25.3121650207,25.4633541107,25.494336108576434
2012-03-23 04:00:00,25.5429235529,25.4713077545,25.3149388525018
2012-03-26 04:00:00,25.6145358353,25.9328289032,25.87129724993594
2012-03-27 04:00:00,25.9805877104,25.8771419525,25.865336275804776
2012-03-28 04:00:00,25.8771343071,25.6145420074,25.68890840859814
2012-03-29 04:00:00,25.5110960499,25.5588378906,25.4453647812983
2012-03-30 04:00:00,25.7816489483,25.6702442169,25.567356116838344
2012-04-02 04:00:00,25.638408135,25.694108963,25.62827860805373
2012-04-03 04:00:00,25.5906712838,25.4156112671,25.29479116368713
2012-04-04 04:00:00,25.1928053508,24.8347263336,24.822689468047773
2012-04-05 04:00:00,24.7869792677,25.0813999176,25.040079204030253
2012-04-09 04:00:00,24.8426886643,24.7472019196,24.807466643608628
2012-04-10 04:00:00,24.7153684849,24.2458877563,24.306699407224283
2012-04-11 04:00:00,24.2140584862,24.1504001617,24.161537516466307
2012-04-12 04:00:00,24.2538437067,24.6517086029,24.583215640014075
2012-04-13 04:00:00,24.5800901242,24.5164318085,24.654543086879272
2012-04-16 04:00:00,24.659671185,24.7312870026,24.656869970826055
2012-04-17 04:00:00,24.8824737386,25.017747879,25.068164541245483
2012-04-18 04:00:00,24.890429238,24.7790260315,24.768067988762354
2012-04-19 04:00:00,24.7710677033,24.6755809784,25.00761920051669
2012-04-20 04:00:00,25.5827134629,25.7975578308,25.999518299832747
2012-04-23 04:00:00,25.7100284809,25.5588378906,25.66197698098404
2012-04-24 04:00:00,25.630461062,25.3997001648,25.590381796217905
2012-04-25 04:00:00,25.3997021447,25.6225070953,25.63697954783511
2012-04-26 04:00:00,25.5588363933,25.5508804321,25.514174870134557
2012-04-27 04:00:00,25.5588447139,25.4474430084,25.48110034957898
2012-04-30 04:00:00,25.4474391066,25.4792690277,25.50904639912522
2012-05-01 04:00:00,25.5031376728,25.4713077545,25.638149539841017
2012-05-02 04:00:00,25.3439980692,25.3042106628,25.273593384787162
2012-05-03 04:00:00,25.3678694778,25.2723827362,25.21969993610173
2012-05-04 04:00:00,25.0257025767,24.6517086029,24.76537395575311
2012-05-07 04:00:00,24.4289151477,24.3891277313,24.46114993074058
2012-05-08 04:00:00,24.2538394525,24.2697544098,24.252804597033418
2012-05-09 04:00:00,24.0230844688,24.476650238,24.38214363532589
2012-05-10 04:00:00,24.5562235705,24.460735321,24.400848055105758
2012-05-11 04:00:00,24.4209503599,24.7949428558,24.97229659021336
2012-05-14 04:00:00,24.5243903406,24.4129886627,24.56077132693201
2012-05-15 04:00:00,24.5411427132,24.1967334747,24.33060409966777
2012-05-16 04:00:00,24.2768265542,23.9484367371,23.917458673610938
2012-05-17 04:00:00,24.0205231381,23.804265976,23.988917600856347
2012-05-18 04:00:00,23.8603349826,23.4438400269,23.473022479632274
2012-05-21 04:00:00,23.3076824519,23.8283004761,23.733379386580886
2012-05-22 04:00:00,23.7802373812,23.8363037109,23.79019077313373
2012-05-23 04:00:00,23.5079171847,23.3156890869,23.078341442357388
2012-05-24 04:00:00,23.3557351695,23.2836494446,23.1919337218183
2012-05-25 04:00:00,23.3877804395,23.2756462097,23.378364827884507
2012-05-29 04:00:00,23.5319435878,23.676115036,23.656369878345146
2012-05-30 04:00:00,23.5079162346,23.4999065399,23.452740995516592
2012-05-31 04:00:00,23.4678681448,23.3797645569,23.318598390575715
2012-06-01 04:00:00,23.0353542013,22.7870597839,22.96297692210572
2012-06-04 04:00:00,22.9232229397,22.8671550751,22.839007097995935
2012-06-05 04:00:00,22.8351078033,22.8351078033,22.92269292718295
2012-06-06 04:00:00,23.1314674956,23.5079154968,23.410684290060093
2012-06-07 04:00:00,23.740196017,23.4118061066,23.47919507962554
2012-06-08 04:00:00,23.3957861934,23.7482051849,23.6019662308181
2012-06-11 04:00:00,23.8122750633,23.147485733,23.266969656891455
2012-06-12 04:00:00,23.3076787022,23.459859848,23.276123455734783
2012-06-13 04:00:00,23.403796555,23.3317108154,23.445707607605208
2012-06-14 04:00:00,23.4918968452,23.4999065399,23.288206133329883
2012-06-15 04:00:00,23.7001482797,24.0445575714,23.959789797357335
2012-06-18 04:00:00,24.0205272823,23.900384903,23.87550220345556
2012-06-19 04:00:00,24.1807175784,24.5892028809,24.684879569150148
2012-06-20 04:00:00,24.7734222412,24.7734222412,24.67294972357939
2012-06-21 04:00:00,24.7974446953,24.1406650543,24.323071522779056
2012-06-22 04:00:00,24.2688211731,24.5892028809,24.376586508562934
2012-06-25 04:00:00,24.2688194885,23.9244117737,23.841496404410275
2012-06-26 04:00:00,24.0285381793,24.0445575714,24.176945047472927
2012-06-27 04:00:00,24.1807189463,24.1646995544,24.28701231104079
2012-06-28 04:00:00,24.0125177583,23.956451416,23.69739219955067
2012-06-29 04:00:00,24.3889526574,24.5010852814,24.350137636921623
2012-07-02 04:00:00,24.5251242077,24.47706604,24.267745476181453
2012-07-03 04:00:00,24.2127538534,24.6372585297,24.52520941676596
2012-07-05 04:00:00,24.5010977585,24.5892028809,24.498409010140634
2012-07-06 04:00:00,24.5171209055,24.180721283,24.147699199398627
2012-07-09 04:00:00,24.1246487435,24.0285339355,23.983355557089226
2012-07-10 04:00:00,24.0926092964,23.8202857971,23.8149367980319
2012-07-11 04:00:00,23.7962625324,23.4678726196,23.42867749607912
2012-07-12 04:00:00,23.3477235639,22.9312286377,22.97285570136583
2012-07-13 04:00:00,23.0353584248,23.5399570465,23.479634414885624
2012-07-16 04:00:00,23.612040992,23.5800037384,23.36483638900205
2012-07-17 04:00:00,23.740192844,23.7562122345,23.600259969931017
2012-07-18 04:00:00,23.7081549004,24.3889636993,24.167647540443188
2012-07-19 04:00:00,24.4370201318,24.5651721954,24.551264047004153
2012-07-20 04:00:00,24.8294775277,24.1246414185,24.239477294245166
2012-07-23 04:00:00,23.6841259368,23.4518508911,23.330803680079317
2012-07-24 04:00:00,23.4198106378,23.3477249146,23.28398240735202
2012-07-25 04:00:00,23.4198129044,23.0914230347,23.18408391275327
2012-07-26 04:00:00,23.4118040277,23.3557376862,23.505479687253498
2012-07-27 04:00:00,23.6120368643,23.8363037109,23.6609653829344
2012-07-30 04:00:00,23.8282956173,23.740190506,23.695194838949117
2012-07-31 04:00:00,23.6120403042,23.6040306091,23.673998795485826
2012-08-01 04:00:00,23.7001464225,23.5559749603,23.499843751582407
2012-08-02 04:00:00,23.3957824189,23.3797645569,23.453447194187664
2012-08-03 04:00:00,23.6520917452,23.8283004761,23.895015567363302
2012-08-06 04:00:00,24.0285399212,23.9884929657,23.988380470223515
2012-08-07 04:00:00,24.0846047179,24.2367858887,24.14488268171697
2012-08-08 04:00:00,24.1967356756,24.2928504944,24.3120425767979
2012-08-09 04:00:00,24.3409014738,24.4290065765,24.463128326110144
2012-08-10 04:00:00,24.4290052174,24.3649291992,24.35512449727926
2012-08-13 04:00:00,24.30886889,24.3409061432,24.26904135204223
2012-08-14 04:00:00,24.4295880983,24.2925243378,24.308884638057215
2012-08-15 04:00:00,24.2764014302,24.3489646912,24.342148478022793
2012-08-16 04:00:00,24.4779707832,24.8165988922,24.797220849240084
2012-08-17 04:00:00,24.9294727574,24.9133472443,24.725098526400807
2012-08-20 04:00:00,24.8488423153,24.7843418121,24.72455213536921
2012-08-21 04:00:00,24.8004722211,24.8327217102,24.845103153816368
2012-08-22 04:00:00,24.6634087123,24.6230964661,24.70923161907766
2012-08-23 04:00:00,24.5021592707,24.3973464966,24.317209623393317
2012-08-24 04:00:00,24.3892799859,24.6392192841,24.601950492343214
2012-08-27 04:00:00,24.9375392008,24.7440376282,24.745407729626855
2012-08-28 04:00:00,24.752095115,24.6956558228,24.712855470017974
2012-08-29 04:00:00,24.7117843628,24.7117843628,24.65211530073863
2012-08-30 04:00:00,24.6150278201,24.4457130432,24.474611049985054
2012-08-31 04:00:00,24.6714723005,24.8488483429,24.769873297928896
2012-09-04 04:00:00,24.5505375755,24.502161026,24.499295756822665
2012-09-05 04:00:00,24.3650972113,24.502161026,24.574106974249037
2012-09-06 04:00:00,24.5908478965,25.2761669159,25.128600058278565
2012-09-07 04:00:00,25.026224236,24.953660965,24.854580896447526
2012-09-10 04:00:00,24.8569096866,24.7682209015,24.70364389599658
2012-09-11 04:00:00,24.744035223,24.8246612549,24.848846560864462
2012-09-12 04:00:00,24.9455999301,24.8165988922,24.97500739998934
2012-09-13 04:00:00,24.9052886275,24.945602417,24.776117697526985
2012-09-14 04:00:00,25.0020375886,25.1632881165,25.03830679319558
2012-09-17 04:00:00,25.1471641401,25.1632881165,25.109750070399844
2012-09-18 04:00:00,25.0745948033,25.1390953064,25.116821484971265
2012-09-19 04:00:00,25.0665375265,25.034286499,25.116002163057225
2012-09-20 04:00:00,24.9536600499,25.3567886353,25.282526915155028
2012-09-21 04:00:00,25.3406668635,25.1471652985,25.24415865970317
2012-09-24 04:00:00,24.9939749349,24.8165988922,24.813693315739318
2012-09-25 04:00:00,24.9536662612,24.502161026,24.604377064457893
2012-09-26 04:00:00,24.4134682936,24.3247795105,24.47260375497845
2012-09-27 04:00:00,24.3247818124,24.3167190552,24.29954714932605
2012-09-28 04:00:00,24.3328450392,23.9942169189,24.10376476552275
2012-10-01 04:00:00,24.0345256366,23.7765235901,23.89615032368481
2012-10-02 04:00:00,23.9297130827,23.9135875702,23.959268338790757
2012-10-03 04:00:00,23.9861479607,24.074836731,24.1027447682159
2012-10-04 04:00:00,24.1635260825,24.2119026184,23.94873849256073
2012-10-05 04:00:00,24.3731533165,24.0667762756,24.072091957750775
2012-10-08 04:00:00,23.8974645827,24.0103416443,24.03253347946361
2012-10-09 04:00:00,23.929716582,23.607213974,23.646704486716512
2012-10-10 04:00:00,23.5023973442,23.3653335571,23.486142854227285
2012-10-11 04:00:00,23.5588328184,23.3411445618,23.358270967515754
2012-10-12 04:00:00,23.3572747147,23.5427150726,23.481745652922047
2012-10-15 04:00:00,23.6797785032,23.7926540375,23.838603516144886
2012-10-16 04:00:00,23.7442741032,23.7765235901,23.8583240902649
2012-10-17 04:00:00,23.6233357018,23.8571510315,23.714602353003613
2012-10-18 04:00:00,23.9055223008,23.7845840454,23.709907669023103
2012-10-19 04:00:00,23.4217709242,23.0912055969,23.085155352081113
2012-10-22 04:00:00,23.163774278,22.5752067566,22.633443685249205
2012-10-23 04:00:00,22.3897599377,22.6155109406,22.672536337479627
2012-10-24 04:00:00,22.7042083317,22.4945812225,22.549740663464227
2012-10-25 04:00:00,22.728397408,22.4784564972,22.527750689773562
2012-10-26 04:00:00,22.4623219133,22.7445106506,22.770103780050444
2012-10-31 04:00:00,23.0186470052,23.0105857849,23.211564284903638
2012-11-01 04:00:00,23.2524518607,23.8007068634,23.71340162006469
2012-11-02 04:00:00,23.8571473062,23.7845840454,23.813232390425025
2012-11-05 05:00:00,23.8813354499,23.8893966675,23.779007095543747
2012-11-06 05:00:00,24.0425857098,24.074836731,24.159722640018956
2012-11-07 05:00:00,23.8087793166,23.4459629059,23.691440645386276
2012-11-08 05:00:00,23.4782142728,23.2282733917,23.43748103145948
2012-11-09 05:00:00,23.2847103673,23.2443981171,23.451669593614426
2012-11-12 05:00:00,23.3330849317,22.7525787354,22.89943206863674
2012-11-13 05:00:00,21.9640831289,22.0209846497,21.97450385837449
2012-11-14 05:00:00,22.1429130687,21.8177604675,21.89000676543297
2012-11-15 05:00:00,21.85027558,21.6714420319,21.752757885511315
2012-11-16 05:00:00,21.6795759531,21.5576438904,21.488682966705305
2012-11-19 05:00:00,21.7852531271,21.728351593,21.575300224534473
2012-11-20 05:00:00,21.7527345914,21.7120895386,21.588872686654767
2012-11-21 05:00:00,21.7120838696,21.9071769714,21.99487560765509
2012-11-23 05:00:00,22.1347899387,22.5168457031,22.47609454780296
2012-11-26 05:00:00,22.3867861465,22.2648525238,22.175725403116786
2012-11-27 05:00:00,22.2404670162,22.0128593445,22.050694633362625
2012-11-28 05:00:00,21.9559578688,22.2404670715,22.050870765540566
2012-11-29 05:00:00,22.0372380057,21.9071769714,22.0422624405085
2012-11-30 05:00:00,21.9884655456,21.6389274597,21.672356507728054
2012-12-03 05:00:00,21.7689909581,21.4844818115,21.55034565171895
2012-12-04 05:00:00,21.5413830266,21.4357089996,21.53073089645403
2012-12-05 05:00:00,21.4438401987,21.6795768738,21.72906569452666
2012-12-06 05:00:00,21.7933821392,21.728351593,21.781209334272702
2012-12-07 05:00:00,21.8015054199,21.5088672638,21.509368444169112
2012-12-10 05:00:00,21.5901611361,21.8990573883,21.84083234924985
2012-12-11 05:00:00,21.9884643816,22.2079429626,22.28619494535993
2012-12-12 05:00:00,22.3786523589,22.1429157257,22.14475502313698
2012-12-13 05:00:00,22.2079455312,22.0372409821,22.098994834636557
2012-12-14 05:00:00,22.0372425753,21.7933769226,21.785575505963195
2012-12-17 05:00:00,21.7771225404,22.0291156769,21.99285142742761
2012-12-18 05:00:00,22.1510524641,22.4030456543,22.335251173786034
2012-12-19 05:00:00,22.5087196359,22.1998233795,22.249851527416396
2012-12-20 05:00:00,22.2404690865,22.5005912781,22.317900579630837
2012-12-21 05:00:00,22.3136196136,22.3136196136,22.047669274866863
2012-12-24 05:00:00,22.1104076319,21.9966030121,22.021869614309303
2012-12-26 05:00:00,21.9722106774,21.8340206146,21.871195123700204
2012-12-27 05:00:00,21.8584083831,21.915309906,21.783293550178172
2012-12-28 05:00:00,21.7120865784,21.582025528,21.74000819485346
2012-12-31 05:00:00,21.6145445126,21.7120895386,21.594853347939782
2013-01-02 05:00:00,22.1510493352,22.4518165588,22.406048827801982
2013-01-03 05:00:00,22.4599394677,22.1510448456,22.167674180412135
2013-01-04 05:00:00,22.1673012719,21.7364730835,21.85870927962646
2013-01-07 05:00:00,21.7608637407,21.6958332062,21.758232314781914
2013-01-08 05:00:00,21.7446026163,21.582025528,21.58758279714253
2013-01-09 05:00:00,21.7202149794,21.7039585114,21.645826283839654
2013-01-10 05:00:00,21.6633153518,21.5088672638,21.64370251615236
2013-01-11 05:00:00,21.5332569,21.8096370697,21.68658993954063
2013-01-14 05:00:00,21.8665350765,21.8584060669,21.901946076593795
2013-01-15 05:00:00,21.8096375116,22.1185321808,22.119945972290033
2013-01-16 05:00:00,22.0697569678,21.9803409576,22.041459156725637
2013-01-17 05:00:00,22.1022723369,22.1510448456,22.208761724737712
2013-01-18 05:00:00,22.0291127987,22.1510448456,22.125914866738782
2013-01-22 05:00:00,22.1916914327,22.0697593689,22.098699093019363
2013-01-23 05:00:00,22.1104038424,22.4436855316,22.40827815731449
2013-01-24 05:00:00,22.5168430269,22.4599399567,22.612876434335753
2013-01-25 05:00:00,22.4193000012,22.6631641388,22.72168014197526
2013-01-28 05:00:00,22.7688362339,22.6875476837,22.755544543166124
2013-01-29 05:00:00,22.6143831966,22.7688312531,22.679014621005436
2013-01-30 05:00:00,22.7688340119,22.6387729645,22.729962938677815
2013-01-31 05:00:00,22.5899997179,22.3136196136,22.455009175087085
2013-02-01 05:00:00,22.4924582007,22.7038078308,22.67021204687292
2013-02-04 05:00:00,22.6550281897,22.3054885864,22.45982898788216
2013-02-05 05:00:00,22.4518117798,22.354265213,22.31618259836084
2013-02-06 05:00:00,22.2567233272,22.2242088318,22.28665939873263
2013-02-07 05:00:00,22.2323318123,22.1754302979,22.10329234460221
2013-02-08 05:00:00,22.2323428271,22.3949184418,22.451800083908203
2013-02-11 05:00:00,22.4761978827,22.6469039917,22.563037959164973
2013-02-12 05:00:00,22.6631641388,22.6631641388,22.668002559294976
2013-02-13 05:00:00,22.7038047607,22.7850933075,22.80186258538267
2013-02-14 05:00:00,22.6956758606,22.7932224274,22.768144728991604
2013-02-15 05:00:00,22.7932182779,22.7688312531,22.777657204817995
2013-02-19 05:00:00,22.8507990781,22.9901332855,22.948324977588157
2013-02-20 05:00:00,23.0557054325,22.8426074982,22.911248897326256
2013-02-21 05:00:00,22.7360520489,22.5311489105,22.40102997996223
2013-02-22 05:00:00,22.6868724739,22.7524414062,22.617494177966392
2013-02-25 05:00:00,22.9245569167,22.4327907562,22.57918012286595
2013-02-26 05:00:00,22.4409855041,22.4327907562,22.57210139337132
2013-02-27 05:00:00,22.4737724505,22.7934207916,22.802516577799523
2013-02-28 05:00:00,22.8507976721,22.7852287292,22.829505584885656
2013-03-01 05:00:00,22.7196624145,22.9081745148,22.76638771413567
2013-03-04 05:00:00,22.8262108133,23.0720939636,22.93338868283228
2013-03-05 05:00:00,23.1868371029,23.2360134125,23.276017341463643
2013-03-06 05:00:00,23.121273256,23.0229206085,22.854862863540273
2013-03-07 05:00:00,23.0393145197,23.0639019012,23.097457586006605
2013-03-08 05:00:00,23.1540551356,22.9491519928,23.023068272119993
2013-03-11 04:00:00,22.8999801392,22.8426074982,22.7502652851876
2013-03-12 04:00:00,22.8180126582,22.8753852844,22.768134478902503
2013-03-13 04:00:00,22.8426030656,22.8835830688,22.873801734686797
2013-03-14 04:00:00,22.9491566184,23.0639019012,23.021466125966473
2013-03-15 04:00:00,22.9737391884,22.9819355011,23.040546722453062
2013-03-18 04:00:00,22.8507969117,23.0311126709,23.077741444280207
2013-03-19 04:00:00,23.047503377,23.0966796875,23.067426693734106
2013-03-20 04:00:00,23.2278184065,23.2114257812,23.23184723929138
2013-03-21 04:00:00,23.0393066406,23.0393066406,23.176660810654404
2013-03-22 04:00:00,23.1048764229,23.1540527344,23.157108406735492
2013-03-25 04:00:00,23.1950370171,23.080291748,23.010220969346786
2013-03-26 04:00:00,23.1458606965,23.080291748,23.13827454146671
2013-03-27 04:00:00,23.0638950128,23.252407074,23.239968314392513
2013-03-28 04:00:00,23.2114311373,23.4491195679,23.407022859508057
2013-04-01 04:00:00,23.4737069481,23.4491195679,23.311321063416074
2013-04-02 04:00:00,23.4327195573,23.6048374176,23.57008339522071
2013-04-03 04:00:00,23.5638612858,23.4081344604,23.565995123487177
2013-04-04 04:00:00,23.268800423,23.4409198761,23.345643538305055
2013-04-05 04:00:00,23.1294672218,23.5228824615,23.43228246191482
2013-04-08 04:00:00,23.5474654276,23.4327201843,23.386084169274433
2013-04-09 04:00:00,23.5474609297,24.2687206268,24.23395528921082
2013-04-10 04:00:00,24.2359490366,24.8178749084,24.704031372956685
2013-04-11 04:00:00,23.8507290431,23.7195911407,23.67820971994784
2013-04-12 04:00:00,23.6458235803,23.5966472626,23.642523640957496
2013-04-15 04:00:00,23.4819013292,23.5146865845,23.61610985727098
2013-04-16 04:00:00,23.6867985236,23.7441711426,23.721776829545266
2013-04-17 04:00:00,23.6458272151,23.6294345856,23.613981449922512
2013-04-18 04:00:00,23.7277851522,23.5966472626,23.454726595128935
2013-04-19 04:00:00,24.2769245337,24.3998661041,24.688858962940074
2013-04-22 04:00:00,24.8342605468,25.268655777,25.400692242758506
2013-04-23 04:00:00,25.162104538,25.0801429749,25.09015683315734
2013-04-24 04:00:00,25.0965392489,26.0308971405,25.9410013416519
2013-04-25 04:00:00,25.9899127638,26.1784248352,26.622217950226737
2013-04-26 04:00:00,26.1456410929,26.0554847717,25.907697399570058
2013-04-29 04:00:00,26.063680334,26.7275676727,26.631572922304308
2013-04-30 04:00:00,26.6865886448,27.1291770935,26.869758559711194
2013-05-01 04:00:00,26.9898421168,26.8177242279,26.880920977237302
2013-05-02 04:00:00,26.7439605767,27.1783542633,26.948378224070332
2013-05-03 04:00:00,27.2357286061,27.4488296509,27.341700595292764
2013-05-06 04:00:00,27.3914431573,27.6619167328,27.612745190748072
2013-05-07 04:00:00,27.5799607835,27.3012924194,27.41003640584744
2013-05-08 04:00:00,27.1045917432,27.039024353,26.94654207179295
2013-05-09 04:00:00,26.924274243,26.7685489655,26.863627061163754
2013-05-10 04:00:00,26.7767382498,26.7931308746,26.589273566081577
2013-05-13 04:00:00,26.727562595,27.0717983246,27.00470575409631
2013-05-14 04:00:00,27.1213193082,27.6743087769,27.53707543765993
2013-05-15 04:00:00,27.6082774131,27.938419342,27.909586824141005
2013-05-16 04:00:00,27.7650974986,28.1282577515,28.05686489462552
2013-05-17 04:00:00,28.1695336829,28.780298233,28.652853078464194
2013-05-20 04:00:00,28.6647450037,28.953622818,28.894497699635636
2013-05-21 04:00:00,28.9701339396,28.7637939453,28.840858103743386
2013-05-22 04:00:00,28.7142693676,28.5657043457,28.471990137553394
2013-05-23 04:00:00,28.2520699426,28.1860427856,28.254113844115313
2013-05-24 04:00:00,27.9962021448,28.2850799561,28.239536656853176
2013-05-28 04:00:00,28.4088845263,28.9041023254,28.919391389893196
2013-05-29 04:00:00,28.6730014598,28.7885513306,28.76085749597673
2013-05-30 04:00:00,28.7637809058,28.9123458862,29.02008939520507
2013-05-31 04:00:00,28.7390234261,28.8050537109,29.041214246852014
2013-06-03 04:00:00,28.8215647526,29.3745574951,29.24445405048257
2013-06-04 04:00:00,29.3993097136,28.8793354034,28.911169390145417
2013-06-05 04:00:00,28.5574401206,28.7060050964,28.651656025166023
2013-06-06 04:00:00,28.75552812,28.8545703888,28.711793636114116
2013-06-07 04:00:00,29.0939345588,29.4405841827,29.330711260333352
2013-06-10 04:00:00,29.3085227845,29.275510788,29.16712471625702
2013-06-11 04:00:00,28.9288618443,28.7555370331,28.780518064722663
2013-06-12 04:00:00,29.0031479261,28.8875980377,28.91053501097718
2013-06-13 04:00:00,28.8793339825,28.6564865112,28.645129981203258
2013-06-14 04:00:00,28.516179932,28.3923778534,28.422526138925615
2013-06-17 04:00:00,28.6317353216,28.8875980377,28.91942765337639
2013-06-18 04:00:00,28.8628300941,28.8710823059,28.96852174598777
2013-06-19 04:00:00,28.8545784945,28.5491962433,28.70614645188887
2013-06-20 04:00:00,28.2768342124,27.6413097382,27.72707185744083
2013-06-21 04:00:00,27.7816065667,27.4597167969,27.42600660750257
2013-06-24 04:00:00,27.1873445274,27.8311271667,27.77065964505351
2013-06-25 04:00:00,28.1282660653,27.7898654938,27.91546347506895
2013-06-26 04:00:00,28.1612875378,28.3511199951,28.258750776419774
2013-06-27 04:00:00,28.4914227167,28.5739574432,28.67040990334771
2013-06-28 04:00:00,28.3758789975,28.5079364777,28.638216104203813
2013-07-01 04:00:00,28.6812553068,28.3593654633,28.56926556107874
2013-07-02 04:00:00,28.4006345536,28.012714386,27.901554582279328
2013-07-03 04:00:00,27.7816057282,28.0704803467,28.224119692966156
2013-07-05 04:00:00,28.136517164,28.2355594635,27.902841946705514
2013-07-08 04:00:00,28.3511201399,28.3346157074,28.273515033319033
2013-07-09 04:00:00,28.540955601,28.3511199951,28.2720321495025
2013-07-10 04:00:00,28.3428578904,28.6399879456,28.658026912761976
2013-07-11 04:00:00,28.8875857626,29.4570827484,29.342553798255384
2013-07-12 04:00:00,29.3663048192,29.4405841827,29.28015061131252
2013-07-15 04:00:00,29.4323260812,29.8532581329,29.765496908227178
2013-07-16 04:00:00,29.7212109206,29.9358062744,29.98468683485827
2013-07-17 04:00:00,29.9935839816,29.4983692169,29.460695116316202
2013-07-18 04:00:00,29.4818620804,29.2507591248,29.269723908290523
2013-07-19 04:00:00,26.7416573349,25.9162960052,25.979109288605176
2013-07-22 04:00:00,26.1639059527,26.4197654724,26.316948827170098
2013-07-23 04:00:00,26.3372334117,26.2629508972,26.304052295454465
2013-07-24 04:00:00,26.4445226354,26.3784923553,26.459230124093093
2013-07-25 04:00:00,26.0978749316,25.9080410004,25.88123276251007
2013-07-26 04:00:00,25.8007437002,26.0978736877,26.020599783292166
2013-07-29 04:00:00,25.9740743021,26.0318508148,26.030883882750825
2013-07-30 04:00:00,26.2299352552,26.2877101898,26.312114316656313
2013-07-31 04:00:00,26.3867550926,26.2794589996,26.279433624510702
2013-08-01 04:00:00,26.4610401512,26.1391487122,26.182229861516838
2013-08-02 04:00:00,26.1556515704,26.32072258,26.22984265759271
2013-08-05 04:00:00,26.328979031,26.1639080048,26.234575544501876
2013-08-06 04:00:00,26.0400961269,26.0648574829,26.020935603736653
2013-08-07 04:00:00,26.0318529553,26.4610404968,26.214913246206976
2013-08-08 04:00:00,26.6096093194,27.1460914612,27.03822591751073
2013-08-09 04:00:00,27.0470441975,26.9892692566,26.94515259356882
2013-08-12 04:00:00,26.7911821046,27.1295795441,27.14439192364655
2013-08-13 04:00:00,27.021523679,26.7887954712,26.859875821431665
2013-08-14 04:00:00,26.7139902924,26.8885364532,27.225507095344653
2013-08-15 04:00:00,26.5976227681,26.4230766296,25.924627405169154
2013-08-16 04:00:00,26.4230784924,26.431388855,26.484416303231594
2013-08-19 04:00:00,26.3981443491,26.0906085968,26.290878828640626
2013-08-20 04:00:00,26.132168341,26.2817802429,26.40520058956407
2013-08-21 04:00:00,26.2734603882,26.2734603882,26.50742604337946
2013-08-22 04:00:00,26.7555514456,26.921787262,26.910694972987795
2013-08-23 04:00:00,29.2324522335,28.8833599091,28.457501996669997
2013-08-26 04:00:00,28.5924508713,28.3846569061,28.534028020983943
2013-08-27 04:00:00,27.8610183358,27.6449108124,28.004436482160454
2013-08-28 04:00:00,27.7529534027,27.4454193115,27.64029444871065
2013-08-29 04:00:00,27.3706163153,27.8859443665,27.74040882177563
2013-08-30 04:00:00,27.7363350009,27.7612724304,27.635318113311776
2013-09-03 04:00:00,26.3898344896,26.4978866577,26.29845291263841
2013-09-04 04:00:00,26.0906061952,25.9326839447,25.968016546875152
2013-09-05 04:00:00,25.8495608634,25.9576129913,25.98775488271869
2013-09-06 04:00:00,26.024116555,25.89112854,25.971491922240116
2013-09-09 04:00:00,25.9493094197,26.3150272369,26.329077524022363
2013-09-10 04:00:00,26.5145112556,26.921787262,26.78613803299839
2013-09-11 04:00:00,27.0714002383,27.2127017975,27.30117304069385
2013-09-12 04:00:00,27.1960761962,27.1711387634,27.16678679319404
2013-09-13 04:00:00,27.2376291488,27.4537334442,27.27426492394215
2013-09-16 04:00:00,27.7446471578,27.2625637054,27.39100916925612
2013-09-17 04:00:00,27.777891243,27.3706169128,27.469585072702507
2013-09-18 04:00:00,27.4204977322,27.6947841644,27.599326077424195
2013-09-19 04:00:00,27.8277606938,27.9607486725,27.869756203439067
2013-09-20 04:00:00,27.7695853474,27.2542572021,27.33425146765298
2013-09-23 04:00:00,27.0464659746,27.2127017975,27.321981399627706
2013-09-24 04:00:00,27.3207452682,26.9716529846,26.839108554660523
2013-09-25 04:00:00,27.0049132341,27.0215339661,27.16688843158856
2013-09-26 04:00:00,27.1295771043,27.2376308441,27.352415661314193
2013-09-27 04:00:00,27.3290630536,27.6532211304,27.913638549041693
2013-09-30 04:00:00,27.4288032235,27.6615314484,27.444190468989603
2013-10-01 04:00:00,27.7197078446,27.9108810425,27.87785941064886
2013-10-02 04:00:00,27.7280269052,28.1934833527,28.140272198499158
2013-10-03 04:00:00,28.1602434376,28.1436195374,27.940183948330922
2013-10-04 04:00:00,28.0023090343,28.1602344513,28.172943347894325
2013-10-07 04:00:00,27.9275118755,27.6781597137,27.742668725307382
2013-10-08 04:00:00,27.6864680943,27.4371128082,27.365435452360256
2013-10-09 04:00:00,27.4869880676,27.4869880676,27.615910756793024
2013-10-10 04:00:00,27.6864668977,28.0604934692,28.05381906811351
2013-10-11 04:00:00,27.9940008091,28.3680305481,28.3182767535633
2013-10-14 04:00:00,28.1768623284,28.6340084076,28.508844012651203
2013-10-15 04:00:00,28.816864132,28.6672554016,28.910487788600726
2013-10-16 04:00:00,28.7586795468,28.7919273376,28.951227978703585
2013-10-17 04:00:00,28.6340058409,29.0246562958,28.955317463006445
2013-10-18 04:00:00,28.9415391928,29.0579032898,28.73409475069872
2013-10-21 04:00:00,29.0745302466,29.0828437805,29.194126096680193
2013-10-22 04:00:00,29.1077836322,28.742067337,28.834677763101105
2013-10-23 04:00:00,28.5508873156,28.0604934692,28.190275284436964
2013-10-24 04:00:00,28.1103723445,28.027256012,28.141973037699014
2013-10-25 04:00:00,29.8225936905,29.6979160309,29.82916354321804
2013-10-28 04:00:00,29.5981682155,29.5649204254,29.463873481126953
2013-10-29 04:00:00,29.6147929535,29.5233631134,29.439886658948524
2013-10-30 04:00:00,29.5316759376,29.5399894714,29.65695859828934
2013-10-31 04:00:00,29.6397283025,29.4319343567,29.46064190184301
2013-11-01 04:00:00,29.6480394441,29.5316753387,29.490443775786115
2013-11-04 05:00:00,29.5815491275,29.8724594116,29.833920589393493
2013-11-05 05:00:00,29.7477696487,30.4542675018,30.360909674769907
2013-11-06 05:00:00,30.9529851358,31.7342891693,31.494719833587837
2013-11-07 05:00:00,31.5514322814,31.1690921783,31.240601539650758
2013-11-08 05:00:00,31.3103931917,31.4018230438,31.178601188280545
2013-11-11 05:00:00,31.3270166157,31.2439002991,31.1751602192855
2013-11-12 05:00:00,31.0693563663,31.0527324677,31.114270050293467
2013-11-13 05:00:00,30.7368808316,31.7176685333,31.479184412705084
2013-11-14 05:00:00,31.4766216674,31.6012992859,31.569193400827558
2013-11-15 05:00:00,31.5431147754,31.4516849518,31.455487104730913
2013-11-18 05:00:00,31.0444132306,30.9197387695,31.02579604776708
2013-11-19 05:00:00,30.8611153376,30.768995285,31.011334961056946
2013-11-20 05:00:00,30.9197397688,31.0537395477,31.227196624518676
2013-11-21 05:00:00,31.2128564476,31.32172966,31.40440854191587
2013-11-22 05:00:00,31.4305999423,31.464099884,31.415847907209013
2013-11-25 05:00:00,31.7655901006,31.5227203369,31.552660090896712
2013-11-26 05:00:00,31.4641003082,31.2798538208,31.38915042217851
2013-11-27 05:00:00,31.4641039327,31.4892272949,31.56043468872451
2013-11-29 05:00:00,31.6734685557,31.9330883026,32.010987750807374
2013-12-02 05:00:00,31.8995834785,32.2010765076,32.36114478500382
2013-12-03 05:00:00,31.9414548531,32.0838279724,32.157886949024835
2013-12-04 05:00:00,32.0000942941,32.61145401,32.47213775949032
2013-12-05 05:00:00,32.5360769468,31.8242206573,31.40610407711189
2013-12-06 05:00:00,32.1759524312,32.125705719,31.986583546387585
2013-12-09 05:00:00,32.2932108627,32.4188308716,32.39195116542919
2013-12-10 05:00:00,32.3350737697,31.9163341522,32.13838534757569
2013-12-11 05:00:00,31.8744688523,31.4976024628,31.587826128098435
2013-12-12 05:00:00,31.5227182959,31.1709785461,31.22574714727987
2013-12-13 05:00:00,31.3384829431,30.7271232605,30.821100344538948
2013-12-16 05:00:00,30.7606223926,30.894618988,30.831192133276332
2013-12-17 05:00:00,30.9364929081,30.5847530365,30.644968181500126
2013-12-18 05:00:00,30.450755621,30.6350021362,30.049499095410994
2013-12-19 05:00:00,30.5763820772,30.3586387634,30.325815654398887
2013-12-20 05:00:00,30.3167467146,30.8192329407,30.816894707279538
2013-12-23 05:00:00,30.8276221456,30.6684989929,30.723682246615574
2013-12-24 05:00:00,30.7522464345,31.0537395477,31.019028819472805
2013-12-26 05:00:00,31.1542446274,31.3552379608,31.35137879216635
2013-12-27 05:00:00,31.4724783358,31.2296085358,31.237084489123106
2013-12-30 05:00:00,31.1709852316,31.2296085358,31.077818575580125
2013-12-31 05:00:00,31.3217219052,31.3300952911,31.34071812150475
2014-01-02 05:00:00,31.2798493571,31.1207294464,31.163743787630164
2014-01-03 05:00:00,31.1542333872,30.9113636017,30.771192538670597
2014-01-06 05:00:00,30.8611062296,30.2581233978,30.392090780757762
2014-01-07 05:00:00,30.4256275933,30.4926242828,30.472725761020577
2014-01-08 05:00:00,30.1492577181,29.948261261,29.97112441568696
2014-01-09 05:00:00,30.0487616429,29.7556419373,29.7556881298489
2014-01-10 05:00:00,30.0655041267,30.1827507019,30.15029902416316
2014-01-13 05:00:00,30.1408846597,29.2950286865,29.368001380068637
2014-01-14 05:00:00,29.0856570234,29.9650096893,29.797544906420097
2014-01-15 05:00:00,30.0655047438,30.7857341766,30.642539097878014
2014-01-16 05:00:00,30.7271224451,30.894618988,30.689912959158058
2014-01-17 05:00:00,30.8443670459,30.4675006866,30.391321009085836
2014-01-21 05:00:00,30.835996588,30.291633606,30.326480837992815
2014-01-22 05:00:00,30.3669960677,30.0906295776,30.072895964235666
2014-01-23 05:00:00,30.2246396627,30.1995162964,29.87484615466458
2014-01-24 05:00:00,31.3636058868,30.8276195526,30.80767653495584
2014-01-27 05:00:00,30.8778601645,30.1743774414,30.28982168500787
2014-01-28 05:00:00,30.24975257,30.3753757477,30.19267765945557
2014-01-29 05:00:00,30.1325077083,30.7019939423,30.695042369324533
2014-01-30 05:00:00,30.8108720815,30.8694953918,30.501773726707235
2014-01-31 05:00:00,30.9448581544,31.6902141571,31.315922594416016
2014-02-03 05:00:00,31.6064783445,30.5512523651,30.874418944065702
2014-02-04 05:00:00,30.9616166558,30.4423770905,30.625424265834454
2014-02-05 05:00:00,30.3921402081,29.9985237122,30.19124416163998
2014-02-06 05:00:00,29.9817562305,30.2999992371,30.226453492127092
2014-02-07 05:00:00,30.4172534192,30.6182498932,30.40272160744285
2014-02-10 05:00:00,30.6768630147,30.8192329407,30.57558106705491
2014-02-11 05:00:00,30.8862380408,31.1291046143,31.14940699250117
2014-02-12 05:00:00,31.2798502976,31.3803501129,31.43666609750377
2014-02-13 05:00:00,31.2631092403,31.4976024628,31.639670319547538
2014-02-14 05:00:00,31.3133520435,31.5059719086,31.555389961279175
2014-02-18 05:00:00,31.7506591302,31.5734672546,31.72174338265743
2014-02-19 05:00:00,31.4047319575,31.6494197845,31.77696776481986
2014-02-20 05:00:00,31.7000479108,31.8519248962,31.806196736765074
2014-02-21 05:00:00,32.0122235902,32.0459747314,32.25575589454432
2014-02-24 05:00:00,31.8012886047,31.8012886047,31.9151423419073
2014-02-25 05:00:00,31.7337912936,31.6747283936,31.73615396411308
2014-02-26 05:00:00,31.7084794839,31.6156654358,31.56527207950791
2014-02-27 05:00:00,31.5987876537,31.9447288513,31.762191603463265
2014-02-28 05:00:00,32.0459750246,32.3244171143,32.27912690357375
2014-03-03 05:00:00,31.9953593226,31.8772335052,31.857246941216513
2014-03-04 05:00:00,32.2316057236,32.4087944031,32.353550174089825
2014-03-05 05:00:00,32.2737921343,32.1556663513,32.08810246067624
2014-03-06 05:00:00,32.1809793972,32.1894187927,32.09805763796909
2014-03-07 05:00:00,32.2991113876,31.9784851074,31.961294817820594
2014-03-10 04:00:00,32.0544190803,31.9109783173,31.904018416048686
2014-03-11 04:00:00,31.9531581978,32.0797233582,32.11365757533016
2014-03-12 04:00:00,31.8941081261,32.2906761169,32.33330881514301
2014-03-13 04:00:00,32.4172404369,31.9700489044,31.91127550998413
2014-03-14 04:00:00,31.767541298,31.8097286224,32.02121788377222
2014-03-17 04:00:00,31.978490936,32.105052948,32.267027912011464
2014-03-18 04:00:00,32.2822240444,33.3706741333,33.37098575452957
2014-03-19 04:00:00,33.3031824447,33.1344299316,32.98788729273579
2014-03-20 04:00:00,33.1175582902,34.0288200378,34.06933263880995
2014-03-21 04:00:00,34.3578785119,33.8853721619,34.03010765334321
2014-03-24 04:00:00,34.0372626907,34.1722640991,33.92576048268049
2014-03-25 04:00:00,34.307260929,34.0372581482,34.059561930348764
2014-03-26 04:00:00,34.1553855156,33.5731925964,33.71313510130945
2014-03-27 04:00:00,33.5309985699,33.2103691101,33.42931265054145
2014-03-28 04:00:00,33.5731860306,34.0035018921,34.089307097459326
2014-03-31 04:00:00,34.1131945419,34.5857009888,34.832878054875515
2014-04-01 04:00:00,34.720700824,34.948513031,34.98736178393514
2014-04-02 04:00:00,34.9653961944,34.8894577026,34.951215881321886
2014-04-03 04:00:00,34.8388397501,34.6025848389,34.45804572971123
2014-04-04 04:00:00,34.8050709498,33.6406822205,33.78478114350831
2014-04-07 04:00:00,33.716624451,33.5816230774,33.79625657790886
2014-04-08 04:00:00,33.5394363972,33.5984992981,33.29791471193198
2014-04-09 04:00:00,33.6913075505,34.146938324,34.09756146884489
2014-04-10 04:00:00,34.1216275503,33.2103691101,33.3584189920017
2014-04-11 04:00:00,32.9066201781,33.0838088989,33.460339934244715
2014-04-14 04:00:00,32.9994354734,33.0584983826,33.07868542730579
2014-04-15 04:00:00,33.1934913378,33.5394325256,33.428499228346354
2014-04-16 04:00:00,33.8010046545,34.0878829956,33.96369455973192
2014-04-17 04:00:00,33.758808136,33.758808136,33.55973872209424
2014-04-21 04:00:00,33.8600730032,33.6997566223,33.662046727601776
2014-04-22 04:00:00,33.7166245742,33.7419395447,33.7739581882768
2014-04-23 04:00:00,33.7419265294,33.4887962341,33.402493703143726
2014-04-24 04:00:00,33.5309939017,33.6322441101,33.4008651261702
2014-04-25 04:00:00,33.9950602568,33.6744308472,33.90058499972066
2014-04-28 04:00:00,33.8684997265,34.4844436646,34.6267755084737
2014-04-29 04:00:00,34.6785089239,34.1806907654,34.264830638984535
2014-04-30 04:00:00,34.0878829956,34.0878829956,34.02144331218405
2014-05-01 04:00:00,33.952873662,33.7503700256,33.85688811835579
2014-05-02 04:00:00,34.0119291735,33.4887962341,33.600292164756276
2014-05-05 04:00:00,33.3453667162,33.2694282532,33.298432957642206
2014-05-06 04:00:00,33.1513129951,32.9572486877,32.978994285213346
2014-05-07 04:00:00,33.0922560387,33.2610054016,32.80944633942477
2014-05-08 04:00:00,33.1934975595,33.4466247559,33.331796574578135
2014-05-09 04:00:00,33.362247467,33.362247467,33.47700549323378
2014-05-12 04:00:00,33.5310028463,33.7250671387,33.682934217299454
2014-05-13 04:00:00,33.9205037736,34.3453598022,34.28862391902556
2014-05-14 04:00:00,34.2433977975,34.1924171448,34.19556413613189
2014-05-15 04:00:00,34.064946485,33.6485862732,33.88755160882172
2014-05-16 04:00:00,33.70806765,33.8440246582,33.565558558968725
2014-05-19 04:00:00,33.6570800075,33.7760391235,33.72026259367543
2014-05-20 04:00:00,33.7165641785,33.7165641785,33.76311585695693
2014-05-21 04:00:00,33.818540048,34.2858810425,34.173645318018984
2014-05-22 04:00:00,34.2348878619,34.0734405518,33.99082338693291
2014-05-23 04:00:00,34.3028629689,34.0904350281,34.068899971134506
2014-05-27 04:00:00,34.2093933505,34.1499137878,33.918034972979186
2014-05-28 04:00:00,34.1074345831,33.9969711304,33.94246558984204
2014-05-29 04:00:00,34.1159377853,34.277381897,34.10853286747853
2014-05-30 04:00:00,34.370847718,34.7872047424,34.60630343261296
2014-06-02 04:00:00,34.7957056771,34.6597518921,34.7275203762453
2014-06-03 04:00:00,34.4983062618,34.2348976135,34.33237638523651
2014-06-04 04:00:00,34.1669185825,34.2603874207,34.05407157542477
2014-06-05 04:00:00,34.4898002556,35.016620636,34.82614553453122
2014-06-06 04:00:00,35.2460479736,35.2460479736,35.22662141400498
2014-06-09 04:00:00,35.1695762182,35.0676116943,34.996805862532845
2014-06-10 04:00:00,34.8636735703,34.9316520691,34.860494249572625
2014-06-11 04:00:00,34.7787102288,34.7192306519,34.78927308377941
2014-06-12 04:00:00,34.6767413174,34.4813079834,34.38260370324513
2014-06-13 04:00:00,34.9231478744,35.0336112976,35.097195806336934
2014-06-16 04:00:00,34.8721682246,35.2630348206,35.284857676865926
2014-06-17 04:00:00,35.0846056099,35.4159927368,34.85070196784909
2014-06-18 04:00:00,35.3565136748,35.3905029297,35.16773974709398
2014-06-19 04:00:00,35.3225216591,35.2715377808,35.31655576687848
2014-06-20 04:00:00,35.2205593861,35.4159927368,35.456528864063515
2014-06-23 04:00:00,35.4584707142,35.679397583,35.64267153947665
2014-06-24 04:00:00,35.5434538258,35.4754753113,35.456101072075896
2014-06-25 04:00:00,35.4329871071,35.7133903503,35.52741939202912
2014-06-26 04:00:00,35.6284204114,35.4499816895,35.309625992497516
2014-06-27 04:00:00,35.356514465,35.9003295898,35.77170334274111
2014-06-30 04:00:00,35.8323457481,35.4329833984,35.55533366181359
2014-07-01 04:00:00,35.5689274061,35.5774230957,35.6735391705101
2014-07-02 04:00:00,35.4584754602,35.6029281616,35.46125849580884
2014-07-03 04:00:00,35.6114207803,35.5179519653,35.446813627687995
2014-07-07 04:00:00,35.4754653381,35.679397583,35.72653277754029
2014-07-08 04:00:00,35.5774469713,35.5009727478,35.51066918748648
2014-07-09 04:00:00,35.6709016062,35.4074897766,35.387963297231586
2014-07-10 04:00:00,35.1525767326,35.4244842529,35.37656606643398
2014-07-11 04:00:00,35.4329791003,35.7643661499,35.56847271116309
2014-07-14 04:00:00,35.8748480348,35.8068695068,35.932554440874625
2014-07-15 04:00:00,35.9683022148,36.0702667236,35.88002627352746
2014-07-16 04:00:00,36.1212451308,37.4552955627,37.33616333031796
2014-07-17 04:00:00,38.6194021023,37.8376655579,37.970029599646494
2014-07-18 04:00:00,37.9396467918,37.9736328125,37.81553039287016
2014-07-21 04:00:00,37.8631635526,38.1010818481,38.055996059616184
2014-07-22 04:00:00,38.2370321571,38.0925827026,38.07937262576777
2014-07-23 04:00:00,38.6193983801,38.1265640259,38.06116949801114
2014-07-24 04:00:00,38.1775495638,37.7272033691,37.82312529063379
2014-07-25 04:00:00,37.6422365371,37.8121795654,37.9178386165688
2014-07-28 04:00:00,37.6932149246,37.3618278503,37.52058489335296
2014-07-29 04:00:00,37.3108483863,37.2938537598,37.2723913370083
2014-07-30 04:00:00,37.4467943876,37.0304374695,36.9430313450557
2014-07-31 04:00:00,36.8605063974,36.6735687256,36.886932790860556
2014-08-01 04:00:00,36.7160494413,36.4186515808,36.339835048982216
2014-08-04 04:00:00,36.5121259618,36.8520088196,36.765399834253074
2014-08-05 04:00:00,36.8010165015,36.6055831909,36.59152327327503
2014-08-06 04:00:00,36.3166847229,36.3166847229,36.257982214386004
2014-08-07 04:00:00,36.4016641213,36.7330513,36.706858077933646
2014-08-08 04:00:00,36.7330441827,36.7075538635,36.5979346956012
2014-08-11 04:00:00,36.7585345018,36.7075538635,36.74759134524618
2014-08-12 04:00:00,36.571596581,36.9794578552,36.94429212933957
2014-08-13 04:00:00,37.1154095656,37.4552955627,37.36940023114311
2014-08-14 04:00:00,37.4553123012,37.6167564392,37.66719242238335
2014-08-15 04:00:00,37.8801550431,38.05859375,38.00040707485482
2014-08-18 04:00:00,38.186056459,38.3305091858,38.149118000557344
2014-08-19 04:00:00,38.4502148713,38.7580223083,38.63412973314658
2014-08-20 04:00:00,38.7665585157,38.4331016541,38.52616677092424
2014-08-21 04:00:00,38.3390551586,38.6639633179,38.64341604961992
2014-08-22 04:00:00,38.7751119154,38.6041107178,38.69037718847142
2014-08-25 04:00:00,38.8178577707,38.6212005615,38.62171324518964
2014-08-26 04:00:00,38.7409215189,38.484413147,38.571113039288335
2014-08-27 04:00:00,38.3903569217,38.3647041321,38.392582154181646
2014-08-28 04:00:00,38.2621032913,38.3732566833,38.351624053871575
2014-08-29 04:00:00,38.5527955394,38.8435020447,38.658529839554895
2014-09-02 04:00:00,38.8435211317,38.5528144836,38.48216099240845
2014-09-03 04:00:00,38.0739957672,38.4416542053,38.49959769398902
2014-09-04 04:00:00,38.253555028,38.6981620789,38.6313245908734
2014-09-05 04:00:00,38.5699107207,39.2539253235,39.15753644215834
2014-09-08 04:00:00,39.3479716933,39.7327308655,39.887999819785485
2014-09-09 04:00:00,39.7327293706,39.980682373,40.070459647274454
2014-09-10 04:00:00,40.0319943802,40.0490951538,39.7614075021516
2014-09-11 04:00:00,39.9635942956,40.1858978271,39.98164400892463
2014-09-12 04:00:00,40.1089431698,39.9293899536,39.99744724998489
2014-09-15 04:00:00,39.79258829,39.5360832214,39.62740225731433
2014-09-16 04:00:00,39.664326293,39.980682373,39.93904477730157
2014-09-17 04:00:00,39.5531792163,39.7754859924,39.85802488031737
2014-09-18 04:00:00,39.8353330151,39.9122848511,39.940655345924455
2014-09-19 04:00:00,40.0234493964,40.6305122375,40.42112604273928
2014-09-22 04:00:00,40.4423852859,40.2371826172,40.303902743828544
2014-09-23 04:00:00,40.0576339395,39.8096809387,39.909095249886995
2014-09-24 04:00:00,39.8695437103,40.2543029785,40.02105421883718
2014-09-25 04:00:00,40.0832902229,39.3650741577,39.64993320262655
2014-09-26 04:00:00,39.2710296473,39.681438446,39.6495493615598
2014-09-29 04:00:00,39.3137879949,39.7070960999,39.582342573787
2014-09-30 04:00:00,39.6472282589,39.6386795044,39.49915705155005
2014-10-01 04:00:00,39.5617250384,39.2453689575,39.47121449829748
2014-10-02 04:00:00,39.1855180815,39.1256637573,39.267010716155845
2014-10-03 04:00:00,39.3137652478,39.4078178406,39.29934937944206
2014-10-06 04:00:00,39.4334673616,39.4078178406,39.44751439510404
2014-10-07 04:00:00,39.2111662793,38.9290084839,38.97802548032959
2014-10-08 04:00:00,38.8862708536,39.997795105,39.77026024314771
2014-10-09 04:00:00,39.7583851375,39.20262146,39.45003243134779
2014-10-10 04:00:00,38.9888599523,37.6464805603,38.18629273222955
2014-10-13 04:00:00,37.4669268078,37.3215751648,37.761652984670604
2014-10-14 04:00:00,37.5096824538,37.3899803162,37.66416157574906
2014-10-15 04:00:00,36.765820843,36.9539260864,36.41357222072908
2014-10-16 04:00:00,36.3639577791,36.5435142517,36.54398208552331
2014-10-17 04:00:00,36.9368268365,37.304485321,37.17327575402186
2014-10-20 04:00:00,36.8171309002,37.689250946,37.39742569408445
2014-10-21 04:00:00,37.9286463766,38.3732566833,38.2584856819301
2014-10-22 04:00:00,38.4758466836,37.9457359314,38.00405401391351
2014-10-23 04:00:00,38.1509529246,38.4929618835,38.67995968483813
2014-10-24 04:00:00,40.040542008,39.4420280457,38.936528724458285
2014-10-27 04:00:00,39.0829208574,39.2539253235,39.381916588081516
2014-10-28 04:00:00,39.2111768312,39.7498397827,39.61363830628511
2014-10-29 04:00:00,39.7070849215,39.8609886169,39.84732637283791
2014-10-30 04:00:00,39.6044707333,39.3736152649,39.24545450082658
2014-10-31 04:00:00,40.1345906837,40.1431427002,39.86123461328947
2014-11-03 05:00:00,40.0918396676,40.5620994568,40.3978243979894
2014-11-04 05:00:00,40.4424041787,40.6732597351,40.73389528619912
2014-11-05 05:00:00,40.8699089268,40.9212112427,40.586867003736224
2014-11-06 05:00:00,40.9212110733,41.6394271851,41.58226999255025
2014-11-07 05:00:00,41.8275363012,41.6223335266,41.413519356894454
2014-11-10 05:00:00,41.5966695501,41.8018722534,41.90058800698092
2014-11-11 05:00:00,41.7676701969,41.7847709656,41.73068299324545
2014-11-12 05:00:00,41.5197303448,41.7078323364,41.77261799017032
2014-11-13 05:00:00,41.7334773845,42.4174919128,42.266259416078505
2014-11-14 05:00:00,42.5286447925,42.3918418884,42.52572956888348
2014-11-17 05:00:00,42.2464876794,42.2892379761,42.2941566730599
2014-11-18 05:00:00,42.2720339334,41.9364738464,42.13607667902863
2014-11-19 05:00:00,41.8676356219,41.4890556335,41.4392131843969
2014-11-20 05:00:00,41.2997686978,41.9020576477,41.71862839777768
2014-11-21 05:00:00,42.1773914128,41.2825622559,41.18665752502564
2014-11-24 05:00:00,41.2911684834,40.9470024109,40.902167929063104
2014-11-25 05:00:00,41.0072270636,40.84375,41.10374590125777
2014-11-26 05:00:00,40.8609539737,41.0846595764,41.08590480653571
2014-11-28 05:00:00,41.2567371595,41.1362800598,41.21867569822338
2014-12-01 05:00:00,41.1965185319,41.8332214355,41.721627685434946
2014-12-02 05:00:00,42.0225179008,41.6955604553,41.74076389238385
2014-12-03 05:00:00,41.6783559439,41.3686103821,41.30191308326283
2014-12-04 05:00:00,41.6353208002,42.0225067139,41.99076965395245
2014-12-05 05:00:00,42.0053064968,41.6611404419,41.827938525089934
2014-12-08 05:00:00,41.5234735754,41.04164505,41.03663645961939
2014-12-09 05:00:00,40.5340050932,40.9470024109,41.07716688101867
2014-12-10 05:00:00,40.938393714,40.353313446,40.39333226970778
2014-12-11 05:00:00,40.5081831657,40.5856170654,40.703251557386764
2014-12-12 05:00:00,40.2500676866,40.3963394165,40.85140527546686
2014-12-15 05:00:00,40.6114350383,40.1554145813,40.496742745788936
2014-12-16 05:00:00,39.4928957888,38.8561897278,39.26955857778462
2014-12-17 05:00:00,38.7615423135,39.3552284241,39.29826541697443
2014-12-18 05:00:00,40.0779899247,40.8867759705,40.578090346902854
2014-12-19 05:00:00,40.9814137337,41.0072250366,41.00492696595544
2014-12-22 05:00:00,41.1104792207,41.2825622559,41.328938716070525
2014-12-23 05:00:00,41.6181123585,41.6869468689,41.774831630949
2014-12-24 05:00:00,41.8504291331,41.4202232361,41.48433238058105
2014-12-26 05:00:00,41.6525351485,41.1965179443,41.26444869377269
2014-12-29 05:00:00,41.0416410229,40.8265380859,40.815740397501244
2014-12-30 05:00:00,40.8179372609,40.4565658569,40.54345019771069
2014-12-31 05:00:00,40.2070358845,39.9661216736,40.52260316620918
2015-01-02 05:00:00,40.1468092651,40.2328491211,40.61216318923851
2015-01-05 05:00:00,39.8972908667,39.8628768921,40.09159300386178
2015-01-06 05:00:00,39.9059017583,39.2778015137,39.584916992927404
2015-01-07 05:00:00,39.5617334492,39.7768363953,39.568581080228924
2015-01-08 05:00:00,40.2242562843,40.9470024109,40.91741574869796
2015-01-09 05:00:00,40.9641997697,40.6028251648,40.63043229911012
2015-01-12 05:00:00,40.8007139013,40.0951766968,40.152054468595665
2015-01-13 05:00:00,40.4135426634,39.8886909485,40.42823347315433
2015-01-14 05:00:00,39.5445365906,39.5445365906,39.5247490749107
2015-01-15 05:00:00,39.7682369784,39.1315307617,39.326693652863625
2015-01-16 05:00:00,38.9852553923,39.7854385376,39.57687094605526
2015-01-20 05:00:00,39.8370678075,39.9145050049,39.58222590129632
2015-01-21 05:00:00,39.5273175779,39.5101089478,39.36634709987074
2015-01-22 05:00:00,39.905899655,40.5512084961,40.24045113645289
2015-01-23 05:00:00,40.7491012155,40.5942268372,40.40199898846032
2015-01-26 05:00:00,40.4393572255,40.4479598999,40.014562086689004
2015-01-27 05:00:00,36.9546822227,36.7051620483,36.54896436857961
2015-01-28 05:00:00,36.7739940283,35.4403533936,35.69611565189052
2015-01-29 05:00:00,35.216657626,36.1459007263,35.95271508765739
2015-01-30 05:00:00,35.750106901,34.760635376,34.93301070756309
2015-02-02 05:00:00,34.924108893,35.517791748,35.222772479914596
2015-02-03 05:00:00,35.8189473702,35.793132782,35.63424588420525
2015-02-04 05:00:00,36.085666018,35.9996261597,35.880978333501126
2015-02-05 05:00:00,36.3265770185,36.524471283,36.3832255364374
2015-02-06 05:00:00,36.7223704444,36.4900588989,36.44639059622835
2015-02-09 05:00:00,36.3437958756,36.4470443726,36.693895387876836
2015-02-10 05:00:00,36.7740058019,36.6535453796,36.42218005647074
2015-02-11 05:00:00,36.6965678874,36.4642562866,36.41135409686726
2015-02-12 05:00:00,36.7051532671,37.0751304626,36.92128995090106
2015-02-13 05:00:00,37.3246579158,37.746257782,37.52413697622677
2015-02-17 05:00:00,38.1015436905,37.7635955811,37.58789458723043
2015-02-18 05:00:00,37.8069275581,37.7202720642,37.71453252060942
2015-02-19 05:00:00,37.4169839491,37.6942749023,37.59533122144893
2015-02-20 05:00:00,37.7029477057,38.00623703,37.829552151712015
2015-02-23 05:00:00,37.8675811616,38.257522583,38.200324022228585
2015-02-24 05:00:00,38.2575177294,38.2055244446,38.22749479654071
2015-02-25 05:00:00,38.0842228388,38.1188850403,38.105599291847355
2015-02-26 05:00:00,38.1188739153,38.1795310974,38.24497333653349
2015-02-27 05:00:00,38.2401944817,37.9975624084,37.9803573048299
2015-03-02 05:00:00,37.8415846945,38.0235595703,38.14363251205601
2015-03-03 05:00:00,37.746267465,37.5036354065,37.622185793127315
2015-03-04 05:00:00,37.2696627087,37.3129920959,37.345582847930366
2015-03-05 05:00:00,37.3216648611,37.3563270569,37.28956444775936
2015-03-06 05:00:00,37.2609949912,36.706413269,36.74977079342155
2015-03-09 04:00:00,36.5591029276,37.1310157776,37.233575071842196
2015-03-10 04:00:00,36.6977583304,36.4204673767,36.74332318976083
2015-03-11 04:00:00,36.6631135696,36.377155304,36.39458375170337
2015-03-12 04:00:00,35.8138960745,35.5452690125,35.72160318430551
2015-03-13 04:00:00,35.2679643678,35.857208252,35.759287815494815
2015-03-16 04:00:00,35.9352181766,36.0132064819,35.94528086171132
2015-03-17 04:00:00,35.8485519046,36.1345100403,36.034306762267576
2015-03-18 04:00:00,35.9005400369,36.8277320862,36.81479153244547
2015-03-19 04:00:00,36.6197651012,36.6457633972,36.84925846273625
2015-03-20 04:00:00,36.8797334282,37.1570243835,37.14897771090244
2015-03-23 04:00:00,37.1570100463,37.1396789551,37.288785045627
2015-03-24 04:00:00,37.0703641643,37.1743507385,37.348595119282436
2015-03-25 04:00:00,37.1916688367,35.9265289307,36.152134844562056
2015-03-26 04:00:00,35.7185709175,35.709903717,35.798025220736136
2015-03-27 04:00:00,35.6319122964,35.5019340515,35.66403506894624
2015-03-30 04:00:00,35.6145890663,35.4932746887,35.808338005663344
2015-03-31 04:00:00,35.3372977932,35.2333145142,35.36467888516121
2015-04-01 04:00:00,35.1813184468,35.2853050232,35.11064835226622
2015-04-02 04:00:00,35.233313871,34.9126968384,34.92560508995081
2015-04-06 04:00:00,34.9560252084,36.0045318604,35.852605030736306
2015-04-07 04:00:00,36.0565260854,35.9872016907,36.07503080765835
2015-04-08 04:00:00,35.9265384122,35.8918762207,35.809540124265595
2015-04-09 04:00:00,35.7445603088,35.943862915,36.02948789714821
2015-04-10 04:00:00,36.07385193,36.15184021,36.164430218908855
2015-04-13 04:00:00,35.8745507225,36.1865005493,36.350025130965136
2015-04-14 04:00:00,36.2211647989,36.0911865234,36.11181785208095
2015-04-15 04:00:00,36.1864949825,36.6197624207,36.638494568588264
2015-04-16 04:00:00,36.3511514221,36.5331230164,36.555501231353354
2015-04-17 04:00:00,36.1085154548,36.0651893616,35.816940036688585
2015-04-20 04:00:00,36.160495009,37.1830062866,37.138833560233785
2015-04-21 04:00:00,37.2610078709,36.949054718,37.05454517466192
2015-04-22 04:00:00,36.9750404021,37.2523345947,37.23515758007083
2015-04-23 04:00:00,37.1656807409,37.5556221008,37.625174309037625
2015-04-24 04:00:00,39.5659915931,41.4810333252,41.286566196452895
2015-04-27 04:00:00,40.9264435977,41.6196708679,41.57153509508353
2015-04-28 04:00:00,41.4030424343,42.5988616943,42.35888826677184
2015-04-29 04:00:00,42.2175774312,42.5121994019,42.499517872260796
2015-04-30 04:00:00,42.2002591335,42.1482658386,42.74023554989232
2015-05-01 04:00:00,42.0962596885,42.1655807495,42.20957029022989
2015-05-04 04:00:00,41.9142713992,41.8016242981,42.15640677923773
2015-05-05 04:00:00,41.4377014317,41.2470626831,41.33651776648607
2015-05-06 04:00:00,41.2210680511,40.1032371521,40.26472837267694
2015-05-07 04:00:00,40.0945718726,40.4671821594,40.61111033301036
2015-05-08 04:00:00,41.2037332245,41.377040863,41.51414468315773
2015-05-11 04:00:00,41.2037365666,41.0477600098,41.35689013125939
2015-05-12 04:00:00,40.597166126,41.0304336548,40.88744091349681
2015-05-13 04:00:00,41.7583172926,41.273059845,41.434028432007324
2015-05-14 04:00:00,41.6196677268,42.2175788879,42.19789573979827
2015-05-15 04:00:00,42.3475546361,41.8536300659,41.81656172481501
2015-05-18 04:00:00,41.5763533326,41.6023483276,41.509398934852136
2015-05-19 04:00:00,41.4802407492,41.4976844788,41.41198823026301
2015-05-20 04:00:00,41.3319707112,41.4976844788,41.653623406078125
2015-05-21 04:00:00,41.2360400485,41.3581428528,41.296376819957274
2015-05-22 04:00:00,41.2534704324,40.9046058655,40.974221651256514
2015-05-26 04:00:00,40.8435606301,40.6342391968,40.44622284061551
2015-05-27 04:00:00,40.8348408739,41.523853302,41.37841915520882
2015-05-28 04:00:00,41.4279117093,41.3843040466,41.74330402835517
2015-05-29 04:00:00,41.3668705147,40.8697357178,40.88491035188477
2015-06-01 04:00:00,41.0441542602,41.1924209595,41.24690648880332
2015-06-02 04:00:00,40.9307740042,40.9220504761,41.02996049121937
2015-06-03 04:00:00,41.314534764,40.8610076904,41.20347617847442
2015-06-04 04:00:00,40.8086829383,40.4336509705,40.667620162267866
2015-06-05 04:00:00,40.3900302834,40.2417602539,40.22688644863699
2015-06-08 04:00:00,40.3812974078,39.8841629028,40.045654401655604
2015-06-09 04:00:00,39.9103428817,39.8144073486,39.85099626812215
2015-06-10 04:00:00,39.9365112434,40.6516876221,40.61427315453874
2015-06-11 04:00:00,40.6953033617,40.5034255981,40.52273075125003
2015-06-12 04:00:00,40.3115475431,40.0935058594,40.286006998225346
2015-06-15 04:00:00,39.6399623247,39.6661262512,39.49846745418613
2015-06-16 04:00:00,39.5527393996,39.9713821411,40.16387764083582
2015-06-17 04:00:00,39.8841843791,40.0935058594,39.88313951718622
2015-06-18 04:00:00,40.3115288345,40.7476119995,40.710859115115184
2015-06-19 04:00:00,40.8086796132,40.2068824768,40.286843769047024
2015-06-22 04:00:00,40.4074700993,40.3202514648,40.58835022761977
2015-06-23 04:00:00,40.2330497613,40.0411720276,39.99914953546592
2015-06-24 04:00:00,39.8318432522,39.8056793213,40.17915961989267
2015-06-25 04:00:00,40.1458282672,39.8144073486,39.81479355898544
2015-06-26 04:00:00,39.8143946452,39.4742469788,39.82849387154455
2015-06-29 04:00:00,39.2823780058,38.6980247498,38.94984663706089
2015-06-30 04:00:00,38.9945719537,38.5061607361,38.472046060892126
2015-07-01 04:00:00,38.7765272092,38.7678070068,39.076555211661876
2015-07-02 04:00:00,38.793976627,38.7242050171,38.706857532451615
2015-07-06 04:00:00,38.3404375093,38.7154693604,38.72566224198036
2015-07-07 04:00:00,38.6718656105,38.6369781494,38.061266750735335
2015-07-08 04:00:00,38.7590864378,38.5846557617,38.80964286019068
2015-07-09 04:00:00,39.0294515062,38.8288536072,39.20478850888303
2015-07-10 04:00:00,39.2562093925,38.9073448181,39.05888023033076
2015-07-13 04:00:00,39.2300494515,39.7184638977,39.68396709226895
2015-07-14 04:00:00,39.639975604,39.7882423401,39.92433160061832
2015-07-15 04:00:00,39.8405715705,39.9103431702,39.83847459561676
2015-07-16 04:00:00,40.1283913288,40.6953010559,40.60347406187187
2015-07-17 04:00:00,40.5993604301,40.6604118347,40.58248772634993
2015-07-20 04:00:00,40.6865684495,40.9220504761,40.90013244939539
2015-07-21 04:00:00,40.7999548824,41.236038208,40.99553898224532
2015-07-22 04:00:00,39.63124525,39.7184638977,40.51451170166693
2015-07-23 04:00:00,39.4829902805,40.2156105042,40.05387150273565
2015-07-24 04:00:00,40.0411616631,40.067325592,40.279430340660426
2015-07-27 04:00:00,40.0673202757,39.5527420044,39.64603694329622
2015-07-28 04:00:00,39.7533506597,39.5440292358,39.25133012817554
2015-07-29 04:00:00,39.5963651802,40.372592926,40.477607430622385
2015-07-30 04:00:00,40.3464345194,40.8871803284,40.92425346411677
2015-07-31 04:00:00,41.2447610971,40.7301826477,40.75823577744995
2015-08-03 04:00:00,40.9743698754,40.8261032104,40.63745698708228
2015-08-04 04:00:00,40.7737829399,41.4627952576,41.41969895200322
2015-08-05 04:00:00,41.8465490894,41.4976844788,41.85813930219766
2015-08-06 04:00:00,41.6110736991,40.6604118347,40.67761869850888
2015-08-07 04:00:00,40.459803964,40.7650642395,40.67014676898636
2015-08-10 04:00:00,40.9482122269,41.2796363831,41.27675758612005
2015-08-11 04:00:00,40.8348372952,40.4772491455,40.27972383160612
2015-08-12 04:00:00,40.2853699962,40.7650642395,40.457825554189895
2015-08-13 04:00:00,41.0441527264,40.7563362122,40.691642709315886
2015-08-14 04:00:00,40.5819057881,40.9918251038,41.00410044104044
2015-08-17 04:00:00,40.8261201084,41.2709236145,41.127583266172024
2015-08-18 04:00:00,41.1216748724,41.4991798401,41.46467490615576
2015-08-19 04:00:00,41.069002293,40.919757843,40.960102749112984
2015-08-20 04:00:00,40.4456892612,40.0857429504,40.45690314477874
2015-08-21 04:00:00,39.7696805111,37.8119239807,38.28163237903702
2015-08-24 04:00:00,35.5117752893,36.5916137695,36.551197088389145
2015-08-25 04:00:00,37.3729610927,35.529335022,36.2574833852586
2015-08-26 04:00:00,36.8813293012,37.4958724976,36.7857813063878
2015-08-27 04:00:00,37.9523892912,38.5405960083,38.263035916280586
2015-08-28 04:00:00,38.1016372742,38.5669326782,38.64773228683639
2015-08-31 04:00:00,38.2421068098,38.2069892883,38.19298619588095
2015-09-01 04:00:00,37.021800909,36.7145309448,36.9687768721509
2015-09-02 04:00:00,37.1886027907,38.0665206909,37.572368897238235
2015-09-03 04:00:00,38.110409875,38.1894226074,38.443415258701506
2015-09-04 04:00:00,37.5836614662,37.40807724,37.32609133064499
2015-09-08 04:00:00,38.0138504275,38.5318222046,38.45872546461113
2015-09-09 04:00:00,38.8127498587,37.8119239807,38.01852580399473
2015-09-10 04:00:00,37.8558105371,38.0050582886,38.080020979676725
2015-09-11 04:00:00,37.8733751703,38.1718673706,38.071431246654456
2015-09-14 04:00:00,38.1279747568,37.7855873108,37.74869870590513
2015-09-15 04:00:00,37.917276209,38.6108322144,38.630906118686205
2015-09-16 04:00:00,38.6020430456,38.8917541504,38.82512642956287
2015-09-17 04:00:00,38.882979759,38.8478622437,39.25440988559328
2015-09-18 04:00:00,38.1894261293,38.1718673706,38.43768213273923
2015-09-21 04:00:00,38.2947752967,38.7249565125,38.90277062611457
2015-09-22 04:00:00,38.0840783119,38.5405960083,38.530509346763445
2015-09-23 04:00:00,38.5669356208,38.5142593384,38.458008223664734
2015-09-24 04:00:00,38.1455397588,38.5493812561,38.517568971095685
2015-09-25 04:00:00,39.0497867538,38.5757102966,38.72638929154577
2015-09-28 04:00:00,38.4791346535,38.0050582886,38.235947688020424
2015-09-29 04:00:00,38.0753105217,38.1367645264,38.012160214711955
2015-09-30 04:00:00,38.5230297316,38.8566360474,38.686338853371765
2015-10-01 04:00:00,39.2868216834,39.1639137268,38.58388507384674
2015-10-02 04:00:00,38.8654213973,40.0067138672,39.540742509877134
2015-10-05 04:00:00,40.1647331532,40.9373016357,40.95304664140709
2015-10-06 04:00:00,40.673939648,41.0426635742,41.218173604861384
2015-10-07 04:00:00,41.3499186536,41.0865440369,40.71112520780713
2015-10-08 04:00:00,40.8758610476,41.657207489,41.53329998152351
2015-10-09 04:00:00,41.657214978,41.3587226868,41.3669784522298
2015-10-12 04:00:00,41.2445796081,41.2621383667,40.99084720725173
2015-10-13 04:00:00,40.8758619312,41.1655731201,41.30833369137811
2015-10-14 04:00:00,40.9548723353,40.9812088013,41.21577329049464
2015-10-15 04:00:00,41.2709159851,41.2709159851,40.968868586563424
2015-10-16 04:00:00,41.2796915776,41.7098693848,41.589330195807484
2015-10-19 04:00:00,41.6308656385,41.8064498901,41.69232864019411
2015-10-20 04:00:00,41.6484263382,41.9381408691,41.632953129478196
2015-10-21 04:00:00,42.0698275433,41.4377288818,41.55911841494985
2015-10-22 04:00:00,41.7274343549,42.16639328,42.42245490200715
2015-10-23 04:00:00,45.9151029919,46.4155158997,47.145368865938636
2015-10-26 04:00:00,46.1170174749,47.6270370483,47.37613388810945
2015-10-27 04:00:00,47.3987998631,47.1354217529,47.40445962491986
2015-10-28 04:00:00,47.0037167882,47.3899993896,46.85059033801123
2015-10-29 04:00:00,47.0037209714,46.8456954956,47.01333989184339
2015-10-30 04:00:00,46.8105807661,46.213596344,46.80128274044551
2015-11-02 05:00:00,46.3979504604,46.7403411865,46.62538240463951
2015-11-03 05:00:00,46.468207294,47.5392684937,47.49982099722112
2015-11-04 05:00:00,47.5655850463,47.7587280273,48.00701275172254
2015-11-05 05:00:00,47.8377404658,47.7411689758,47.66732147253307
2015-11-06 05:00:00,47.4865742558,48.2152442932,48.051733366059516
2015-11-09 05:00:00,47.8904221228,47.548034668,47.42612114139092
2015-11-10 05:00:00,47.469021716,46.9773864746,46.965217333164034
2015-11-11 05:00:00,47.1441912451,47.1002960205,47.358201835787796
2015-11-12 05:00:00,46.9510555867,46.8105888367,47.12784518050411
2015-11-13 05:00:00,46.5911037642,46.3891830444,46.38911999760511
2015-11-16 05:00:00,46.5998956587,47.205657959,47.0347610350803
2015-11-17 05:00:00,46.9935330533,46.8167686462,47.05156630884453
2015-11-18 05:00:00,46.8432620543,47.5945205688,47.555662030629996
2015-11-19 05:00:00,47.7182858166,47.6740913391,48.074656510648495
2015-11-20 05:00:00,47.948066123,47.89503479,47.30009687731827
2015-11-23 05:00:00,47.948066123,47.89503479,47.768865247020415
2015-11-24 05:00:00,47.6564032253,47.9480705261,47.811581122888214
2015-11-25 05:00:00,47.8066528491,47.4531173706,47.653093483052245
2015-11-27 05:00:00,47.5503455061,47.6652450562,47.784314079200044
2015-11-30 05:00:00,48.204384133,48.0364532471,48.14171049077599
2015-12-01 05:00:00,48.0894777939,48.8053855896,48.62507300638066
2015-12-02 05:00:00,48.8937731824,48.7965507507,49.19344382636065
2015-12-03 05:00:00,49.0440217781,47.9038734436,48.12527617001236
2015-12-04 05:00:00,47.8331675479,49.4152336121,49.33245592677595
2015-12-07 05:00:00,49.3091814066,49.3268585205,49.11073911076342
2015-12-08 05:00:00,49.0263541354,49.3091812134,49.15536445817688
2015-12-09 05:00:00,48.9379530856,48.5932579041,48.69343313302978
2015-12-10 05:00:00,48.9556457984,48.8495864868,48.90874093260655
2015-12-11 05:00:00,48.3546424556,47.7801513672,48.1521161200111
2015-12-14 05:00:00,48.0187869832,48.7346916199,48.1938076695926
2015-12-15 05:00:00,49.1942678569,48.7877044678,48.98527145362315
2015-12-16 05:00:00,49.0882096243,49.6096725464,49.04946947300897
2015-12-17 05:00:00,49.8129645708,49.2296333313,49.543156061782284
2015-12-18 05:00:00,49.2915117858,47.8420219421,48.20422506330893
2015-12-21 05:00:00,48.5048882703,48.4606971741,48.39540556649854
2015-12-22 05:00:00,48.6021101738,48.9202880859,48.625822163647726
2015-12-23 05:00:00,49.2296226325,49.3356819153,49.20984309192397
2015-12-24 05:00:00,49.3710520899,49.2031211853,49.169194219222184
2015-12-28 05:00:00,48.9202887702,49.450592041,49.11024856004076
2015-12-29 05:00:00,49.7510926592,49.9808883667,50.01849911131978
2015-12-30 05:00:00,49.910178002,49.7687644958,50.04118441514423
2015-12-31 05:00:00,49.5301435035,49.035194397,49.221720870058405
2016-01-04 05:00:00,48.0099292649,48.4341697693,47.698262090888115
2016-01-05 05:00:00,48.5490768088,48.6551361084,48.62635159629916
2016-01-06 05:00:00,48.0099295575,47.7712936401,47.60634323575477
2016-01-07 05:00:00,46.5781266788,46.1096916199,46.703756144952635
2016-01-08 05:00:00,46.2864571144,46.2511062622,46.80056003792474
2016-01-11 05:00:00,46.4101949246,46.2245903015,45.90990381402973
2016-01-12 05:00:00,46.6311456751,46.6488227844,46.39180885516503
2016-01-13 05:00:00,47.5503305927,45.6412467957,45.92272059372749
2016-01-14 05:00:00,45.9594405245,46.9404983521,46.67135062142998
2016-01-15 05:00:00,45.3495995439,45.0667724609,45.13013504700944
2016-01-19 05:00:00,45.4998449176,44.6867179871,44.62554198458827
2016-01-20 05:00:00,44.1740952778,44.8900032043,44.534806463033604
2016-01-21 05:00:00,45.0755996983,44.6160049438,45.001289505246525
2016-01-22 05:00:00,45.4379605874,46.2157363892,46.010144705766386
2016-01-25 05:00:00,45.9064075099,45.7738342285,46.228859246904065
2016-01-26 05:00:00,45.7738365923,46.1096916199,46.091646041367234
2016-01-27 05:00:00,45.9682890697,45.2700614929,45.4078670716742
2016-01-28 05:00:00,45.8356986983,46.0124664307,45.669400524536314
2016-01-29 05:00:00,48.3723132394,48.6904945374,48.12660524188846
2016-02-01 05:00:00,48.5048909272,48.354637146,48.41573030555794
2016-02-02 05:00:00,47.8773705922,46.8432846069,46.854925256695566
2016-02-03 05:00:00,47.0642375531,46.100856781,45.7255184091718
2016-02-04 05:00:00,46.0478166886,45.9594345093,46.04271009640068
2016-02-05 05:00:00,45.906401313,44.3331756592,44.22020270060353
2016-02-08 05:00:00,43.794047402,43.6703109741,42.83724755236928
2016-02-09 05:00:00,43.3256127518,43.5554084778,43.95491617136403
2016-02-10 05:00:00,44.0945459582,43.9354553223,44.20923793143041
2016-02-11 05:00:00,43.0251169926,43.9177894592,43.9341493932215
2016-02-12 05:00:00,44.4127196321,44.6336784363,44.38228902154835
2016-02-16 05:00:00,45.3102254637,45.4793586731,44.90971010524662
2016-02-17 05:00:00,45.835437868,46.6633033752,46.74651528931845
2016-02-18 05:00:00,46.5831777036,46.4585494995,46.890402328902965
2016-02-19 05:00:00,46.2627094216,46.1291809082,46.194919279470696
2016-02-22 05:00:00,46.5386687122,46.8680381775,47.088416318967134
2016-02-23 05:00:00,46.5920811195,45.5594711304,45.63843506981511
2016-02-24 05:00:00,45.1232880774,45.7197113037,45.36679730023809
2016-02-25 05:00:00,46.0490709641,46.3784370422,45.51292940080191
2016-02-26 05:00:00,46.8235211362,45.6662864685,45.800143743841915
2016-02-29 05:00:00,45.7108061294,45.2924232483,45.44781965478798
2016-03-01 05:00:00,45.3725366436,46.8057289124,46.513666717771
2016-03-02 05:00:00,46.654406369,47.1351051331,46.897693073570835
2016-03-03 05:00:00,47.1529051535,46.6009902954,46.30644542485942
2016-03-04 05:00:00,46.6454934315,46.3161239624,46.208534121708944
2016-03-07 05:00:00,45.89773977,45.4259414673,45.375401324015655
2016-03-08 05:00:00,45.2212034535,45.9778594971,46.04654051277357
2016-03-09 05:00:00,46.1915051611,47.0371780396,46.88640934280276
2016-03-10 05:00:00,47.1172875,46.3339271545,45.842686842622086
2016-03-11 05:00:00,47.179596624,47.2419090271,46.809793535828014
2016-03-14 04:00:00,46.9214500815,47.3309326172,47.52368976707714
2016-03-15 04:00:00,46.9570399708,47.7047920227,47.58382071179681
2016-03-16 04:00:00,47.5801715944,48.3813323975,48.394780052674086
2016-03-17 04:00:00,48.2567282154,48.6573104858,48.70000270544035
2016-03-18 04:00:00,48.8887511609,47.6157951355,47.869326307670086
2016-03-21 04:00:00,47.4021488375,47.9451599121,47.68485321231703
2016-03-22 04:00:00,47.7226165981,48.1320991516,48.105217261941874
2016-03-23 04:00:00,48.1677118473,48.0430870056,48.028646569666435
2016-03-24 04:00:00,47.9273516184,48.2567176819,48.23515806345143
2016-03-28 04:00:00,48.2567325566,47.6603126526,47.70016923264852
2016-03-29 04:00:00,47.7671306442,48.7018203735,48.49695124141232
2016-03-30 04:00:00,48.8976462334,49.0044670105,49.420687899248584
2016-03-31 04:00:00,48.9154727163,49.1647224426,49.34450251824686
2016-04-01 04:00:00,49.0044706685,49.4673652649,49.085014232285054
2016-04-04 04:00:00,49.342754364,49.342754364,49.23010386184917
2016-04-05 04:00:00,49.1290985999,48.5682868958,48.70710524647512
2016-04-06 04:00:00,48.3902552512,49.0667915344,48.91371221471555
2016-04-07 04:00:00,48.8442451183,48.4792709351,48.440407598982844
2016-04-08 04:00:00,48.6662060428,48.4436607361,48.87888645364682
2016-04-11 04:00:00,48.5059741566,48.345741272,48.87350445704576
2016-04-12 04:00:00,48.3991463314,48.648399353,48.276399038670725
2016-04-13 04:00:00,49.0667964719,49.2715377808,49.1668821233682
2016-04-14 04:00:00,49.1558088254,49.2804336548,49.344025979672544
2016-04-15 04:00:00,49.2270239928,49.5385894775,49.56740086106081
2016-04-18 04:00:00,49.3961661133,50.25963974,50.005374656462834
2016-04-19 04:00:00,50.4109640202,50.1973190308,49.84646263627972
2016-04-20 04:00:00,50.1082959184,49.485168457,49.704984165314286
2016-04-21 04:00:00,49.6721009031,49.654296875,49.73741296137114
2016-04-22 04:00:00,46.2093143105,46.0935897827,45.763407044414755
2016-04-25 04:00:00,46.0935715534,46.3873329163,46.271150850087196
2016-04-26 04:00:00,46.5208647032,45.7909164429,45.75168903393958
2016-04-27 04:00:00,45.8265199617,45.3458213806,45.18753836924317
2016-04-28 04:00:00,45.0609721104,44.4200439453,44.414601170414464
2016-04-29 04:00:00,43.9304350501,44.3933296204,44.60313972079762
2016-05-02 04:00:00,44.5090520104,45.0520629883,44.91235667598778
2016-05-03 04:00:00,44.8117275516,44.3132247925,44.349087470737864
2016-05-04 04:00:00,44.3666252745,44.3933296204,44.278568175031786
2016-05-05 04:00:00,44.3933417232,44.4556541443,44.63242483306246
2016-05-06 04:00:00,44.437837866,44.8562240601,44.6149665704245
2016-05-09 04:00:00,44.9452508605,44.5713729858,44.69132208246603
2016-05-10 04:00:00,44.8028217828,45.4170455933,45.280492097313065
2016-05-11 04:00:00,45.5149722397,45.4437561035,45.91695549521784
2016-05-12 04:00:00,45.5772679561,45.8532218933,45.83878709567508
2016-05-13 04:00:00,45.7909213756,45.4704589844,45.857631748192105
2016-05-16 04:00:00,45.2212031194,46.138092041,46.04001333048967
2016-05-17 04:00:00,46.3621860889,45.2775306702,45.38717346510668
2016-05-18 04:00:00,45.2506544976,45.5464706421,45.62410841874875
2016-05-19 04:00:00,45.2416974769,45.1072349548,44.90043198972366
2016-05-20 04:00:00,45.2506479126,45.3761444092,45.756063949696966
2016-05-23 04:00:00,45.3582230221,44.8472709656,44.990398882203486
2016-05-24 04:00:00,45.4478680655,46.2456703186,45.977728904114294
2016-05-25 04:00:00,46.5414705522,46.7207527161,46.89076536506388
2016-05-26 04:00:00,46.5504407075,46.5145835876,46.20064574104106
2016-05-27 04:00:00,46.5414753085,46.9000396729,46.75577419830269
2016-05-31 04:00:00,46.8462547198,47.5095977783,47.27802559970302
2016-06-01 04:00:00,47.0076065878,47.3751335144,47.41334468939852
2016-06-02 04:00:00,47.1868897223,47.0434646606,46.69936666401787
2016-06-03 04:00:00,46.9538186834,46.4249382019,46.438808409874895
2016-06-06 04:00:00,46.6042245741,46.7297210693,46.82815397905483
2016-06-07 04:00:00,46.8283311958,46.7028312683,47.11398738428988
2016-06-08 04:00:00,46.6311116645,46.6490402222,46.85961599709338
2016-06-09 04:00:00,46.6131844424,46.2725486755,46.27353053071542
2016-06-10 04:00:00,45.7616010903,46.1470565796,46.5038571758195
2016-06-13 04:00:00,44.4438910015,44.9458770752,44.898042859486125
2016-06-14 04:00:00,44.7307322555,44.6679840088,44.665854916562054
2016-06-15 04:00:00,44.6231610895,44.5424842834,44.83819047904639
2016-06-16 04:00:00,44.3900979315,45.1699714661,45.09546144231153
2016-06-17 04:00:00,45.1878978905,44.9369049072,44.800219635109436
2016-06-20 04:00:00,45.39407733,44.8831253052,45.11142235183363
2016-06-21 04:00:00,44.9996511983,45.8870925903,45.88053517720699
2016-06-22 04:00:00,45.7884977058,45.7078208923,46.002900578191905
2016-06-23 04:00:00,45.9677787571,46.5325164795,46.4644854550751
2016-06-24 04:00:00,44.6500554498,44.6679840088,45.2711456053448
2016-06-27 04:00:00,44.0136086811,43.4130172729,43.29064611716613
2016-06-28 04:00:00,43.8522575368,44.3183898926,44.093599507840224
2016-06-29 04:00:00,44.7396980493,45.30443573,45.27120681083309
2016-06-30 04:00:00,45.4657942755,45.8691749573,45.752868093321254
2016-07-01 04:00:00,45.8333116614,45.8602027893,46.24874335162046
2016-07-05 04:00:00,45.564399658,45.8691749573,45.85811839639654
2016-07-06 04:00:00,45.5195647252,46.0574111938,45.80522254568626
2016-07-07 04:00:00,46.0932648895,46.0574111938,46.00785244839471
2016-07-08 04:00:00,46.3711586048,46.8821105957,46.724788493113415
2016-07-11 04:00:00,47.0613863418,47.1420631409,47.31758848030494
2016-07-12 04:00:00,47.4558225981,47.6978530884,47.71352160761093
2016-07-13 04:00:00,48.0115856521,47.9667625427,47.98335887337292
2016-07-14 04:00:00,48.2625748586,48.1729354858,48.219519275122344
2016-07-15 04:00:00,48.3611983404,48.137096405,47.8851314114287
2016-07-18 04:00:00,48.1370718716,48.370136261,48.52251275036801
2016-07-19 04:00:00,48.1460387907,47.5902671814,47.738233361715714
2016-07-20 04:00:00,50.3332766392,50.1181373596,50.40153734575509
2016-07-21 04:00:00,50.1808886794,50.0195350647,50.240847242390515
2016-07-22 04:00:00,50.2705286765,50.7097663879,50.48172103626966
2016-07-25 04:00:00,50.6201345508,50.8531990051,50.70227254898119
2016-07-26 04:00:00,50.6649377242,50.8800735474,51.25081919613875
2016-07-27 04:00:00,50.7456335863,50.369140625,50.55243199251282
2016-07-28 04:00:00,50.1988211289,50.3870658875,50.298101927174436
2016-07-29 04:00:00,50.431883392,50.8083763123,50.67599861893003
2016-08-01 04:00:00,50.7366636969,50.7187385559,50.54546272173776
2016-08-02 04:00:00,50.9607655744,50.7187385559,50.638878567332114
2016-08-03 04:00:00,50.8083699,51.0683288574,51.01867677975594
2016-08-04 04:00:00,50.9159323476,51.4448127747,51.376202145425516
2016-08-05 04:00:00,51.677892087,51.9557762146,51.97335175644073
2016-08-08 04:00:00,52.0454216003,52.0454216003,51.90712215140347
2016-08-09 04:00:00,52.1440153351,52.1709098816,52.31560699097984
2016-08-10 04:00:00,52.1350484769,52.009552002,52.043210098201655
2016-08-11 04:00:00,52.0185324321,52.2605628967,52.36675584076057
2016-08-12 04:00:00,52.0185163046,51.9378395081,51.87366005649033
2016-08-15 04:00:00,52.0005920261,52.0991973877,52.3603879623504
2016-08-16 04:00:00,51.9639106379,51.8105697632,51.764529342379106
2016-08-17 04:00:00,51.9007562392,51.9187965393,51.816352465111784
2016-08-18 04:00:00,51.7925090736,51.9548683167,51.9289475375815
2016-08-19 04:00:00,51.8015379545,51.9729156494,51.891364971656834
2016-08-22 04:00:00,51.9548660505,52.0180053711,51.854821148696864
2016-08-23 04:00:00,52.2254792382,52.2164573669,52.43843859249038
2016-08-24 04:00:00,52.1352911592,52.2705917358,52.296961088965226
2016-08-25 04:00:00,52.2074412457,52.4690170288,52.474622658928794
2016-08-26 04:00:00,52.5682300653,52.3427314758,52.47047491149067
2016-08-29 04:00:00,52.4780411872,52.4058799744,52.76784199976032
2016-08-30 04:00:00,52.2976370038,52.2164573669,52.21777095065924
2016-08-31 04:00:00,51.99998299,51.8286018372,51.892386009577635
2016-09-01 04:00:00,51.4227109232,51.9458694458,52.048818180111596
2016-09-02 04:00:00,52.0180053711,52.0180053711,52.249000681628125
2016-09-06 04:00:00,52.1172274489,51.9638900757,51.75029612012818
2016-09-07 04:00:00,51.8376287715,52.0090065002,52.1063918588172
2016-09-08 04:00:00,51.9819476048,51.8015480042,51.8054147417387
2016-09-09 04:00:00,51.2242693099,50.7011108398,51.35249320765577
2016-09-12 04:00:00,50.5116849762,51.4587783813,51.12409929997147
2016-09-13 04:00:00,50.9626911735,50.9897499084,50.77785230825192
2016-09-14 04:00:00,50.8634684374,50.7462081909,50.81078825829171
2016-09-15 04:00:00,50.6469960198,51.585067749,51.41970067329935
2016-09-16 04:00:00,51.9819457441,51.6391868591,51.365019243064566
2016-09-19 04:00:00,51.6572222244,51.3505439758,51.73018012162248
2016-09-20 04:00:00,51.7293762908,51.2423019409,51.32498858557343
2016-09-21 04:00:00,51.8736987775,52.0991973877,51.839972417267134
2016-09-22 04:00:00,52.2435145624,52.1533164978,52.132149345499315
2016-09-23 04:00:00,52.198424373,51.8015480042,51.906593754157086
2016-09-26 04:00:00,51.48584178,51.3234825134,51.38978416740839
2016-09-27 04:00:00,51.3505567609,52.2705917358,52.01361900027728
2016-09-28 04:00:00,52.2074343867,52.3427314758,52.22779188908676
2016-09-29 04:00:00,52.1442964714,51.7744789124,51.99585461678247
2016-09-30 04:00:00,51.9278095898,51.9548683167,51.946827184357645
2016-10-03 04:00:00,51.7835116275,51.7925300598,51.668565428633315
2016-10-04 04:00:00,51.6572123831,51.630153656,51.71494622653037
2016-10-05 04:00:00,51.6752586971,51.9909553528,52.17951293605212
2016-10-06 04:00:00,52.0811576843,52.0811576843,51.868754941654046
2016-10-07 04:00:00,52.1803796453,52.1352806091,51.997998269185494
2016-10-10 04:00:00,52.2345006175,52.3517608643,52.59699530504353
2016-10-11 04:00:00,52.2164646304,51.585067749,51.60085128026086
2016-10-12 04:00:00,51.5128936768,51.5128936768,51.13817062539176
2016-10-13 04:00:00,51.1430895784,51.3415260315,51.330994433018724
2016-10-14 04:00:00,51.5219323587,51.7925300598,52.01333341938505
2016-10-17 04:00:00,51.7384078978,51.6121292114,51.488602371562415
2016-10-18 04:00:00,51.8917462433,52.0090065002,52.15045003970682
2016-10-19 04:00:00,51.8376252382,51.8917427063,52.09878826589166
2016-10-20 04:00:00,51.8646854917,51.6391868591,51.292218055093684
2016-10-21 04:00:00,54.3722315806,53.8129959106,53.94719457816581
2016-10-24 04:00:00,54.0655482716,55.0216636658,54.864597199431515
2016-10-25 04:00:00,54.8863712138,55.0126533508,55.272801901176166
2016-10-26 04:00:00,54.8502903566,54.6879310608,54.92398976700652
2016-10-27 04:00:00,54.6698885178,54.2098693848,54.48591797229224
2016-10-28 04:00:00,54.1286857472,54.002407074,54.218273259092896
2016-10-31 04:00:00,54.2639807716,54.0475006104,54.32074600601959
2016-11-01 04:00:00,54.0926146982,53.9392738342,53.635296901599006
2016-11-02 04:00:00,53.9573147453,53.6055374146,53.69444040570803
2016-11-03 04:00:00,53.6957348456,53.4070968628,53.50856459295421
2016-11-04 04:00:00,52.9019753701,52.9560928345,53.303290430377174
2016-11-07 05:00:00,53.921228724,54.4985046387,54.50063261750864
2016-11-08 05:00:00,54.6157712111,54.5436134338,54.53004910308938
2016-11-09 05:00:00,54.1196766364,54.2730140686,53.98476966922502
2016-11-10 05:00:00,54.5526160489,52.9470672607,52.44838484381295
2016-11-11 05:00:00,52.5231450299,53.2357215881,53.040097028009505
2016-11-14 05:00:00,53.235712235,52.423915863,52.00913928249263
2016-11-15 05:00:00,52.9687758794,53.4591407776,53.84298760936259
2016-11-16 05:00:00,53.522704846,54.1674499512,53.99141172351594
2016-11-17 05:00:00,54.8575922162,55.0664520264,54.96205942593781
2016-11-18 05:00:00,55.1935940077,54.8031158447,55.13925697986378
2016-11-21 05:00:00,54.9393231225,55.2662353516,55.26937329369147
2016-11-22 05:00:00,55.3752180597,55.5023498535,55.501177366058826
2016-11-23 05:00:00,55.4024453066,54.8485145569,54.94119454648871
2016-11-25 05:00:00,54.7577005591,54.9665603638,54.847206647945825
2016-11-28 05:00:00,54.794023313,55.0392074585,55.23566125712972
2016-11-29 05:00:00,55.0755401718,55.4750976562,55.574663229046976
2016-11-30 05:00:00,55.266229322,54.7213745117,55.06095945154642
2016-12-01 05:00:00,54.5851641709,53.7588043213,53.77346073766025
2016-12-02 05:00:00,53.6498297677,53.8042030334,53.76814047307463
2016-12-05 05:00:00,54.2128486525,54.6850547791,54.79616784333149
2016-12-06 05:00:00,54.8757583828,54.4398765564,54.470499391393815
2016-12-07 05:00:00,54.4943621893,55.7293624878,55.36736167123787
2016-12-08 05:00:00,55.6657892625,55.4024429321,55.57016850041904
2016-12-09 05:00:00,55.5568253312,56.2742156982,56.1534651749443
2016-12-12 05:00:00,56.1379926177,56.455821991,56.46130712105921
2016-12-13 05:00:00,56.755509097,57.1913909912,57.27144967874979
2016-12-14 05:00:00,57.2095408086,56.9189529419,57.229546709732304
2016-12-15 05:00:00,56.9371098327,56.8281402588,57.01036045062858
2016-12-16 05:00:00,57.1641416564,56.5738830566,56.58711680196088
2016-12-19 05:00:00,56.8099815122,57.7725524902,57.624991444664886
2016-12-20 05:00:00,57.8361279717,57.6999168396,57.46858283775107
2016-12-21 05:00:00,57.6000265976,57.6999168396,57.61434694512999
2016-12-22 05:00:00,57.9723306929,57.708984375,57.888116741170016
2016-12-23 05:00:00,57.6181840676,57.4274864197,57.24374306155087
2016-12-27 05:00:00,57.4002364605,57.4638023376,58.073048873785254
2016-12-28 05:00:00,57.5727744282,57.2004585266,57.19520619456369
2016-12-29 05:00:00,57.0824004791,57.118724823,57.283861719759
2016-12-30 05:00:00,57.1732207646,56.4285888672,56.541115026449035
2017-01-03 05:00:00,57.0188378791,56.8281402588,56.60745674641593
2017-01-04 05:00:00,56.7373391777,56.5738830566,56.71237167302378
2017-01-05 05:00:00,56.47399282,56.5738830566,56.744646766715725
2017-01-06 05:00:00,56.573886369,57.0642547607,57.039606078833806
2017-01-09 05:00:00,56.9916028021,56.8826332092,57.10979938481131
2017-01-10 05:00:00,56.9643502088,56.8644599915,56.92078608729396
2017-01-11 05:00:00,56.8553870542,57.3820762634,57.21834676795735
2017-01-12 05:00:00,57.2640212385,56.855381012,56.715737331732456
2017-01-13 05:00:00,56.8644660174,56.9371147156,56.8942353874149
2017-01-17 05:00:00,56.9189523085,56.7827377319,56.493672720669714
2017-01-18 05:00:00,56.9098626176,56.7554893494,56.56824622100489
2017-01-19 05:00:00,56.5193999924,56.5738830566,57.0748245435577
2017-01-20 05:00:00,56.9098651104,56.9734344482,56.84529252088176
2017-01-23 05:00:00,56.9370974307,57.1731987,57.19553650614235
2017-01-24 05:00:00,57.3911747494,57.6817626953,57.636397896866605
2017-01-25 05:00:00,58.0722334528,57.8270492554,57.855985355663734
2017-01-26 05:00:00,58.2266005805,58.3628082275,58.14985275880473
2017-01-27 05:00:00,59.3798740948,59.7340278625,59.42951231664909
2017-01-30 05:00:00,59.6522907537,59.1437568665,59.10374732689293
2017-01-31 05:00:00,58.8985872022,58.7078895569,58.70681375767379
2017-02-01 05:00:00,58.4445325177,57.7362251282,58.008860456251746
2017-02-02 05:00:00,57.4365631889,57.3639144897,57.226705306864694
2017-02-03 05:00:00,57.6635931237,57.8270492554,57.53615005471505
2017-02-06 05:00:00,57.6635748977,57.7907066345,57.55398087614067
2017-02-07 05:00:00,57.8815298857,57.6000213623,57.578816536533104
2017-02-08 05:00:00,57.727162774,57.5183029175,57.68959461818982
2017-02-09 05:00:00,57.681754219,58.1721191406,58.2447122478348
2017-02-10 05:00:00,58.3446519971,58.1176300049,58.2333025153894
2017-02-13 05:00:00,58.3355572292,58.7714424133,58.75384687030222
2017-02-14 05:00:00,58.8445475387,58.9907188416,58.82722815290648
2017-02-15 05:00:00,58.9267635453,58.9541702271,58.77555162215022
2017-02-16 05:00:00,59.1460256594,58.9450340271,59.33492553741282
2017-02-17 05:00:00,58.8993480387,59.0363883972,58.98679683409079
2017-02-21 05:00:00,59.0272629459,58.9176292419,59.208802723901805
2017-02-22 05:00:00,58.7714557748,58.7988624573,58.65906295164004
2017-02-23 05:00:00,58.8536655958,59.0363883972,58.959556205941844
2017-02-24 05:00:00,58.9541613941,59.0363883972,58.90823376161042
2017-02-27 05:00:00,58.9633073408,58.6800956726,58.64634083632505
2017-02-28 05:00:00,58.5430559027,58.4516944885,58.4427138679196
2017-03-01 05:00:00,58.588731537,59.3287467957,59.181990770551444
2017-03-02 05:00:00,59.1003467475,58.4791030884,58.58029249138503
2017-03-03 05:00:00,58.4608353538,58.6983680725,58.44408649395365
2017-03-06 05:00:00,58.4425628576,58.7166366577,58.80309340963909
2017-03-07 05:00:00,58.6435459046,58.8353996277,59.12750008905101
2017-03-08 05:00:00,58.7075048046,59.3744239807,59.34914475463577
2017-03-09 05:00:00,59.5571424435,59.1368904114,59.078684650827874
2017-03-10 05:00:00,59.4840538359,59.319606781,59.37560246384665
2017-03-13 04:00:00,59.3926987729,59.1186180115,59.24410597139565
2017-03-14 04:00:00,58.9541816495,58.8445549011,58.73627206944121
2017-03-15 04:00:00,58.9724279352,59.1551437378,59.06767717961838
2017-03-16 04:00:00,59.1551642438,59.0546684265,58.87641148807086
2017-03-17 04:00:00,59.3013379604,59.264793396,59.42212136578521
2017-03-20 04:00:00,59.3013379839,59.319606781,59.40979626981571
2017-03-21 04:00:00,59.5571477479,58.6618232727,59.02483937845099
2017-03-22 04:00:00,58.5795874904,59.4109535217,59.372519859429175
2017-03-23 04:00:00,59.3287446412,59.264793396,59.474192066469215
2017-03-24 04:00:00,59.7124506792,59.3652877808,59.376367331593926
2017-03-27 04:00:00,59.0455208543,59.4749107361,59.3143854058781
2017-03-28 04:00:00,59.3470111181,59.6484985352,59.535637939523085
2017-03-29 04:00:00,59.4931901022,59.8129463196,59.69633267641602
2017-03-30 04:00:00,59.7672760219,60.0322189331,60.18481754324824
2017-03-31 04:00:00,59.9773853394,60.1692390442,60.27300648368181
2017-04-03 04:00:00,60.123568958,59.8860397339,59.801333919614486
2017-04-04 04:00:00,59.7398659831,60.050491333,60.01824993953909
2017-04-05 04:00:00,60.5712284371,59.8951644897,60.00723845565639
2017-04-06 04:00:00,59.9317197418,60.050491333,60.231386715452345
2017-04-07 04:00:00,60.1601042286,60.0047950745,59.98521455116206
2017-04-10 04:00:00,59.9408488315,59.8677597046,59.96075246708677
2017-04-11 04:00:00,59.9317130583,59.8220863342,59.42290887742006
2017-04-12 04:00:00,59.7672592858,59.5936813354,59.65452004066955
2017-04-13 04:00:00,59.6485083471,59.3378829956,59.857513401369346
2017-04-17 04:00:00,59.4201030922,59.8220863342,59.781261998244
2017-04-18 04:00:00,59.6850547939,59.7398681641,59.88843125379619
2017-04-19 04:00:00,59.9773974127,59.4201049805,59.5256298995585
2017-04-20 04:00:00,59.8038179796,59.8403625488,59.82716533455873
2017-04-21 04:00:00,59.9956714678,60.6625976562,60.62809527703081
2017-04-24 04:00:00,61.6492784359,61.6949539185,61.54955952477184
2017-04-25 04:00:00,62.0329854736,62.0512542725,61.96656653749425
2017-04-26 04:00:00,62.1974306018,61.9690322876,62.07270824759415
2017-04-27 04:00:00,62.2613678626,62.3709945679,62.052031394181164
2017-04-28 04:00:00,62.9556957617,62.5445747375,62.24674431520645
2017-05-01 04:00:00,62.7455724647,63.4124984741,63.29706667247119
2017-05-02 04:00:00,63.6865813073,63.3120117188,63.305932691759786
2017-05-03 04:00:00,63.3851158966,63.1110420227,62.93482014917213
2017-05-04 04:00:00,63.0653448226,62.8643531799,62.86618074433568
2017-05-05 04:00:00,62.9465830383,63.037940979,62.78937068780661
2017-05-08 04:00:00,63.0105304628,62.9831237793,62.709674478741945
2017-05-09 04:00:00,62.9100463064,63.0744934082,63.138304094283576
2017-05-10 04:00:00,63.0287907541,63.3211402893,63.44969038493348
2017-05-11 04:00:00,62.4532168333,62.5445747375,62.59880600351322
2017-05-12 04:00:00,62.6816260717,62.471496582,62.30748404067544
2017-05-15 04:00:00,62.2522385387,62.5171813965,62.121957449439904
2017-05-16 04:00:00,62.691777422,63.7759971619,63.57693973910721
2017-05-17 04:00:00,63.2982056525,62.002658844,62.384934806566015
2017-05-18 04:00:00,61.9291313682,62.2139663696,62.319294255615006
2017-05-19 04:00:00,62.0210338928,62.1956138611,62.46446011579167
2017-05-22 04:00:00,62.3793593408,62.893901825,62.58265937912488
2017-05-23 04:00:00,63.1420168081,63.1052627563,62.965680995006736
2017-05-24 04:00:00,63.2798196617,63.1879310608,63.027240633359106
2017-05-25 04:00:00,63.3716696598,63.9689102173,64.04852704032147
2017-05-26 04:00:00,64.1343324081,64.2813415527,64.28754420758843
2017-05-30 04:00:00,64.125139528,64.6948165894,64.62423839230313
2017-05-31 04:00:00,64.805061054,64.1710662842,64.46657560687154
2017-06-01 04:00:00,64.5386011222,64.4099655151,64.26125559541008
2017-06-02 04:00:00,64.7223714211,65.9352264404,65.66107895227262
2017-06-05 04:00:00,66.1281670829,66.4130020142,66.7380934090492
2017-06-06 04:00:00,66.4314234338,66.6335601807,66.70866072813013
2017-06-07 04:00:00,66.7437989515,66.5140914917,66.3730164910655
2017-06-08 04:00:00,66.6243747746,66.1098251343,65.91892426403304
2017-06-09 04:00:00,66.1924945802,64.6121063232,63.618880912337545
2017-06-12 04:00:00,63.6289576528,64.1159362793,63.326316325725436
2017-06-13 04:00:00,64.3364616993,64.9153289795,64.93495730863239
2017-06-14 04:00:00,65.1542349843,64.5661773682,64.21321997343576
2017-06-15 04:00:00,63.6473442232,64.2262115479,64.02875179217263
2017-06-16 04:00:00,64.0700037602,64.3180847168,63.95830502296382
2017-06-19 04:00:00,64.7775154205,65.1174850464,65.04661688108794
2017-06-20 04:00:00,65.0715288462,64.2353973389,64.43961674302635
2017-06-21 04:00:00,64.5110498145,64.5661773682,64.66523547731019
2017-06-22 04:00:00,64.8142628309,64.5569915771,64.27495398403425
2017-06-23 04:00:00,64.4007937028,65.4298858643,65.17441680835738
2017-06-26 04:00:00,65.6044380254,64.8050537109,65.1533514787429
2017-06-27 04:00:00,64.4191570745,63.5922088623,63.816408177998895
2017-06-28 04:00:00,63.5922174554,64.1343307495,63.78818463873675
2017-06-29 04:00:00,63.7484106001,62.9306526184,62.8950239527082
2017-06-30 04:00:00,63.1971159844,63.334941864,63.6651682152626
2017-07-03 04:00:00,63.7024537561,62.6366081238,62.9491762074914
2017-07-05 04:00:00,62.7193417673,63.472782135,63.60608085477312
2017-07-06 04:00:00,62.7285062807,63.00415802,63.04577812402371
2017-07-07 04:00:00,63.123620953,63.8219337463,64.01289922365719
2017-07-10 04:00:00,63.8219101356,64.2997055054,64.2576968474347
2017-07-11 04:00:00,64.3180891871,64.3088989258,64.68269644039185
2017-07-12 04:00:00,64.9520873208,65.37474823,65.33756415031846
2017-07-13 04:00:00,65.6963312678,65.9444122314,66.00783490959168
2017-07-14 04:00:00,66.3762675546,66.8724365234,66.97308828168617
2017-07-17 04:00:00,66.8908269045,67.3961791992,67.36843402018637
2017-07-18 04:00:00,67.1572897511,67.3502502441,67.1112178469699
2017-07-19 04:00:00,67.5339896961,67.8647689819,67.95608115932771
2017-07-20 04:00:00,68.1587873527,68.1955413818,67.61985551518423
2017-07-21 04:00:00,67.4880549966,67.8004608154,67.94885906819098
2017-07-24 04:00:00,67.5615595695,67.6258773804,67.48136146315251
2017-07-25 04:00:00,67.8096713105,68.1680145264,68.016820498591
2017-07-26 04:00:00,68.3058222201,68.0393676758,67.99573580750396
2017-07-27 04:00:00,67.7728999688,67.2216033936,67.20571056170132
2017-07-28 04:00:00,66.7713661727,67.1113357544,67.20289434003703
2017-07-31 04:00:00,67.3502462101,66.7989425659,66.83255280076725
2017-08-01 04:00:00,67.1664556998,66.6886672974,66.99546571805818
2017-08-02 04:00:00,66.6611225037,66.3946609497,65.87828497968937
2017-08-03 04:00:00,66.330333139,66.2935791016,66.31681389330481
2017-08-04 04:00:00,66.5232616812,66.7805328369,66.93126037700185
2017-08-07 04:00:00,66.8908259388,66.5232925415,66.61468256515654
2017-08-08 04:00:00,66.2384599133,66.8816452026,66.79588980761162
2017-08-09 04:00:00,66.3854646245,66.5876083374,66.48765106394995
2017-08-10 04:00:00,66.0638721555,65.6136474609,65.91634462219791
2017-08-11 04:00:00,65.7974227568,66.6151809692,66.39820671022372
2017-08-14 04:00:00,67.1297052707,67.61668396,67.59160309164075
2017-08-15 04:00:00,67.9769361777,67.6351623535,67.61979161480778
2017-08-16 04:00:00,67.7459890864,68.0323486328,68.23667139650546
2017-08-17 04:00:00,67.9677122482,66.8777160645,67.33087677781927
2017-08-18 04:00:00,66.7576024321,66.9608230591,66.97670114864184
2017-08-21 04:00:00,66.942373736,66.6467819214,66.42000365311554
2017-08-22 04:00:00,66.8315352794,67.5797576904,67.5479345757548
2017-08-23 04:00:00,67.3950167485,67.173324585,67.26866522448287
2017-08-24 04:00:00,67.1917737706,67.1455917358,66.82748687593643
2017-08-25 04:00:00,67.3026358983,67.2656860352,67.43310637234991
2017-08-28 04:00:00,67.4873857892,67.2749328613,67.18259803629563
2017-08-29 04:00:00,66.739166208,67.4781494141,67.31430630831703
2017-08-30 04:00:00,67.4411886065,68.3649139404,68.24346762802648
2017-08-31 04:00:00,68.3833704241,69.0669250488,68.9516432776057
2017-09-01 04:00:00,69.0115125335,68.3002471924,68.27260292088002
2017-09-05 04:00:00,67.7460049752,67.9954147339,67.93618034398727
2017-09-06 04:00:00,68.1155159217,67.8014526367,68.1010966773329
2017-09-07 04:00:00,68.0600837065,68.6697387695,68.73746591580718
2017-09-08 04:00:00,68.6604987746,68.3371963501,68.43080288932126
2017-09-11 04:00:00,68.6420432736,69.057723999,69.17165556989833
2017-09-12 04:00:00,69.0577101453,68.9838104248,69.17521142556136
2017-09-13 04:00:00,69.2147314774,69.4733734131,69.20940452310467
2017-09-14 04:00:00,69.2793849302,69.0669250488,69.33435507441561
2017-09-15 04:00:00,69.1223735052,69.5657577515,69.0100623690256
2017-09-18 04:00:00,69.4918608096,69.4272003174,69.95450846991928
2017-09-19 04:00:00,69.4733844846,69.6858444214,69.75382323259522
2017-09-20 04:00:00,69.6027075141,69.2239837646,69.0113961220018
2017-09-21 04:00:00,69.381013982,68.549659729,68.76970325102496
2017-09-22 04:00:00,68.3464279347,68.7343978882,68.68676944020919
2017-09-25 04:00:00,68.4387980869,67.6721115112,67.71583941418511
2017-09-26 04:00:00,68.0508351863,67.6721115112,67.69431458150227
2017-09-27 04:00:00,67.9399963281,68.2171096802,68.16568738646822
2017-09-28 04:00:00,67.9307418533,68.2355728149,68.13512028054795
2017-09-29 04:00:00,68.3002666589,68.8083114624,68.76095638215988
2017-10-02 04:00:00,69.0115147952,68.9191436768,68.98259397194687
2017-10-03 04:00:00,68.9745641497,68.5958404541,68.82570252461733
2017-10-04 04:00:00,68.4387709253,68.9930114746,68.67233463523544
2017-10-05 04:00:00,69.4826361439,70.1754302979,70.0070569354109
2017-10-06 04:00:00,69.8982939501,70.203125,70.13199072825833
2017-10-09 04:00:00,70.1754088712,70.4710006714,70.58487639003665
2017-10-10 04:00:00,70.5079505273,70.4710006714,70.6520551548938
2017-10-11 04:00:00,70.5356584538,70.5910797119,70.36319918548246
2017-10-12 04:00:00,70.6557348019,71.2376861572,71.21786803574656
2017-10-13 04:00:00,71.6718541676,71.5794830322,71.71719232013312
2017-10-16 04:00:00,71.5148121106,71.7272720337,71.81893467038566
2017-10-17 04:00:00,71.5609943364,71.671836853,71.5739970990134
2017-10-18 04:00:00,71.7457288696,71.6903076172,71.71848025314256
2017-10-19 04:00:00,71.6533826861,71.9674530029,71.8191018689171
2017-10-20 04:00:00,72.3461513821,72.7987747192,72.81685323871328
2017-10-23 04:00:00,72.9650531126,72.8172607422,73.11728214562014
2017-10-24 04:00:00,72.8819358238,72.8449859619,72.8342501853176
2017-10-25 04:00:00,72.586348168,72.6325302124,72.59699082090631
2017-10-26 04:00:00,73.1590436075,72.7526092529,73.04577518351792
2017-10-27 04:00:00,77.9347027422,77.4174118042,78.75577129397246
2017-10-30 04:00:00,77.3158229045,77.4913330078,77.39646228582552
2017-10-31 04:00:00,77.9254682623,76.8354721069,77.03523026776801
2017-11-01 04:00:00,77.2973347652,76.8354721069,76.8147855678084
2017-11-02 04:00:00,76.9925024406,77.6391143799,77.70181176515756
2017-11-03 04:00:00,77.6668458731,77.7222671509,77.554295747069
2017-11-06 05:00:00,77.7776821552,78.02709198,78.13026562111668
2017-11-07 05:00:00,78.3042089498,77.8423461914,77.82806078838246
2017-11-08 05:00:00,77.7222664564,78.1102294922,77.90507750253144
2017-11-09 05:00:00,77.6945419917,77.6760635376,76.95143738675554
2017-11-10 05:00:00,77.398939644,77.4728393555,77.27048042032058
2017-11-13 05:00:00,77.2788565647,77.5282592773,77.40868910543085
2017-11-14 05:00:00,77.1310626453,77.6391143799,77.24416767477078
2017-11-15 05:00:00,77.4905639119,77.0356674194,77.12330791558317
2017-11-16 05:00:00,77.1470712983,77.239906311,77.33750276960399
2017-11-17 05:00:00,77.1656617494,76.4972381592,76.55910120627217
2017-11-20 05:00:00,76.4972350885,76.6179199219,76.59976444420573
2017-11-21 05:00:00,76.8128561673,77.72265625,77.6977368510445
2017-11-22 05:00:00,77.8247802345,77.1563568115,77.3405423819787
2017-11-24 05:00:00,77.0635326737,77.2956237793,77.27212836029231
2017-11-27 05:00:00,77.3420116125,77.8619003296,77.90565621739535
2017-11-28 05:00:00,78.047602831,78.7995758057,78.8144917630037
2017-11-29 05:00:00,78.6417578812,77.3698959351,77.6817988930598
2017-11-30 05:00:00,77.52770984,78.1404266357,78.21470082768197
2017-12-01 05:00:00,77.6112598809,78.2239837646,78.28013601054593
2017-12-04 05:00:00,78.3725074544,75.271774292,75.55280365666127
2017-12-05 05:00:00,75.5131557906,75.7452468872,76.29013845565103
2017-12-06 05:00:00,75.7081218252,76.8500061035,76.85567574326171
2017-12-07 05:00:00,76.6272010841,76.5807800293,76.47589713662002
2017-12-08 05:00:00,77.6391178044,78.1311569214,78.18072960220354
2017-12-11 05:00:00,78.2518317067,79.12449646,78.99081901815669
2017-12-12 05:00:00,79.1987471859,79.4494094849,79.64360362761154
2017-12-13 05:00:00,79.5979547675,79.2358932495,79.42671121465173
2017-12-14 05:00:00,79.3101641887,78.6231765747,79.01186377441914
2017-12-15 05:00:00,79.1523449681,80.6284408569,80.27586034945966
2017-12-18 05:00:00,80.8791028571,80.1921081543,80.54666711572817
2017-12-19 05:00:00,80.1642572531,79.6815109253,79.40479155027502
2017-12-20 05:00:00,80.0250106267,79.3937225342,79.01765681121685
2017-12-21 05:00:00,79.8857481393,79.3751449585,79.49887822242906
2017-12-22 05:00:00,79.2823092963,79.3844299316,79.15918448157406
2017-12-26 05:00:00,79.1987692607,79.2823257446,79.2247200603854
2017-12-27 05:00:00,79.5144069126,79.5701065063,79.50371752120176
2017-12-28 05:00:00,79.7465202784,79.5794143677,79.57958887080551
2017-12-29 05:00:00,79.4958342402,79.4122848511,79.78556588191914
2018-01-02 05:00:00,79.96001357,79.7929077148,79.68383150083667
2018-01-03 05:00:00,79.8950419544,80.1642684937,80.23845251166898
2018-01-04 05:00:00,80.3870662095,80.8698196411,81.23864556063356
2018-01-05 05:00:00,81.3804198251,81.8724517822,81.83516224388778
2018-01-08 05:00:00,81.881730436,81.9560012817,81.777375059211
2018-01-09 05:00:00,82.2995036682,81.9003067017,81.82788797664327
2018-01-10 05:00:00,81.5660966075,81.5289611816,81.54220069821795
2018-01-11 05:00:00,81.8167539372,81.7703399658,81.2079009423366
2018-01-12 05:00:00,82.3180631535,83.1814422607,83.04467174382944
2018-01-16 05:00:00,83.6456260681,82.0209884644,82.60406770921256
2018-01-17 05:00:00,82.6986981991,83.682762146,83.40542858331256
2018-01-18 05:00:00,83.3671248163,83.6456298828,83.98228152000543
2018-01-19 05:00:00,83.6827658586,83.5527954102,83.74016413394341
2018-01-22 05:00:00,83.5527952266,85.0474624634,84.62205673918076
2018-01-23 05:00:00,85.3166732788,85.3166732788,85.41876739378453
2018-01-24 05:00:00,85.9201024199,85.2423934937,85.89624245247825
2018-01-25 05:00:00,85.8458441479,85.7158737183,86.07796935861835
2018-01-26 05:00:00,86.4493026571,87.3219604492,86.80630331339277
2018-01-29 05:00:00,88.3245686431,87.1919631958,87.53520913211582
2018-01-30 05:00:00,86.616377691,86.0964889526,86.03362106986344
2018-01-31 05:00:00,87.0341470203,88.2038879395,88.1451051845161
2018-02-01 05:00:00,87.9996537157,87.5076217651,88.08264295943187
2018-02-02 05:00:00,86.9320502659,85.205291748,85.5923499272083
2018-02-05 05:00:00,84.072670574,81.6960601807,84.11730914222215
2018-02-06 05:00:00,80.6655739494,84.7875137329,82.82090129510183
2018-02-07 05:00:00,84.0076775809,83.1907196045,84.02333355650745
2018-02-08 05:00:00,83.2835834038,78.9202728271,79.62427510896254
2018-02-09 05:00:00,80.1178518872,81.8631744385,80.19168032015475
2018-02-12 05:00:00,82.3830176547,82.7450790405,82.59699298056373
2018-02-13 05:00:00,82.5594217395,83.3949508667,82.54516331161753
2018-02-14 05:00:00,82.5555262775,84.7007904053,84.38501998192912
2018-02-15 05:00:00,85.0738745984,86.4263305664,85.80944435897533
2018-02-16 05:00:00,86.2304688641,85.8107452393,86.5827142346447
2018-02-20 05:00:00,85.3257072521,86.4822845459,86.20725475820196
2018-02-21 05:00:00,86.7247875696,85.3350219727,85.92570873048956
2018-02-22 05:00:00,85.8573630952,85.5588912964,85.90621591262621
2018-02-23 05:00:00,87.3031019868,87.7321548462,86.76726664893016
2018-02-26 05:00:00,88.0492642536,89.0006408691,88.79667373908644
2018-02-27 05:00:00,89.2991221837,87.8627243042,88.25834627401758
2018-02-28 05:00:00,88.4596550897,87.4616394043,88.24228792578167
2018-03-01 05:00:00,87.6668601808,86.603553772,86.49688402634456
2018-03-02 05:00:00,85.4189926403,86.7901000977,86.09681002088472
2018-03-05 05:00:00,86.1278624249,87.3404083252,87.57374834453576
2018-03-06 05:00:00,87.9933078976,87.0419311523,87.0977212477473
2018-03-07 05:00:00,86.8926657103,87.5455703735,86.98468390688427
2018-03-08 05:00:00,87.9280005441,88.0772399902,88.23872964580177
2018-03-09 05:00:00,88.8793816322,90.0452880859,89.66449355899097
2018-03-12 04:00:00,90.0079863451,90.2598190308,90.26457309166098
2018-03-13 04:00:00,90.4743643949,88.0586090088,88.3665319556624
2018-03-14 04:00:00,88.7208430195,87.536277771,87.7559164466351
2018-03-15 04:00:00,87.2377824032,87.8440551758,87.55192077956197
2018-03-16 04:00:00,88.3104290558,88.2358093262,88.32184812765206
2018-03-19 04:00:00,87.4336689758,86.6408538818,86.36396741479533
2018-03-20 04:00:00,86.7900800825,86.864692688,87.37244569391959
2018-03-21 04:00:00,86.6781769782,86.2584533691,87.02729103202128
2018-03-22 04:00:00,85.1298188455,83.7493896484,84.30791378172604
2018-03-23 04:00:00,83.478901635,81.3149795532,82.37055924402084
2018-03-26 04:00:00,84.5142329088,87.4709701538,86.92733411167862
2018-03-27 04:00:00,88.5529520891,83.4509429932,83.74098380257846
2018-03-28 04:00:00,83.7773997433,83.3763275146,84.15508094437334
2018-03-29 04:00:00,84.1131773888,85.1298446655,84.35249687752741
2018-04-02 04:00:00,84.3836608684,82.5648422241,82.44835464424897
2018-04-03 04:00:00,83.5535224596,83.6747741699,82.65951514881006
2018-04-04 04:00:00,81.9399177199,86.1185302734,85.53605739071284
2018-04-05 04:00:00,86.2211371244,86.1651687622,85.95862181826902
2018-04-06 04:00:00,85.335049501,84.1598205566,84.55852661205634
2018-04-09 04:00:00,84.9153148606,84.6634750366,86.23926088103318
2018-04-10 04:00:00,86.1744973179,86.6315307617,86.33066064427749
2018-04-11 04:00:00,85.8200478378,85.6801376343,86.43489174954173
2018-04-12 04:00:00,86.2118110576,87.2844467163,87.57392037737475
2018-04-13 04:00:00,87.7228295223,86.8180847168,86.6471712045413
2018-04-16 04:00:00,87.7414761997,87.8347473145,87.75797204463457
2018-04-17 04:00:00,88.608917648,89.6069335938,89.74012936816301
2018-04-18 04:00:00,89.7468408954,89.952041626,89.66037249375654
2018-04-19 04:00:00,89.9520271205,89.6442260742,89.64677930729967
2018-04-20 04:00:00,89.4577085091,88.6089248657,88.23896872875576
2018-04-23 04:00:00,89.2991260993,88.9353637695,88.92654815254896
2018-04-24 04:00:00,89.7654911714,86.8553924561,87.02066278367046
2018-04-25 04:00:00,87.0232487964,86.0998458862,84.74306636472389
2018-04-26 04:00:00,87.2564518255,87.9186859131,88.17069030994985
2018-04-27 04:00:00,91.0339833334,89.3737335205,88.4520708136235
2018-04-30 04:00:00,89.8494092925,87.2284469604,87.4981879182362
2018-05-01 04:00:00,86.9393453222,88.6089248657,88.22901094127789
2018-05-02 04:00:00,88.5996072187,87.2191772461,87.41234028645466
2018-05-03 04:00:00,86.7061522045,87.7414779663,87.8440783625925
2018-05-04 04:00:00,87.0419298399,88.7581481934,88.32542252584943
2018-05-07 04:00:00,88.7674693429,89.7468338013,89.93817320866889
2018-05-08 04:00:00,89.401720267,89.3644104004,89.10468730925193
2018-05-09 04:00:00,89.5509611524,90.4183959961,89.5974356838884
2018-05-10 04:00:00,90.9033895426,91.3231201172,91.03891123871631
2018-05-11 04:00:00,91.2205594346,91.127281189,90.77315587019632
2018-05-14 04:00:00,91.3324506222,91.4350509644,91.5167363141421
2018-05-15 04:00:00,90.6982074155,90.7728271484,90.5363825083667
2018-05-16 04:00:00,91.2037394792,91.007019043,90.7476335454394
2018-05-17 04:00:00,90.6416853797,90.0983581543,90.58026726137825
2018-05-18 04:00:00,89.9391079946,90.2669754028,90.71420517485066
2018-05-21 04:00:00,90.8665065432,91.428565979,91.55115042144479
2018-05-22 04:00:00,91.503518465,91.3348999023,91.58464856132818
2018-05-23 04:00:00,90.5948298411,92.4215316772,91.87348939895512
2018-05-24 04:00:00,92.4871217572,92.0936737061,91.22628204330567
2018-05-25 04:00:00,92.0843143851,92.1405181885,92.33773743272509
2018-05-29 04:00:00,91.6534041796,91.8126602173,92.03742542053277
2018-05-30 04:00:00,92.093668155,92.6931991577,92.57029825530088
2018-05-31 04:00:00,93.0117064928,92.5901565552,93.09150529297482
2018-06-01 04:00:00,93.0023330682,94.4168548584,94.18062946221067
2018-06-04 04:00:00,94.8571397332,95.2412109375,95.0785814023642
2018-06-05 04:00:00,95.5503519123,95.7283401489,95.52627571093625
2018-06-06 04:00:00,95.9999987318,96.0093612671,95.7348513504368
2018-06-07 04:00:00,96.1592431426,94.501159668,94.5011833137457
2018-06-08 04:00:00,94.6978873305,95.203742981,95.00023698012112
2018-06-11 04:00:00,94.6229364429,94.66040802,94.8846176942432
2018-06-12 04:00:00,94.707271219,94.9039916992,94.79166449969611
2018-06-13 04:00:00,95.2880668109,94.4730758667,94.68948680482389
2018-06-14 04:00:00,95.2224788508,95.007019043,95.09275904831239
2018-06-15 04:00:00,95.0913362256,93.7985916138,94.07249838552173
2018-06-18 04:00:00,93.6861931927,94.4824447632,94.13262590493513
2018-06-19 04:00:00,93.3489560564,94.4824447632,94.32658252294593
2018-06-20 04:00:00,94.9601743515,95.4285583496,95.71337693105018
2018-06-21 04:00:00,95.6252924175,94.7447280884,95.06185894585411
2018-06-22 04:00:00,94.0608901978,94.0608901978,93.81241716750097
2018-06-25 04:00:00,93.6767990258,92.1686019897,91.72792494182349
2018-06-26 04:00:00,92.5714254699,92.8149871826,93.54496035276429
2018-06-27 04:00:00,93.2833601991,91.3723526001,91.98771592745564
2018-06-28 04:00:00,91.2224800567,92.3934402466,92.50131705576813
2018-06-29 04:00:00,92.6744756124,92.374710083,93.0233842095484
2018-07-02 04:00:00,91.8969645723,93.6861953735,93.36188744516467
2018-07-03 04:00:00,94.1264513839,92.7868728638,93.1233278418573
2018-07-05 04:00:00,93.2084341211,93.4519958496,93.24789901503695
2018-07-06 04:00:00,93.5737663738,94.7634658813,94.63642420241747
2018-07-09 04:00:00,95.2224774275,95.409828186,95.45224925990368
2018-07-10 04:00:00,95.5503431322,95.6627578735,95.9194357305163
2018-07-11 04:00:00,94.7540818199,95.5316009521,95.6944034531985
2018-07-12 04:00:00,96.271629006,97.6018447876,97.5532977736981
2018-07-13 04:00:00,97.770493934,98.7634658813,98.56230620234493
2018-07-16 04:00:00,98.7353433348,98.2763290405,98.45770399718468
2018-07-17 04:00:00,97.9953139789,99.250579834,99.2659011591106
2018-07-18 04:00:00,99.2412331946,98.4730834961,98.46733285478577
2018-07-19 04:00:00,98.295077566,97.7985916138,97.8611291937413
2018-07-20 04:00:00,101.245909315,99.5503540039,99.86599738711925
2018-07-23 04:00:00,99.5784442619,101.1428451538,100.90879061486754
2018-07-24 04:00:00,101.7049103774,100.8524551392,100.96606561641237
2018-07-25 04:00:00,101.1334718778,103.8219985962,103.31058065867956
2018-07-26 04:00:00,103.7377057507,102.6885299683,103.06390789103173
2018-07-27 04:00:00,103.2131210731,100.8712005615,100.13666416026825
2018-07-30 04:00:00,100.4121700762,98.7072525024,98.85394250496334
2018-07-31 04:00:00,99.7564237693,99.3723526001,99.15841179523483
2018-08-01 04:00:00,99.3255460739,99.5597381592,99.26175908138217
2018-08-02 04:00:00,98.7353501939,100.7681350708,100.38323186720126
2018-08-03 04:00:00,100.9835974716,101.2084197998,100.50440497847418
2018-08-06 04:00:00,101.2833925896,101.292755127,101.1729627239799
2018-08-07 04:00:00,101.69553481,101.995300293,101.89667843757647
2018-08-08 04:00:00,102.4168779934,102.5667572021,102.38834249980152
2018-08-09 04:00:00,102.7728307748,102.7353591919,103.12997178271769
2018-08-10 04:00:00,102.5011679535,102.1077270508,101.99115682034493
2018-08-13 04:00:00,102.3325303818,101.3676605225,101.794963705248
2018-08-14 04:00:00,101.6955408763,102.63230896,102.27308657641568
2018-08-15 04:00:00,102.0210665904,101.240562439,101.17898519921604
2018-08-16 04:00:00,101.8424056471,101.2217559814,101.57545423125782
2018-08-17 04:00:00,100.9584609993,101.1653442383,100.93718365043728
2018-08-20 04:00:00,101.0995035532,100.4976654053,100.68213179232275
2018-08-21 04:00:00,100.5446741494,99.6607284546,100.12453605428391
2018-08-22 04:00:00,99.5384876464,100.6763381958,100.69381243384197
2018-08-23 04:00:00,100.7609657036,101.1465148926,101.41101766711247
2018-08-24 04:00:00,101.2499716125,101.9364471436,101.93175256605727
2018-08-27 04:00:00,102.7545631626,103.0648880005,102.53833592905639
2018-08-28 04:00:00,103.3846201428,103.6855392456,103.79310310497394
2018-08-29 04:00:00,103.8641909068,105.3405761719,105.0040677951642
2018-08-30 04:00:00,105.0114540859,105.2747573853,105.63960376049089
2018-08-31 04:00:00,105.030264808,105.6321029663,105.81694252378598
2018-09-04 04:00:00,104.2403508709,105.0490722656,104.67635778039411
2018-09-05 04:00:00,104.3908165426,102.0210723877,102.50229389787353
2018-09-06 04:00:00,101.7953761652,102.2561569214,101.8675777626459
2018-09-07 04:00:00,101.7765553099,101.7577438354,101.4577400936249
2018-09-10 04:00:00,102.3501994006,102.858001709,102.6734969753885
2018-09-11 04:00:00,102.4066318343,104.6071014404,104.50066703815016
2018-09-12 04:00:00,104.7857689603,105.0490722656,104.48214310833832
2018-09-13 04:00:00,105.4346479359,106.1775436401,106.74122988027673
2018-09-14 04:00:00,106.6007016814,106.6101074219,106.26224586344681
2018-09-17 04:00:00,106.9110344351,105.453453064,105.58545930467324
2018-09-18 04:00:00,105.5004479519,106.4596252441,106.3606596652708
2018-09-19 04:00:00,106.30917456,105.0396652222,105.03258810931273
2018-09-20 04:00:00,105.5850747594,106.7981567383,106.54789127853618
2018-09-21 04:00:00,107.2025453305,107.4470443726,107.88618201386586
2018-09-24 04:00:00,106.2903692719,107.8325805664,107.1484148827575
2018-09-25 04:00:00,107.9548229341,107.6256866455,107.46315944656382
2018-09-26 04:00:00,107.64451956,107.1837387085,107.6206209635944
2018-09-27 04:00:00,107.9360147879,107.5880813599,107.69103402248223
2018-09-28 04:00:00,107.381208626,107.5504760742,107.37598546786094
2018-10-01 04:00:00,107.9078008694,108.7165222168,108.6984114143285
2018-10-02 04:00:00,108.4250081885,108.2839508057,108.26202542287527
2018-10-03 04:00:00,108.5378505144,108.3027572632,108.83098158860173
2018-10-04 04:00:00,107.7761607489,106.0646820068,105.643844277503
2018-10-05 04:00:00,105.9142249646,105.4440383911,104.85277064015072
2018-10-08 04:00:00,105.0020404777,104.2403335571,103.55220866148797
2018-10-09 04:00:00,104.5130561919,105.5662765503,105.79323927773791
2018-10-10 04:00:00,104.6071072413,99.8300170898,100.5949970012436
2018-10-11 04:00:00,99.0682958998,99.594909668,100.9133697821082
2018-10-12 04:00:00,102.5100678889,103.0366744995,102.77407016180507
2018-10-15 04:00:00,102.4160444154,101.1841506958,101.39639357992978
2018-10-16 04:00:00,103.0084799556,104.3814239502,104.03696515506397
2018-10-17 04:00:00,105.0208589595,104.1086959839,103.54407734660909
2018-10-18 04:00:00,103.535074928,102.0304794312,102.16752356474359
2018-10-19 04:00:00,102.434843935,102.1809463501,103.40401406219942
2018-10-22 04:00:00,102.8015957409,103.0931091309,102.96065431739353
2018-10-23 04:00:00,101.3440025577,101.6543273926,100.23443108167965
2018-10-24 04:00:00,101.9458388375,96.218963623,96.71169976777236
2018-10-25 04:00:00,100.196761846,101.842414856,102.00129983899166
2018-10-26 04:00:00,99.3880276892,100.5822982788,101.02312851849612
2018-10-29 04:00:00,101.6637288486,97.6577377319,97.07599736041726
2018-10-30 04:00:00,97.479080785,97.5449066162,95.3044977742216
2018-10-31 04:00:00,99.1529470408,100.4412536621,101.21881598947664
2018-11-01 04:00:00,100.6669583243,99.6043319702,99.77197784841397
2018-11-02 04:00:00,100.130936211,99.8300170898,99.67285662246874
2018-11-05 05:00:00,100.0274930216,101.0995178223,100.77763022442232
2018-11-06 05:00:00,100.9772588626,101.2969894409,101.2958528403696
2018-11-07 05:00:00,102.9144349884,105.2841720581,105.06667862367152
2018-11-08 05:00:00,105.1337219672,105.0867004395,104.84688322029746
2018-11-09 05:00:00,104.2403508521,103.0366744995,103.14204753963372
2018-11-12 05:00:00,102.895612258,100.4976654053,100.77657921559863
2018-11-13 05:00:00,101.1371276033,100.5634994507,101.40672881506077
2018-11-14 05:00:00,102.0934783521,99.1373977661,99.43478961440297
2018-11-15 05:00:00,99.1562877171,101.3190460205,100.49258635752376
2018-11-16 05:00:00,101.1301450942,102.2729110718,102.35507201666464
2018-11-19 05:00:00,102.2540383951,98.806854248,98.8246018464363
2018-11-20 05:00:00,96.1435432918,96.0585403442,95.16735798977817
2018-11-21 05:00:00,97.843523977,97.3807525635,97.48427500451041
2018-11-23 05:00:00,96.4929859289,97.3429794312,97.68107603469821
2018-11-26 05:00:00,98.9673947375,100.5540466309,100.27518487294472
2018-11-27 05:00:00,100.3651670554,101.1868286133,100.5379632616175
2018-11-28 05:00:00,101.8951561856,104.9456863403,104.53848274396493
2018-11-29 05:00:00,104.1995879695,104.0673675537,103.8659230937303
2018-11-30 05:00:00,104.549017151,104.7284622192,103.7975823921871
2018-12-03 05:00:00,106.7212180759,105.8617782593,105.34362399796328
2018-12-04 05:00:00,105.7201021431,102.4901275635,103.38734037155233
2018-12-06 05:00:00,99.9401742592,103.1229248047,101.93755477455633
2018-12-07 05:00:00,102.3579313468,98.9957427979,100.0175268837095
2018-12-10 05:00:00,98.976855019,101.6118240356,100.72313988165537
2018-12-11 05:00:00,103.6990480099,102.5562744141,102.78861131935831
2018-12-12 05:00:00,104.7284847104,103.0190582275,103.65307756970059
2018-12-13 05:00:00,103.4912428342,103.3684616089,103.80679643014952
2018-12-14 05:00:00,102.2351521821,100.1385040283,100.90856346275268
2018-12-17 05:00:00,99.5529552654,97.1729736328,97.0064144697038
2018-12-18 05:00:00,97.9852009047,98.1929779053,97.67757537972928
2018-12-19 05:00:00,97.8907419176,97.9285202026,98.56658506352689
2018-12-20 05:00:00,97.3240756169,95.869644165,94.96762658651815
2018-12-21 05:00:00,95.9829947716,92.7719192505,93.78628174049413
2018-12-24 05:00:00,92.2524684554,88.8997192383,89.62296044763883
2018-12-26 05:00:00,89.8535744778,94.9724121094,93.13502640405046
2018-12-27 05:00:00,93.7824472669,95.5579833984,92.98026170860689
2018-12-28 05:00:00,96.4174117748,94.8118743896,94.71450990932755
2018-12-31 05:00:00,95.661866907,95.9263076782,95.91397257286127
2019-01-02 05:00:00,94.0185639567,95.5013275146,95.2695918101229
2019-01-03 05:00:00,94.5380027344,91.98802948,92.39932843455283
2019-01-04 05:00:00,94.1791249649,96.2663269043,95.72545150708359
2019-01-07 05:00:00,95.9924378816,96.3890991211,96.78251348519571
2019-01-08 05:00:00,97.3146294089,97.0879669189,97.05292627874854
2019-01-09 05:00:00,98.0890654286,98.4762802124,98.46023586310648
2019-01-10 05:00:00,97.4846458061,97.8435287476,97.3159339542342
2019-01-11 05:00:00,97.4562961672,97.0879669189,96.51442662779098
2019-01-14 05:00:00,96.2379871524,96.3796539307,96.55389646185323
2019-01-15 05:00:00,96.814089667,99.1751785278,98.30513896190925
2019-01-16 05:00:00,99.4112847759,99.5246124268,100.02385599572293
2019-01-17 05:00:00,99.1657327033,100.2235031128,100.29385452220461
2019-01-18 05:00:00,101.4890421772,101.725151062,100.69314129891384
2019-01-22 05:00:00,100.8184909616,99.8079452515,99.68431252232963
2019-01-23 05:00:00,100.2234948434,100.780708313,100.39555672200603
2019-01-24 05:00:00,100.9223726027,100.299041748,99.92676780844738
2019-01-25 05:00:00,101.2812591213,101.2151489258,101.03961140392383
2019-01-28 05:00:00,100.3557291602,99.2412948608,99.35522456853207
2019-01-29 05:00:00,99.0524074586,97.2202072144,97.07031989180801
2019-01-30 05:00:00,98.8068537302,100.4690551758,99.99133905516075
2019-01-31 05:00:00,98.0324266326,98.6274185181,98.70072873073352
2019-02-01 05:00:00,98.0135120089,97.0690765381,97.21982383449179
2019-02-04 05:00:00,97.154068619,99.8645935059,99.35711362944313
2019-02-05 05:00:00,100.1668186988,101.2623672485,101.09549890407405
2019-02-06 05:00:00,101.0546076996,100.1385040283,99.99493843614258
2019-02-07 05:00:00,99.3451583496,99.4207077026,99.03431257033274
2019-02-08 05:00:00,98.5896086696,99.7984848022,99.6262779205045
2019-02-11 05:00:00,100.2990433891,99.4018325806,99.71183770866911
2019-02-12 05:00:00,100.2423874576,100.9507141113,100.56942867493102
2019-02-13 05:00:00,101.5268307404,100.8751678467,101.21697078353965
2019-02-14 05:00:00,100.4029537684,100.9601745605,100.7232890952981
2019-02-15 05:00:00,101.9140296935,102.2068023682,101.87737346251016
2019-02-19 05:00:00,101.8006935547,102.159576416,102.55032778064773
2019-02-20 05:00:00,102.3018605662,101.6284484863,101.2184431349511
2019-02-21 05:00:00,101.3913214475,103.7719802856,103.4031580780644
2019-02-22 05:00:00,104.3790048959,105.2515945435,105.16750351538144
2019-02-25 05:00:00,106.0008829638,105.8396377563,106.0308023874262
2019-02-26 05:00:00,105.5266472505,106.5699615479,107.04773084642854
2019-02-27 05:00:00,105.934501824,106.3897628784,105.90309807703429
2019-02-28 05:00:00,106.2664676121,106.256980896,106.76195991045432
2019-03-01 05:00:00,107.072658199,106.7312088013,106.31196731576176
2019-03-04 05:00:00,107.195951697,106.4751205444,105.71073805642013
2019-03-05 05:00:00,106.4656381657,105.943977356,105.87155225937474
2019-03-06 05:00:00,106.1052281853,105.9914093018,106.45931144491811
2019-03-07 05:00:00,105.6594557247,104.701499939,104.66423193872924
2019-03-08 05:00:00,103.5348684222,104.8152999878,104.51692570059156
2019-03-11 04:00:00,105.2705755521,107.0157623291,106.8403855819151
2019-03-12 04:00:00,107.0062595326,107.7650375366,107.8607684959633
2019-03-13 04:00:00,108.248772396,108.5997085571,108.7370374222726
2019-03-14 04:00:00,108.6376242336,108.685043335,109.08155212941311
2019-03-15 04:00:00,109.3964003825,109.9370346069,110.34232388599139
2019-03-18 04:00:00,110.1836470191,111.511505127,111.28336736230773
2019-03-19 04:00:00,112.0047085534,111.587387085,111.50995939315993
2019-03-20 04:00:00,111.3407671958,111.4640655518,111.93455731767853
2019-03-21 04:00:00,111.1036543326,114.0249404907,113.93182567881294
2019-03-22 04:00:00,113.3420257805,111.0182800293,111.56781114801021
2019-03-25 04:00:00,110.5535260179,111.5968475342,111.56523114229523
2019-03-26 04:00:00,112.5073734773,111.8339614868,111.2836776206849
2019-03-27 04:00:00,111.8055325813,110.7527313232,110.28850446796275
2019-03-28 04:00:00,111.3882088572,110.9044876099,110.56816925190557
2019-03-29 04:00:00,111.9857327502,111.8624343872,111.40834512133
2019-04-01 04:00:00,112.8203719933,112.8867645264,112.38464271783494
2019-04-02 04:00:00,112.9247214323,113.0480270386,112.93090126465623
2019-04-03 04:00:00,113.6834867473,113.7878189087,113.6666097815797
2019-04-04 04:00:00,113.9111163818,113.2092514038,112.75890873117311
2019-04-05 04:00:00,113.2377024961,113.7119369507,113.973280880745
2019-04-08 04:00:00,113.6360361889,113.7498550415,112.98280652751222
2019-04-09 04:00:00,112.5168859759,113.133392334,113.27986152932425
2019-04-10 04:00:00,113.5886561246,113.9964981079,113.97824103813313
2019-04-11 04:00:00,114.3284500755,114.1292724609,114.19026814607359
2019-04-12 04:00:00,114.4233154468,114.717338562,114.58739479436602
2019-04-15 04:00:00,114.7078321478,114.8121643066,115.01616181637479
2019-04-16 04:00:00,115.3717556254,114.546585083,114.27561515319445
2019-04-17 04:00:00,114.9923763833,115.4950637817,115.01489677080136
2019-04-18 04:00:00,115.8934253485,117.0126190186,116.30238384941981
2019-04-22 04:00:00,116.3012609693,117.3825149536,117.41942102278865
2019-04-23 04:00:00,117.704992394,118.975944519,118.72360159941772
2019-04-24 04:00:00,119.3078968875,118.5680923462,118.46954600779233
2019-04-25 04:00:00,123.3578841867,122.4947738647,123.4890336098058
2019-04-26 04:00:00,123.0163981129,123.1966094971,123.22114264822719
2019-04-29 04:00:00,123.2061158343,123.082824707,123.11206150678588
2019-04-30 04:00:00,123.120787877,123.8700866699,123.58569512117941
2019-05-01 04:00:00,123.8036355028,121.2901916504,121.76849416930446
2019-05-02 04:00:00,121.3850624464,119.7062683105,119.56816718172071
2019-05-03 04:00:00,120.7969937284,122.2576293945,122.38739156934703
2019-05-06 04:00:00,119.8769723814,121.5462722778,121.40501925306378
2019-05-07 04:00:00,119.9433742854,119.0518112183,118.82293901211455
2019-05-08 04:00:00,118.9759506008,119.0423431396,119.24996644609769
2019-05-09 04:00:00,117.8852056218,119.0328521729,118.5592626382376
2019-05-10 04:00:00,118.4732773815,120.5788726807,119.98646336244387
2019-05-13 04:00:00,117.714467797,116.9936294556,118.06380104962003
2019-05-14 04:00:00,117.4868672836,118.3025512695,118.98060198510288
2019-05-15 04:00:00,118.2930189132,119.96849823,119.8094117212414
2019-05-16 04:00:00,120.6634526862,122.7387619019,122.53408792437182
2019-05-17 04:00:00,122.1485403454,121.9200744629,123.58123298364586
2019-05-20 04:00:00,120.4444869961,120.1588973999,120.7694731806732
2019-05-21 04:00:00,121.3107920527,120.8062438965,120.83813897202461
2019-05-22 04:00:00,120.539693986,121.5392684937,121.80618611289842
2019-05-23 04:00:00,120.1398554933,120.1208190918,119.1689495221498
2019-05-24 04:00:00,120.815749411,120.1779174805,120.57736007393748
2019-05-28 04:00:00,120.8824069545,120.1017837524,121.03407666654702
2019-05-29 04:00:00,119.3592195486,118.9403533936,118.42374322106332
2019-05-30 04:00:00,119.2449816998,119.6924133301,119.36627742136056
2019-05-31 04:00:00,118.2644517718,117.7408599854,117.95722960843196
2019-06-03 04:00:00,117.9026996072,114.0852584839,114.53955409324358
2019-06-04 04:00:00,115.456122724,117.2458496094,116.575977124588
2019-06-05 04:00:00,118.9498812442,119.7876281738,119.17679901517393
2019-06-06 04:00:00,120.3683382525,121.6820678711,120.97355280875385
2019-06-07 04:00:00,122.9862890518,125.0901565552,124.66826951984729
2019-06-10 04:00:00,126.0421134857,126.2325210571,127.11941661880064
2019-06-11 04:00:00,127.4510844831,125.7565612793,125.7764975259275
2019-06-12 04:00:00,125.0901149335,125.1758041382,125.10232611498088
2019-06-13 04:00:00,125.6422506827,125.9659347534,126.20873388927593
2019-06-14 04:00:00,125.9088508119,126.0897293091,126.69715224025227
2019-06-17 04:00:00,126.2610756884,126.4705123901,127.14491395971686
2019-06-18 04:00:00,127.7461949629,128.6696166992,128.1771967276012
2019-06-19 04:00:00,128.5172497745,129.174118042,128.4019969874065
2019-06-20 04:00:00,130.8496625379,130.3736724854,129.76474962143976
2019-06-21 04:00:00,130.0213981501,130.3926696777,130.93111716317503
2019-06-24 04:00:00,130.4212295186,131.163772583,131.61492272655775
2019-06-25 04:00:00,130.6592291549,127.0226593018,127.43314391223258
2019-06-26 04:00:00,127.8985321688,127.4986877441,128.4800511763222
2019-06-27 04:00:00,127.6985847955,127.7080993652,127.76201661310381
2019-06-28 04:00:00,128.1078916239,127.5271835327,127.14162360665654
2019-07-01 04:00:00,130.0690196096,129.1646270752,128.9344697557975
2019-07-02 04:00:00,129.5834909639,130.0214080811,129.45393161409046
2019-07-03 04:00:00,130.2308511666,130.859161377,130.6706589776967
2019-07-05 04:00:00,129.4121350612,130.4783477783,130.4206468668225
2019-07-08 04:00:00,129.8500425473,130.3831634521,129.69249807601435
2019-07-09 04:00:00,129.46926365,129.9071807861,130.179342944745
2019-07-10 04:00:00,130.5450115256,131.2304382324,131.68805214493102
2019-07-11 04:00:00,131.5636199857,131.7540130615,132.2093395689007
2019-07-12 04:00:00,132.1823931025,132.2299804688,131.8654779424608
2019-07-15 04:00:00,132.7440576645,132.2299804688,132.1806936591677
2019-07-16 04:00:00,132.2871483284,130.4974212646,130.5444574741172
2019-07-17 04:00:00,131.0876119458,129.7262878418,130.21851641094497
2019-07-18 04:00:00,129.0408315082,129.8690490723,129.27974768275442
2019-07-19 04:00:00,133.4865962719,130.059463501,130.9479452254927
2019-07-22 04:00:00,130.8115381316,131.7825469971,132.2261099953218
2019-07-23 04:00:00,133.048719604,132.6012878418,131.98140167082988
2019-07-24 04:00:00,132.2299904725,133.962600708,133.71527223330568
2019-07-25 04:00:00,133.6865041646,133.4580383301,133.0799023328048
2019-07-26 04:00:00,133.6293891748,134.5528106689,134.70334204973125
2019-07-29 04:00:00,134.7051373421,134.2577056885,133.15410165431342
2019-07-30 04:00:00,133.4104599136,133.6103820801,134.09528980693096
2019-07-31 04:00:00,133.5913233992,129.7262878418,129.64827757483405
2019-08-01 04:00:00,130.4212169675,131.4303131104,133.46103321789167
2019-08-02 04:00:00,131.4588620991,130.3260040283,129.50716980557672
2019-08-05 04:00:00,126.8989293714,125.8612747192,125.49007103856144
2019-08-06 04:00:00,127.3749064856,128.2221679688,128.45113510386267
2019-08-07 04:00:00,127.3653735758,128.7838287354,127.3275344617114
2019-08-08 04:00:00,130.0404618932,132.220489502,131.43762516827354
2019-08-09 04:00:00,131.9539134137,131.0971374512,130.9527659395958
2019-08-12 04:00:00,130.4878650122,129.269317627,129.75666123939408
2019-08-13 04:00:00,129.5168307671,131.9443817139,130.87813777580715
2019-08-14 04:00:00,130.2442158834,127.970954895,128.64474234377502
2019-08-15 04:00:00,128.3625651526,127.6844024658,126.92554503441568
2019-08-16 04:00:00,128.8306292194,130.0245666504,130.03239486499697
2019-08-19 04:00:00,131.6674194138,132.2023010254,131.56735563386553
2019-08-20 04:00:00,132.0112706178,131.1038665771,131.75328820628476
2019-08-21 04:00:00,132.3360351689,132.5652618408,132.7471346291258
2019-08-22 04:00:00,132.4410920172,131.6005554199,131.08676712043527
2019-08-23 04:00:00,131.037020442,127.4074478149,128.5209738449204
2019-08-26 04:00:00,128.9357154159,129.3750762939,128.63007243028557
2019-08-27 04:00:00,130.2728801119,129.6520385742,129.27335151217423
2019-08-28 04:00:00,128.8305924987,129.4800872803,128.5645895910873
2019-08-29 04:00:00,131.0943020982,131.92527771,131.86082182385297
2019-08-30 04:00:00,132.9090776434,131.676940918,130.7615914919324
2019-09-03 04:00:00,130.4830104791,129.9385681152,130.33913112438546
2019-09-04 04:00:00,131.1420741987,131.4572753906,130.92113606874963
2019-09-05 04:00:00,132.8708946129,133.768737793,133.6915835707799
2019-09-06 04:00:00,133.7496564262,132.8613739014,132.53849907654876
2019-09-09 04:00:00,133.3293248813,131.3521728516,131.0787954653333
2019-09-10 04:00:00,130.6645311085,129.9768218994,129.03435234017596
2019-09-11 04:00:00,129.8144108376,130.0149841309,129.5693533305551
2019-09-12 04:00:00,131.6673739584,131.3521728516,131.45351956506752
2019-09-13 04:00:00,131.6005699585,131.1612091064,130.98361075350283
2019-09-16 04:00:00,129.737986061,130.2155609131,130.39926924794923
2019-09-17 04:00:00,130.8173351462,131.2280426025,130.9571751136845
2019-09-18 04:00:00,131.1993804937,132.3073577881,131.66177367674476
2019-09-19 04:00:00,134.0075419266,134.7430114746,135.527310746531
2019-09-20 04:00:00,134.6857047246,133.186126709,133.0952849577681
2019-09-23 04:00:00,132.9855113814,132.8995513916,132.7984444023029
2019-09-24 04:00:00,134.0648018833,131.218460083,131.66115757119053
2019-09-25 04:00:00,131.3331009186,133.1096801758,132.1446439753949
2019-09-26 04:00:00,133.1860947137,133.2816009521,133.08569575273413
2019-09-27 04:00:00,133.8642564854,131.5527954102,131.35410394817305
2019-09-30 04:00:00,131.8584517711,132.7944946289,132.6671864559456
2019-10-01 04:00:00,133.3962128061,130.92237854,131.84717326581116
2019-10-02 04:00:00,130.1391925443,128.6109466553,128.22506744137763
2019-10-03 04:00:00,128.8974349342,130.1677856445,129.0008650951845
2019-10-04 04:00:00,130.6167272272,131.92527771,131.62366368470234
2019-10-07 04:00:00,130.989260888,130.9701538086,131.82002044414327
2019-10-08 04:00:00,130.9319238896,129.5851593018,130.41349113962042
2019-10-09 04:00:00,131.294901295,132.0399169922,131.97847503261036
2019-10-10 04:00:00,132.2787318049,132.8613739014,133.11962288646237
2019-10-11 04:00:00,133.8356125678,133.4153442383,134.16961362858467
2019-10-14 04:00:00,133.4248733386,133.2911529541,133.88765005791248
2019-10-15 04:00:00,133.778250061,135.2205352783,135.0261628203741
2019-10-16 04:00:00,134.4755110385,134.1125640869,133.76161577661375
2019-10-17 04:00:00,134.6283337177,133.4248504639,133.57819667004176
2019-10-18 04:00:00,133.4917400473,131.2471466064,131.24516734185931
2019-10-21 04:00:00,132.2405273708,132.2214202881,131.2663622813963
2019-10-22 04:00:00,132.7371796919,130.2537841797,131.48524617027184
2019-10-23 04:00:00,130.7408928467,131.0847473145,130.29251415841662
2019-10-24 04:00:00,133.1383456637,133.6636810303,133.481187701877
2019-10-25 04:00:00,133.0906007179,134.418258667,134.47884447148937
2019-10-28 04:00:00,137.9236415573,137.7230682373,138.31567941358662
2019-10-29 04:00:00,137.6180097308,136.4240722656,136.93630248619118
2019-10-30 04:00:00,137.0831270963,138.1242370605,137.76073769294152
2019-10-31 04:00:00,138.4011973338,136.9398193359,137.0410171177608
2019-11-01 04:00:00,137.7899139173,137.2741394043,137.02574665291647
2019-11-04 05:00:00,138.3343505744,138.06690979,138.07739111093156
2019-11-05 05:00:00,138.4680782196,137.9809570312,137.80718950475193
2019-11-06 05:00:00,137.8949557656,137.5988616943,137.219990661578
2019-11-07 05:00:00,137.3887710043,137.789932251,138.26739517088302
2019-11-08 05:00:00,137.5224888514,139.4136962891,139.00940711392738
2019-11-11 05:00:00,138.8214915105,139.5569610596,139.29720254765095
2019-11-12 05:00:00,139.7193308629,140.4739074707,140.66783373665132
2019-11-13 05:00:00,140.1586971529,140.703125,140.48621837234776
2019-11-14 05:00:00,140.4260996714,141.4194488525,141.61156041843714
2019-11-15 05:00:00,142.2504713653,143.2438354492,142.67500018453163
2019-11-18 05:00:00,143.3393794935,143.5972595215,142.9832264765897
2019-11-19 05:00:00,144.1130483159,143.6450195312,144.06529588291215
2019-11-20 05:00:00,144.0571113727,143.3958129883,143.12394507214646
2019-11-21 05:00:00,143.1849686934,143.2616424561,142.92003658430036
2019-11-22 05:00:00,143.827077385,143.3670349121,143.15203366895255
2019-11-25 05:00:00,143.7599844779,144.9388122559,144.87429410413273
2019-11-26 05:00:00,145.0634400925,145.7055664062,145.99295157391717
2019-11-27 05:00:00,145.9930534655,145.9834747314,145.63072144441153
2019-11-29 05:00:00,145.7726449911,145.0825958252,145.4245849377715
2019-12-02 05:00:00,145.4946832959,143.328704834,142.85412833527812
2019-12-03 05:00:00,141.3544286202,143.0987091064,142.29688009355493
2019-12-04 05:00:00,143.894171012,143.6162414551,143.32632329908853
2019-12-05 05:00:00,143.807919553,143.6929016113,143.71222549811213
2019-12-06 05:00:00,144.7088464795,145.4372253418,144.9529949232657
2019-12-09 05:00:00,144.7855164384,145.0634460449,145.67808921585387
2019-12-10 05:00:00,144.996350486,144.8430175781,145.18319699223176
2019-12-11 05:00:00,145.2359194687,145.3892669678,144.67026593641972
2019-12-12 05:00:00,145.3413520242,146.8652191162,146.34508760286974
2019-12-13 05:00:00,146.635181339,148.1015319824,148.08736469025197
2019-12-16 05:00:00,148.6574407521,149.059967041,149.18572845432556
2019-12-17 05:00:00,148.9832614716,148.2548828125,148.53889107244672
2019-12-18 05:00:00,147.8811312706,147.9482116699,148.83983774630732
2019-12-19 05:00:00,147.5935821561,149.2324523926,148.89181567071213
2019-12-20 05:00:00,150.804238455,150.8617401123,150.97705627474744
2019-12-23 05:00:00,151.5421958895,150.8617401123,151.02598119281004
2019-12-24 05:00:00,150.9288237767,150.8329925537,150.98105232610789
2019-12-26 05:00:00,151.0055264368,152.0693511963,151.92810871936163
2019-12-27 05:00:00,152.8168508226,152.3472442627,152.0706365295386
2019-12-30 05:00:00,152.3760247869,151.0342559814,150.74459516331586
2019-12-31 05:00:00,150.2483739635,151.1396789551,150.91265167712947
2020-01-02 05:00:00,152.1747192623,153.9381713867,153.45257648983176
2020-01-03 05:00:00,151.7339302311,152.0214385986,152.92343111373435
2020-01-06 05:00:00,150.5454602506,152.4143371582,151.77723748112524
2020-01-07 05:00:00,152.6923101506,151.0246887207,151.51252497063092
2020-01-08 05:00:00,152.3184894202,153.4302368164,153.10814743541505
2020-01-09 05:00:00,155.1074611439,155.3470611572,154.91430024792766
2020-01-10 05:00:00,156.0466926296,154.6282501221,155.19934267710045
2020-01-13 05:00:00,155.030776752,156.4875488281,155.97005469216194
2020-01-14 05:00:00,156.5929699284,155.3853912354,155.57880587483032
2020-01-15 05:00:00,155.8550219086,156.3917236328,156.98532665441888
2020-01-16 05:00:00,157.5130438454,159.2573242188,158.85699582482772
2020-01-17 05:00:00,160.4553621047,160.1486816406,159.06668860240367
2020-01-21 05:00:00,159.746113388,159.5736083984,160.86275676107522
2020-01-22 05:00:00,160.436131089,158.806854248,159.29567416155822
2020-01-23 05:00:00,159.2765187095,159.7844696045,159.1728802276815
2020-01-24 05:00:00,160.5415653792,158.1743164062,158.26618031467268
2020-01-27 05:00:00,154.446147653,155.5291442871,155.53399624556383
2020-01-28 05:00:00,156.9667843486,158.5769042969,158.0629660313636
2020-01-29 05:00:00,160.8578377129,161.0495147705,159.98884920043935
2020-01-30 05:00:00,166.8094875101,165.5923156738,164.36492487739832
2020-01-31 05:00:00,165.0460338321,163.1483917236,163.25145565214348
2020-02-03 05:00:00,163.340116744,167.1258087158,166.56890595682614
2020-02-04 05:00:00,169.7710010819,172.6270294189,171.9315225364777
2020-02-05 05:00:00,176.3743496063,172.4161529541,172.1632476686723
2020-02-06 05:00:00,173.4416347577,175.9909820557,175.051820169974
2020-02-07 05:00:00,175.2434437862,176.2401733398,177.2391203194121
2020-02-10 05:00:00,175.9431086223,180.850112915,179.84179860735046
2020-02-11 05:00:00,182.71895945,176.7673034668,177.18919464648127
2020-02-12 05:00:00,177.859880623,177.0260772705,175.25243435686434
2020-02-13 05:00:00,175.4638760419,176.0676727295,177.86801305956175
2020-02-14 05:00:00,175.6268343476,177.6394805908,176.96974292901353
2020-02-18 05:00:00,177.8886198654,179.4412231445,179.57719234716734
2020-02-19 05:00:00,180.7290086189,179.9794158936,179.73701168772294
2020-02-20 05:00:00,179.6623007257,177.2309265137,175.35507875681213
2020-02-21 05:00:00,176.0296216783,171.6281585693,171.684067266248
2020-02-24 05:00:00,161.2299616529,164.2283325195,162.8608897215696
2020-02-25 05:00:00,167.4092937702,161.5182647705,162.77764326337024
2020-02-26 05:00:00,163.0943474669,163.5364074707,164.74749213484614
2020-02-27 05:00:00,156.9534396895,152.0137939453,155.61033867397765
2020-02-28 05:00:00,146.4687407968,155.6945037842,154.84420713185852
2020-03-02 05:00:00,158.8658365724,166.0542449951,162.36867917674812
2020-03-03 05:00:00,167.0248940802,158.0970306396,158.77490175426328
2020-03-04 05:00:00,161.9219167333,163.9016113281,161.45104469417555
2020-03-05 05:00:00,159.5770117963,159.7884368896,163.10940406938482
2020-03-06 05:00:00,156.2711349906,155.2716827393,151.47181292718557
2020-03-09 04:00:00,145.1136808188,144.7484893799,149.56973162862943
2020-03-10 04:00:00,151.9945689781,154.6469726562,149.81614380674034
2020-03-11 04:00:00,151.0047679434,147.641204834,146.7623156457355
2020-03-12 04:00:00,139.6359017859,133.6391448975,140.52655030175399
2020-03-13 04:00:00,141.7501532075,152.6384887695,147.32051070871213
2020-03-16 04:00:00,134.542469001,130.1410064697,137.7121781547072
2020-03-17 04:00:00,134.5424903692,140.8563842773,136.3135220161452
2020-03-18 04:00:00,132.620443257,134.9268798828,136.40315529136632
2020-03-19 04:00:00,137.2044940399,137.1468353271,139.88409489279317
2020-03-20 04:00:00,140.3085859153,131.9957885742,133.0850792487962
2020-03-23 04:00:00,131.6690310271,130.67918396,130.87090429754284
2020-03-24 04:00:00,138.1462901978,142.5573577881,140.71502368934603
2020-03-25 04:00:00,143.1051644704,141.1927337646,143.7430380548995
2020-03-26 04:00:00,142.6150366163,150.0244903564,148.99532270722148
2020-03-27 04:00:00,145.8344386187,143.8643493652,146.3067383587101
2020-03-30 04:00:00,146.4975495675,153.98387146,150.86314022434755
2020-03-31 04:00:00,153.1862262392,151.5621185303,155.1259374147129
2020-04-01 04:00:00,147.0357098396,146.1804046631,149.02632223618113
2020-04-02 04:00:00,145.9401565887,149.207611084,147.6258457297701
2020-04-03 04:00:00,149.0538707691,147.8333740234,148.58824706518809
2020-04-06 04:00:00,154.0703729016,158.8274078369,156.69693690765973
2020-04-07 04:00:00,162.9790058354,157.1168060303,158.34637776744148
2020-04-08 04:00:00,159.2118142441,158.6928710938,158.38984068986434
2020-04-09 04:00:00,159.874880944,158.7024383545,158.36476158022953
2020-04-13 04:00:00,157.9432901267,159.0580596924,157.38331950535016
2020-04-14 04:00:00,162.4120065501,166.9287872314,165.37653311802575
2020-04-15 04:00:00,164.526263987,165.1797637939,164.91646615433422
2020-04-16 04:00:00,167.5053859828,170.1385650635,168.81381505804814
2020-04-17 04:00:00,172.502666358,171.6377563477,170.13604791537975
2020-04-20 04:00:00,169.7445838389,168.2357788086,170.2111178606313
2020-04-21 04:00:00,166.7365892325,161.2780151367,161.06851018757794
2020-04-22 04:00:00,164.7088409819,166.7558135986,166.40642372708982
2020-04-23 04:00:00,167.3227956501,164.7376556396,165.63848880522806
2020-04-24 04:00:00,165.3526967268,167.7456359863,166.3361804676739
2020-04-27 04:00:00,169.7061462328,167.2651672363,167.4679205951074
2020-04-28 04:00:00,168.7451271567,163.1904449463,163.97514315294796
2020-04-29 04:00:00,166.4674903175,170.5133666992,168.94222423416545
2020-04-30 04:00:00,172.9831812748,172.2239837646,170.4281435841072
2020-05-01 04:00:00,168.9469250576,167.7648773193,169.8353725029354
2020-05-04 04:00:00,167.688004742,171.8684234619,170.72840531507705
2020-05-05 04:00:00,173.5790353612,173.7135772705,175.48320534150167
2020-05-06 04:00:00,174.9821191103,175.4241790771,176.41862625039545
2020-05-07 04:00:00,176.9906436056,176.4428710938,176.19078225687298
2020-05-08 04:00:00,177.7690516536,177.4807434082,176.67364544764746
2020-05-11 04:00:00,176.010444419,179.4605102539,179.26319545238476
2020-05-12 04:00:00,179.5181610763,175.3953857422,176.25871547969788
2020-05-13 04:00:00,175.4338032261,172.7429504395,171.89920780438126
2020-05-14 04:00:00,170.6191050203,173.4925537109,171.68723692314921
2020-05-15 04:00:00,172.0798258633,176.0200042725,176.65450656819348
2020-05-18 04:00:00,178.5090488842,177.7017974854,177.60193669146742
2020-05-19 04:00:00,177.817113937,176.4716949463,177.95841977579443
2020-05-20 04:00:00,178.1003485583,178.9194946289,178.3841311120058
2020-05-21 04:00:00,178.6688949695,176.7704162598,178.1206808281951
2020-05-22 04:00:00,176.5391444207,176.8475189209,177.174098638109
2020-05-26 04:00:00,179.5748084626,174.9779968262,175.6441779497817
2020-05-27 04:00:00,173.6577257395,175.209274292,172.28773354721454
2020-05-28 04:00:00,174.1780752486,174.8141021729,176.6681662741338
2020-05-29 04:00:00,176.095874913,176.5970001221,175.57876581380492
2020-06-01 04:00:00,175.912735409,176.1922149658,175.58365304979625
2020-06-02 04:00:00,177.5606593379,178.1967010498,175.97531432099794
2020-06-03 04:00:00,178.1099978706,178.6303863525,178.15393772412352
2020-06-04 04:00:00,177.6088640332,176.2789611816,177.3534156219172
2020-06-05 04:00:00,175.9898429307,180.4035644531,179.56791160615006
2020-06-08 04:00:00,179.1893004185,181.5214385986,180.15301467355417
2020-06-09 04:00:00,181.1745421338,182.9091949463,182.82605830368487
2020-06-10 04:00:00,184.1909166872,189.6936035156,189.9052360127691
2020-06-11 04:00:00,186.1182828937,179.5073394775,182.58995843599064
2020-06-12 04:00:00,183.6223285878,180.9239959717,180.37235525081616
2020-06-15 04:00:00,177.8786611216,182.080368042,182.3481610278011
2020-06-16 04:00:00,185.8869624415,186.5422821045,186.97614310130928
2020-06-17 04:00:00,187.9492696752,187.1879577637,188.05259075735412
2020-06-18 04:00:00,186.9566965034,189.1924743652,189.05685807029272
2020-06-19 04:00:00,191.3800367051,188.0649261475,188.70118892580962
2020-06-22 04:00:00,188.6816604108,193.2881317139,192.20927866564335
2020-06-23 04:00:00,194.7530020048,194.5795440674,195.84878535144168
2020-06-24 04:00:00,194.2808033311,190.6573028564,191.6596871070225
2020-06-25 04:00:00,190.6187209376,193.0664978027,191.07357585130362
2020-06-26 04:00:00,192.4786573815,189.2021026611,188.88008964172116
2020-06-29 04:00:00,188.6720887717,191.2355194092,189.1603614616747
2020-06-30 04:00:00,190.6958403194,196.1214294434,195.7420608704367
2020-07-01 04:00:00,195.7648885336,197.2682495117,197.30877156391117
2020-07-02 04:00:00,198.2126162676,198.7715606689,199.66019475633448
2020-07-06 04:00:00,201.248250653,203.0503540039,202.62036586676342
2020-07-07 04:00:00,202.8094555006,200.6893310547,204.2422156897875
2020-07-08 04:00:00,202.4432518491,205.1030426025,203.97176330285538
2020-07-09 04:00:00,208.4759912107,206.5389709473,204.8049067963325
2020-07-10 04:00:00,205.8643642257,205.9125518799,204.38516068109647
2020-07-13 04:00:00,206.6931486209,199.5521850586,201.44895974313687
2020-07-14 04:00:00,198.6463182225,200.7857208252,197.60501256873786
2020-07-15 04:00:00,201.9517578041,200.4869384766,199.8449355285759
2020-07-16 04:00:00,197.9427886091,196.5165252686,195.88619364040443
2020-07-17 04:00:00,197.0465524615,195.5142822266,195.20170031000887
2020-07-20 04:00:00,197.5573509791,203.9177398682,201.7006481669378
2020-07-21 04:00:00,205.9029309726,201.1711883545,201.77781759069842
2020-07-22 04:00:00,201.6048325999,204.0622558594,203.52704768346925
2020-07-23 04:00:00,199.6678018016,195.1866149902,198.6300308991022
2020-07-24 04:00:00,193.1436129978,193.9916687012,192.84992266268358
2020-07-27 04:00:00,194.1554994498,196.4490966797,195.7763941376124
2020-07-28 04:00:00,196.2177866846,194.6855163574,195.74886805847493
2020-07-29 04:00:00,195.1480828258,196.6514434814,196.60225267526442
2020-07-30 04:00:00,193.7025309086,196.4972381592,195.3847736044915
2020-07-31 04:00:00,196.9791166912,197.5669708252,193.35674566580147
2020-08-03 04:00:00,203.8406102184,208.6783447266,207.83579446768866
2020-08-04 04:00:00,206.3943965913,205.5463409424,203.9499485753672
2020-08-05 04:00:00,207.0978932077,205.2090606689,204.70564739562207
2020-08-06 04:00:00,204.6308162307,208.4952392578,207.27794234858584
2020-08-07 04:00:00,207.049712408,204.7657470703,204.7468298195899
2020-08-10 04:00:00,203.9851636825,200.6893310547,200.056477479032
2020-08-11 04:00:00,199.6388714978,195.9961090088,196.9730452577346
2020-08-12 04:00:00,197.8368131902,201.5952301025,201.40672332041456
2020-08-13 04:00:00,201.8361401872,201.1230010986,202.4666053512372
2020-08-14 04:00:00,201.1808029999,201.3157196045,201.02418319195527
2020-08-17 04:00:00,201.9903096282,202.645614624,202.87374412321316
2020-08-18 04:00:00,202.8865687628,203.8117218018,203.4332786640956
2020-08-19 04:00:00,204.3043554542,202.5751647949,203.17736430594692
2020-08-20 04:00:00,202.4206446659,207.2894134521,206.2880119068666
2020-08-21 04:00:00,206.5938355461,205.7823791504,207.82366487748664
2020-08-24 04:00:00,207.4922591291,206.4296417236,206.36257414120035
2020-08-25 04:00:00,205.8596928693,209.1151885986,208.7620487449064
2020-08-26 04:00:00,210.4772670106,213.6361541748,213.493761176592
2020-08-27 04:00:00,215.3170380127,218.8816680908,218.9993458990195
2020-08-28 04:00:00,220.4273145609,221.132522583,221.24647533329306
2020-08-31 04:00:00,219.28741157,217.8673553467,218.6402589082769
2020-09-01 04:00:00,217.8480217113,219.5482330322,218.6922439787367
2020-09-02 04:00:00,220.2244582529,223.7794189453,223.6879242674967
2020-09-03 04:00:00,221.480267018,209.9169616699,210.11442568190157
2020-09-04 04:00:00,207.7917377477,206.9706115723,202.43875341911883
2020-09-08 04:00:00,199.4838957888,195.7743682861,198.8932861091381
2020-09-09 04:00:00,200.5465598644,204.1111755371,205.54462792252758
2020-09-10 04:00:00,206.1494575609,198.392288208,199.84012257015988
2020-09-11 04:00:00,200.1601176086,197.0978240967,196.62298388956555
2020-09-14 04:00:00,197.3007078927,198.4309539795,201.12389448288607
2020-09-15 04:00:00,201.3386627546,201.6864318848,201.38869885987265
2020-09-16 04:00:00,203.463920357,198.0831756592,198.85045103757068
2020-09-17 04:00:00,193.2530558601,196.0158843994,196.65235249950075
2020-09-18 04:00:00,195.9096333921,193.5815124512,191.44632559335184
2020-09-21 04:00:00,190.4902289568,195.6584472656,194.2424732330428
2020-09-22 04:00:00,198.092818357,200.3726348877,198.20277945026302
2020-09-23 04:00:00,200.8363353613,193.7747039795,194.81031950119956
2020-09-24 04:00:00,193.0598610206,196.2863769531,197.0973971148818
2020-09-25 04:00:00,196.6341531073,200.7590789795,200.20806012657675
2020-09-28 04:00:00,203.7150969705,202.3240203857,202.9360090267648
2020-09-29 04:00:00,202.2370640559,200.2180633545,200.9469848201383
2020-09-30 04:00:00,200.6721092124,203.1837768555,203.16191859433363
2020-10-01 04:00:00,206.23641257,205.2414093018,205.08511141794077
2020-10-02 04:00:00,200.9329335564,199.1844329834,201.43158637606678
2020-10-05 04:00:00,200.1794926085,203.232131958,202.63652603119084
2020-10-06 04:00:00,201.7250883639,198.9139556885,199.73220916045057
2020-10-07 04:00:00,200.0249152155,202.7008056641,202.29396676443054
2020-10-08 04:00:00,203.3576794813,203.4253082275,202.32348664653514
2020-10-09 04:00:00,204.0531942587,208.4775848389,207.80458636836437
2020-10-12 04:00:00,211.3563776574,213.8777008057,213.8389446207504
2020-10-13 04:00:00,215.1528431817,215.2880859375,215.4267979514275
2020-10-14 04:00:00,215.4232930119,213.3560028076,213.44614182378615
2020-10-15 04:00:00,209.7237891005,212.1968078613,211.55337376701493
2020-10-16 04:00:00,212.6701501261,212.1968078613,213.8637481424687
2020-10-19 04:00:00,212.9309644924,206.941619873,209.1485619071962
2020-10-20 04:00:00,208.4679614806,207.3570251465,207.6928662694225
2020-10-21 04:00:00,205.8789646215,207.5018920898,209.00174297523034
2020-10-22 04:00:00,206.6614777939,207.5888671875,206.70060592889155
2020-10-23 04:00:00,207.724090462,208.88331604,207.3887701087216
2020-10-26 04:00:00,206.5841897525,202.942276001,204.03120462716652
2020-10-27 04:00:00,204.4009745732,206.0045776367,205.94906227759705
2020-10-28 04:00:00,200.6141653503,195.7937011719,197.1974640291533
2020-10-29 04:00:00,197.1365098991,197.7644195557,199.29143096202358
2020-10-30 04:00:00,196.5858542201,195.5908508301,194.25137352488218
2020-11-02 05:00:00,197.3489953143,195.4555969238,194.93134562967305
2020-11-03 05:00:00,196.9625811927,199.4162750244,199.77469642199813
2020-11-04 05:00:00,206.7484008135,209.0378723145,208.94965146455525
2020-11-05 05:00:00,214.4959308713,215.7034606934,215.59724567915185
2020-11-06 05:00:00,214.7084494417,216.118850708,213.10615982094103
2020-11-09 05:00:00,216.8144028908,210.9699554443,214.51853783602706
2020-11-10 05:00:00,207.2120959442,203.8406677246,205.0771440830347
2020-11-11 05:00:00,205.1738114828,209.1924743652,209.54702562482066
2020-11-12 05:00:00,209.8300445449,208.1201782227,209.27480387578635
2020-11-13 05:00:00,209.008895671,209.153793335,208.26205299666918
2020-11-16 05:00:00,207.5695180812,209.8493347168,209.70260729625704
2020-11-17 05:00:00,208.7577556652,207.1734771729,208.5523250166751
2020-11-18 05:00:00,206.9313118274,204.4421386719,206.10549184735947
2020-11-19 05:00:00,204.7327169787,205.7400054932,205.039925228148
2020-11-20 05:00:00,205.5269125285,203.7738342285,204.7962105365291
2020-11-23 05:00:00,204.3162512566,203.5026702881,203.2930344544285
2020-11-24 05:00:00,202.998979952,207.1347045898,206.18535096530343
2020-11-25 05:00:00,208.3454354734,207.1444244385,206.55739168753695
2020-11-27 05:00:00,208.0935841151,208.4616241455,208.75191818442698
2020-11-30 05:00:00,207.3672054324,207.3381500244,205.4458320608989
2020-12-01 05:00:00,207.7642910332,209.4108428955,209.19572229416204
2020-12-02 05:00:00,208.1226323272,208.5972137451,207.11197364904274
2020-12-03 05:00:00,207.8611369407,207.5027770996,208.66345982406915
2020-12-04 05:00:00,207.4834064791,207.6190032959,207.75518057227117
2020-12-07 05:00:00,207.6286792423,207.5511932373,207.63074143132826
2020-12-08 05:00:00,207.2412757952,209.2171173096,208.8668938348464
2020-12-09 05:00:00,208.3938185042,205.1394805908,205.46092490062034
2020-12-10 05:00:00,205.1104561656,203.8997650146,205.19170292326805
2020-12-11 05:00:00,203.4445272641,206.5535736084,205.40088128475895
2020-12-14 05:00:00,206.3986204961,207.4640197754,208.82424795937771
2020-12-15 05:00:00,208.4035287623,207.3962402344,206.44035633909226
2020-12-16 05:00:00,207.9967488613,212.3842926025,212.29378693926498
2020-12-17 05:00:00,212.9557433551,212.5198974609,212.3845924313851
2020-12-18 05:00:00,211.7159881592,211.7159881592,210.69826926915437
2020-12-21 05:00:00,210.7087093156,215.5902099609,215.64361430465294
2020-12-22 05:00:00,215.6870141413,216.8977050781,217.48809178166735
2020-12-23 05:00:00,216.0938368213,214.0695648193,214.7982473567768
2020-12-24 05:00:00,214.4569858066,215.7451629639,216.19118004283985
2020-12-28 05:00:00,217.3917249067,217.8856964111,217.6769840759737
2020-12-29 05:00:00,219.193213148,217.1011352539,217.87851975881114
2020-12-30 05:00:00,218.1471825473,214.7088165283,215.6324243633726
2020-12-31 05:00:00,214.7281322016,215.425491333,214.315296039505
2021-01-04 05:00:00,215.5321233606,210.844329834,209.83534400581672
2021-01-05 05:00:00,210.4278104136,211.0476837158,210.35485817811113
2021-01-06 05:00:00,205.4978618968,205.5753479004,208.83624721190853
2021-01-07 05:00:00,207.3090650388,211.4254150391,211.31471304785867
2021-01-08 05:00:00,211.8031503986,212.7135925293,212.1460342646416
2021-01-11 05:00:00,211.5997820813,210.650604248,210.75647688615229
2021-01-12 05:00:00,209.691716791,208.171081543,207.7927127876683
2021-01-13 05:00:00,207.2897230841,209.5367584229,209.54057423027544
2021-01-14 05:00:00,209.1202691431,206.3211517334,207.95261082374054
2021-01-15 05:00:00,206.8054196285,205.9627685547,206.579545986502
2021-01-19 05:00:00,207.0281810493,209.6335906982,208.8113942979728
2021-01-20 05:00:00,210.8539655197,217.28515625,216.92439848569097
2021-01-21 05:00:00,217.6338417937,217.8953552246,217.24083760512775
2021-01-22 05:00:00,219.9389977215,218.8445281982,221.4240891509721
2021-01-25 05:00:00,221.9148404392,222.3119506836,218.6721742336344
2021-01-26 05:00:00,224.5686742219,225.0238952637,225.1406274025547
2021-01-27 05:00:00,230.5156150026,225.5759887695,226.22344731981232
2021-01-28 05:00:00,228.2007481339,231.4163360596,233.3943248307063
2021-01-29 05:00:00,228.5687941774,224.6655273438,226.5901399011858
2021-02-01 05:00:00,227.6680540037,232.1137084961,231.45117863293353
2021-02-02 05:00:00,233.7118370067,231.9781188965,232.61901314610424
2021-02-03 05:00:00,232.0362383802,235.3583679199,236.25519400851408
2021-02-04 05:00:00,235.0290586312,234.3994903564,233.87134409493015
2021-02-05 05:00:00,234.6125667575,234.5835113525,234.2042785683461
2021-02-08 05:00:00,235.5036406413,234.8450317383,234.2675881877974
2021-02-09 05:00:00,234.2638970238,236.1041564941,236.334631161329
2021-02-10 05:00:00,237.295443817,235.1840057373,234.91397130873486
2021-02-11 05:00:00,237.0823875218,236.8015136719,235.4895820678658
2021-02-12 05:00:00,236.259118558,237.2857971191,236.5945180120049
2021-02-16 05:00:00,237.3245236078,236.0363464355,236.7126895424188
2021-02-17 05:00:00,234.2695217626,237.0653686523,236.51075767222716
2021-02-18 05:00:00,234.7354779926,236.6673278809,235.86233060645662
2021-02-19 05:00:00,236.6285260264,233.9297485352,234.0633049679356
2021-02-22 05:00:00,230.4834464278,227.6584625244,227.03016280878762
2021-02-23 05:00:00,223.6006206072,226.4547271729,225.98432247802393
2021-02-24 05:00:00,223.2899452706,227.6973114014,226.68293782768373
2021-02-25 05:00:00,225.2994614449,222.2997436523,224.03831246788786
2021-02-26 05:00:00,224.765541458,225.590713501,226.3275084863996
2021-03-01 05:00:00,229.0078936375,230.0175170898,228.21950679482882
2021-03-02 05:00:00,230.0854150542,227.0371551514,227.65808447286133
2021-03-03 05:00:00,225.3771247803,220.9115142822,222.71093210145796
2021-03-04 05:00:00,220.1155217616,220.1058044434,222.72980212680454
2021-03-05 05:00:00,222.8142945962,224.8335266113,223.42984833125814
2021-03-08 05:00:00,224.6102207294,220.7465057373,222.92603969485845
2021-03-09 05:00:00,226.0761296317,226.9498291016,227.25438709989237
2021-03-10 05:00:00,230.0757227097,225.6295318604,226.28154436213964
2021-03-11 05:00:00,228.0953511618,230.2019500732,231.0401021636681
2021-03-12 05:00:00,227.1730747822,228.8622436523,228.17746710410532
2021-03-15 04:00:00,228.0953334669,227.9497070312,225.95521712403274
2021-03-16 04:00:00,229.3767709986,230.7649993896,232.248271534926
2021-03-17 04:00:00,229.2505812846,230.1145782471,228.95729821466244
2021-03-18 04:00:00,225.7654867518,223.9792480469,225.44448508084122
2021-03-19 04:00:00,224.2704642231,223.6200408936,224.26834508047156
2021-03-22 04:00:00,223.5423615416,229.0952453613,228.75532594909726
2021-03-23 04:00:00,230.5513964611,230.6387634277,233.190822907841
2021-03-24 04:00:00,230.9008912667,228.5807189941,229.21024115005062
2021-03-25 04:00:00,228.4253906812,225.551864624,226.88803008169492
2021-03-26 04:00:00,224.784936489,229.570892334,228.98307270975553
2021-03-29 04:00:00,229.6777060556,228.3671569824,226.24797943274186
2021-03-30 04:00:00,226.7070811279,225.076171875,225.22310606308122
2021-03-31 04:00:00,226.1052262255,228.8816680908,230.6661485463647
2021-04-01 04:00:00,231.5027641068,235.2694091797,234.76193442959254
2021-04-05 04:00:00,235.6674335458,241.7930908203,241.38741779917905
2021-04-06 04:00:00,240.3757580489,240.6184539795,241.4214569050763
2021-04-07 04:00:00,240.5699120097,242.5988464355,242.72158574586422
2021-04-08 04:00:00,245.3849953876,245.8509674072,246.0831533508213
2021-04-09 04:00:00,245.48205409,248.375,247.79501757737046
2021-04-12 04:00:00,247.2682902149,248.4332275391,249.7393168116991
2021-04-13 04:00:00,249.7438060483,250.9378509521,251.1529652963443
2021-04-14 04:00:00,249.9573844271,248.1225891113,249.377625844455
2021-04-15 04:00:00,250.3942128211,251.9183502197,252.0458084606126
2021-04-16 04:00:00,251.8892467194,253.1221313477,251.81742726801565
2021-04-19 04:00:00,252.5882054226,251.180557251,251.9248796368975
2021-04-20 04:00:00,250.2874676581,250.7146148682,251.59101146199646
2021-04-21 04:00:00,251.3747270543,252.966796875,251.60992378434193
2021-04-22 04:00:00,252.6075784992,249.6564178467,250.35829583161595
2021-04-23 04:00:00,250.3457048326,253.5201568604,252.9066647447621
2021-04-26 04:00:00,254.0152946663,253.908493042,253.68409221921627
2021-04-27 04:00:00,253.937572785,254.316192627,254.26472290883973
2021-04-28 04:00:00,248.5982764792,247.1226959229,246.6745771491934
2021-04-29 04:00:00,247.9964073469,245.1325836182,243.48515243494708
2021-04-30 04:00:00,242.4434953442,244.8121948242,245.15810034465832
2021-05-03 04:00:00,245.9965719645,244.5015716553,245.13937690576915
2021-05-04 04:00:00,243.6375912637,240.550491333,239.8382997830489
2021-05-05 04:00:00,241.7833690206,239.2690429688,239.74629087668995
2021-05-06 04:00:00,239.2496229884,242.4337921143,240.6885781677652
2021-05-07 04:00:00,244.7830900375,245.0840454102,245.9044526720885
2021-05-10 04:00:00,243.5404918014,239.9582977295,241.40902365426786
2021-05-11 04:00:00,237.4051319249,239.0360412598,237.62324885294606
2021-05-12 04:00:00,235.0946550848,232.0172729492,233.69785317557262
2021-05-13 04:00:00,234.7354600614,235.9295196533,237.5958743199044
2021-05-14 04:00:00,238.405072134,240.8999786377,241.3543501159615
2021-05-17 04:00:00,239.3466919366,238.016708374,237.17301692885258
2021-05-18 04:00:00,239.0749060116,235.9781036377,236.69912051002422
2021-05-19 04:00:00,232.8546658901,236.5618896484,235.5400975464187
2021-05-20 04:00:00,237.3792552801,239.8312683105,240.62382387355598
2021-05-21 04:00:00,240.8918797268,238.5566101074,239.42953378866622
2021-05-24 04:00:00,241.1059231691,244.0152740479,243.73274166366303
2021-05-25 04:00:00,244.9785858754,244.9299316406,245.23109084942715
2021-05-26 04:00:00,244.6477522486,244.7061462402,245.52698354634387
2021-05-27 04:00:00,244.3947426638,242.5849151611,243.33828751102226
2021-05-28 04:00:00,244.2293774722,242.9449768066,244.15574536539125
2021-06-01 04:00:00,244.4531599014,240.7264709473,241.2784310810585
2021-06-02 04:00:00,241.4367631402,240.6291503906,240.70874274522632
2021-06-03 04:00:00,238.6052892365,239.0820770264,237.91599655226514
2021-06-04 04:00:00,241.0767135267,244.0249786377,244.1261401392781
2021-06-07 04:00:00,243.236873135,246.9635620117,246.5228757271542
2021-06-08 04:00:00,248.2771511286,245.757019043,247.0400757356348
2021-06-09 04:00:00,246.963532682,246.7494659424,248.07186196985333
2021-06-10 04:00:00,247.4305885642,250.3010101318,249.63302197036373
2021-06-11 04:00:00,251.0307962339,250.9335174561,250.57046014118595
2021-06-14 04:00:00,250.9431915326,252.8795318604,251.89886518367962
2021-06-15 04:00:00,252.7627313475,251.3907623291,251.50793179308823
2021-06-16 04:00:00,252.4027870277,250.437286377,249.51264591132139
2021-06-17 04:00:00,249.1626053716,253.8623046875,253.74765585707067
2021-06-18 04:00:00,252.6265932791,252.4319763184,254.23924075526432
2021-06-21 04:00:00,252.8114252278,255.5456237793,254.37636006756367
2021-06-22 04:00:00,255.6332124769,258.3479614258,258.0148385262169
2021-06-23 04:00:00,258.8149898035,258.1144104004,258.47657349733385
2021-06-24 04:00:00,258.9803306664,259.4960327148,260.00616653007137
2021-06-25 04:00:00,259.0485367802,257.8711547852,258.9219760556396
2021-06-28 04:00:00,259.009621552,261.4713745117,261.15247923910044
2021-06-29 04:00:00,261.6173181252,264.0790710449,263.3166815616215
2021-06-30 04:00:00,263.3882023127,263.5925292969,263.3104740400447
2021-07-01 04:00:00,262.3373107765,264.273651123,264.3381175641895
2021-07-02 04:00:00,265.4607924039,270.1604919434,269.4692608743357
2021-07-06 04:00:00,270.5301500109,270.170135498,268.80900661960294
2021-07-07 04:00:00,271.8632650598,272.3789672852,271.31903584400607
2021-07-08 04:00:00,269.4306838945,269.9366760254,269.4773321837605
2021-07-09 04:00:00,268.2824795436,270.4425964355,270.0470720486611
2021-07-12 04:00:00,271.6297182726,269.8393554688,270.29405241303357
2021-07-13 04:00:00,270.0340064356,273.4006958008,274.3185761950954
2021-07-14 04:00:00,274.7336861755,274.8893737793,274.57715002203827
2021-07-15 04:00:00,274.393146071,273.4493103027,273.32043302964735
2021-07-16 04:00:00,274.4612192098,273.1768188477,274.1913195908164
2021-07-19 04:00:00,271.4059729369,269.5377807617,269.14745448947724
2021-07-20 04:00:00,270.530280724,271.7854919434,271.6411197550781
2021-07-21 04:00:00,271.3767628091,273.8093261719,272.3748479481057
2021-07-22 04:00:00,276.1834416827,278.4214172363,278.13242665176057
2021-07-23 04:00:00,279.6182558418,281.8562316895,281.2329191994377
2021-07-26 04:00:00,281.2043818409,281.2530212402,280.1217686703492
2021-07-27 04:00:00,281.6227273575,278.8106994629,276.7488835506041
2021-07-28 04:00:00,281.1945366307,278.4992675781,278.1757022741126
2021-07-29 04:00:00,278.5187629434,278.7717590332,280.53059735008424
2021-07-30 04:00:00,277.4776054256,277.224609375,277.9049137327718
2021-08-02 04:00:00,278.6355226073,277.1370849609,277.12231641324894
2021-08-03 04:00:00,277.7209052583,279.3750305176,278.2622622867101
2021-08-04 04:00:00,278.4993084832,278.7814941406,278.5817810687282
2021-08-05 04:00:00,279.1414948358,281.7102661133,280.92890483483586
2021-08-06 04:00:00,280.7274993802,281.6518554688,281.0793190304513
2021-08-09 04:00:00,281.9340464704,280.5523376465,282.04636121598713
2021-08-10 04:00:00,281.00970444,278.7133789062,278.7263702638156
2021-08-11 04:00:00,279.4626221784,279.2096557617,279.78789041398585
2021-08-12 04:00:00,278.8982789879,281.9924926758,281.53882182599017
2021-08-13 04:00:00,281.6713794041,284.9504699707,284.4666327838488
2021-08-16 04:00:00,285.2812900412,286.6532592773,284.258864749627
2021-08-17 04:00:00,284.5028647554,285.1742248535,284.5530283040111
2021-08-18 04:00:00,284.7063307749,283.4292297363,285.71280431250983
2021-08-19 04:00:00,281.440422829,289.3175048828,288.45783489366625
2021-08-20 04:00:00,292.1934237151,296.7168884277,295.8607935224013
2021-08-23 04:00:00,295.6348268682,296.9996643066,296.4751016606315
2021-08-24 04:00:00,297.3603553553,295.0206298828,295.70599816946935
2021-08-25 04:00:00,296.6584059327,294.4259338379,294.0359240012174
2021-08-26 04:00:00,293.4315661484,291.579284668,293.19890796108075
2021-08-27 04:00:00,291.4817719325,292.1934509277,291.4856491059436
2021-08-30 04:00:00,293.5582729824,295.9662475586,296.2255818025017
2021-08-31 04:00:00,296.7754181874,294.2991943359,294.78066479040854
2021-09-01 04:00:00,295.2644109484,294.2505187988,296.2510599472487
2021-09-02 04:00:00,294.6111746967,293.5875244141,294.18154647544304
2021-09-03 04:00:00,293.4315933091,293.5778503418,294.4055698966199
2021-09-07 04:00:00,293.4510805331,292.6419067383,291.5427614032469
2021-09-08 04:00:00,292.2519478434,292.6711425781,291.32819792863415
2021-09-09 04:00:00,293.2658805354,289.7855224609,291.478592556982
2021-09-10 04:00:00,290.9261173184,288.2841491699,289.9149114094879
2021-09-13 04:00:00,290.0779173309,289.5319824219,288.3213092200617
2021-09-14 04:00:00,292.0375142654,292.2617492676,292.5788161679991
2021-09-15 04:00:00,295.6445518178,297.1653747559,296.3829458359827
2021-09-16 04:00:00,296.1320001629,297.5553283691,295.1981879420342
2021-09-17 04:00:00,296.5316969074,292.3396606445,293.31530639119717
2021-09-20 04:00:00,288.888475298,286.9094543457,285.4601725133968
2021-09-21 04:00:00,288.2646372633,287.3969726562,288.6853338384841
2021-09-22 04:00:00,289.278572999,291.0820922852,290.4653213488836
2021-09-23 04:00:00,291.345282923,292.0374450684,292.1694745351715
2021-09-24 04:00:00,290.7408937414,291.8327636719,291.2126442559469
2021-09-27 04:00:00,288.7033368819,286.7828063965,286.6606936969703
2021-09-28 04:00:00,282.5225335532,276.4002380371,277.80809443823
2021-09-29 04:00:00,277.9405773403,276.8681945801,277.8248026453743
2021-09-30 04:00:00,278.5352584165,274.8404541016,277.12220642483334
2021-10-01 04:00:00,275.0354194399,281.8401489258,280.6988224400996
2021-10-04 04:00:00,280.1828274989,276.0005493164,274.9002635553224
2021-10-05 04:00:00,276.9170131737,281.5087585449,282.10643326217485
2021-10-06 04:00:00,278.6034443885,285.7493591309,284.7234807081936
2021-10-07 04:00:00,287.7675008069,287.4458007812,288.1842826526149
2021-10-08 04:00:00,288.7813928972,287.4458007812,287.4158601626674
2021-10-11 04:00:00,285.5642076865,286.8413085938,289.6271740688975
2021-10-12 04:00:00,287.9234237139,285.5252075195,285.8760155993841
2021-10-13 04:00:00,287.5042422518,288.8690795898,288.4871387511796
2021-10-14 04:00:00,291.6962270535,295.1473388672,294.01312397151275
2021-10-15 04:00:00,294.7476125285,296.5706481934,295.21110527546233
2021-10-18 04:00:00,295.9467794365,299.5733642578,299.12432925269445
2021-10-19 04:00:00,300.6067278963,300.4897460938,300.75437176810624
2021-10-20 04:00:00,301.4451554154,299.6903686523,299.6225519773744
2021-10-21 04:00:00,299.4563930574,302.956237793,302.0897052324454
2021-10-22 04:00:00,302.6053057627,301.3964538574,301.34823739807257
2021-10-25 04:00:00,301.5913356238,300.3922424316,299.58809086710176
2021-10-26 04:00:00,303.1901437793,302.322479248,302.64262198893096
2021-10-27 04:00:00,308.0645755968,315.0545349121,316.16707279537036
2021-10-28 04:00:00,316.1854087365,316.2049255371,314.52546604200484
2021-10-29 04:00:00,315.990456695,323.2923583984,322.20309462885996
2021-11-01 04:00:00,323.0388332766,321.098815918,319.41303826402213
2021-11-02 04:00:00,322.0153041121,324.7644958496,324.5417221055732
2021-11-03 04:00:00,325.5151151077,325.6126098633,323.9890135607262
2021-11-04 04:00:00,324.5304923827,327.9913330078,324.9288307663349
2021-11-05 04:00:00,330.0093370421,327.6208496094,327.24626204505716
2021-11-08 05:00:00,328.8297397823,328.5275268555,327.1294837226866
2021-11-09 05:00:00,328.6445158995,327.513671875,328.14044216247737
2021-11-10 05:00:00,326.1682973763,322.4929504395,322.771855753368
2021-11-11 05:00:00,322.9316096588,324.0819702148,324.63032130823285
2021-11-12 05:00:00,325.5346683073,328.2643432617,328.34351183894114
2021-11-15 05:00:00,329.0637324265,327.630645752,326.8220428648029
2021-11-16 05:00:00,327.2504451933,330.9842834473,331.3169795419852
2021-11-17 05:00:00,331.0330685732,331.2088623047,333.1401152551264
2021-11-18 05:00:00,330.2907435834,333.3086547852,333.08188095661484
2021-11-19 05:00:00,334.6467668933,335.1057739258,336.56263275512947
2021-11-22 05:00:00,336.5805478271,331.9022827148,336.6779814832096
2021-11-23 05:00:00,329.1871518381,329.8024597168,328.54011988433956
2021-11-24 05:00:00,328.435089783,330.0270690918,328.3094322119259
2021-11-26 05:00:00,326.5501749843,321.9891052246,324.5514270867005
2021-11-29 05:00:00,327.1263697257,328.7769470215,330.48324831934383
2021-11-30 05:00:00,327.4974742562,322.8778076172,324.5569878399249
2021-12-01 05:00:00,327.3120013756,322.3797912598,326.15544476308594
2021-12-02 05:00:00,322.5946600654,321.8035583496,323.36160292774423
2021-12-03 05:00:00,324.245224127,315.4747314453,313.67631908174286
2021-12-06 05:00:00,316.3927705676,318.5805053711,315.56332943914344
2021-12-07 05:00:00,323.9034210513,327.1069030762,326.20733490472
2021-12-08 05:00:00,327.4877654648,327.1557006836,324.30109229656364
2021-12-09 05:00:00,326.6088138694,325.3293762207,326.7004770055674
2021-12-10 05:00:00,327.1655573028,334.5491943359,333.5503511430971
2021-12-13 05:00:00,332.7324687601,331.4823303223,334.1907522372883
2021-12-14 05:00:00,325.4465831444,320.6804199219,319.41646958513036
2021-12-15 05:00:00,320.9440649018,326.843170166,322.98865939226255
2021-12-16 05:00:00,327.8784359793,317.3206176758,318.62036819397565
2021-12-17 05:00:00,313.3944122519,316.2462768555,313.87346283081786
2021-12-20 05:00:00,312.5836789504,312.4469604492,313.0171255105806
2021-12-21 05:00:00,315.7481900597,319.654876709,316.6525906012607
2021-12-22 05:00:00,320.6413171475,325.4270324707,322.99370408614254
2021-12-23 05:00:00,324.9875176459,326.8822631836,328.14428030234546
2021-12-27 05:00:00,327.6342870802,334.4612426758,333.38299885512083
2021-12-28 05:00:00,335.1448853426,333.2892150879,333.7112046442686
2021-12-29 05:00:00,333.3380094803,333.972869873,334.69602909012804
2021-12-30 05:00:00,333.9337196188,331.4041442871,332.71487235838526
2021-12-31 05:00:00,330.6130644869,328.4741516113,329.45987177736504
2022-01-03 05:00:00,327.5268047798,326.9407958984,325.35787859733205
2022-01-04 05:00:00,327.0189846909,321.334777832,320.51322259919647
2022-01-05 05:00:00,318.2581866301,308.9993591309,310.6561054565536
2022-01-06 05:00:00,305.8446667975,306.5576477051,309.0964055490847
2022-01-07 05:00:00,306.8213477817,306.7139282227,305.64015536580905
2022-01-10 05:00:00,302.2700791338,306.9385681152,302.6872844429247
2022-01-11 05:00:00,306.0693993092,307.6320800781,306.0325979323617
2022-01-12 05:00:00,312.2126093841,310.8452453613,313.3157033940868
2022-01-13 05:00:00,312.9939723984,297.6895141602,300.1152793649784
2022-01-14 05:00:00,297.1523836225,302.9635925293,302.1322650697591
2022-01-18 05:00:00,296.9765168025,295.589630127,299.8045290232043
2022-01-19 05:00:00,299.1447535842,296.2537841797,302.3905007146766
2022-01-20 05:00:00,301.8599482289,294.5642089844,297.66431329859256
2022-01-21 05:00:00,295.6287207235,289.1240844727,291.2339722459765
2022-01-24 05:00:00,285.3834124271,289.4561157227,276.1928469263736
2022-01-25 05:00:00,284.7193238304,281.7600097656,282.48762351950575
2022-01-26 05:00:00,300.8051252837,289.788269043,289.23162224010514
2022-01-27 05:00:00,295.5994051598,292.8451843262,295.6129294886679
2022-01-28 05:00:00,293.2261151345,301.0687866211,295.14638483735075
2022-01-31 05:00:00,301.7427299797,303.7253723145,302.60343372001046
2022-02-01 05:00:00,303.1686617452,301.5571594238,299.34239053281806
2022-02-02 05:00:00,302.4068520964,306.1474914551,306.3573746121805
2022-02-03 05:00:00,302.270116384,294.2223510742,296.1126702123641
2022-02-04 05:00:00,293.206578374,298.8029174805,299.94784307456683
2022-02-07 05:00:00,299.0275480832,293.9293212891,295.4956065830033
2022-02-08 05:00:00,294.2223279383,297.4551086426,296.80379705111636
2022-02-09 05:00:00,302.64124523,303.9499816895,302.5327109740905
2022-02-10 05:00:00,296.9472366576,295.325958252,298.44451111958534
2022-02-11 05:00:00,296.1170949522,288.1572265625,289.921492881276
2022-02-14 05:00:00,286.9168166988,288.1181335449,287.55356719707373
2022-02-15 05:00:00,293.0112496736,293.4605102539,291.49565145662285
2022-02-16 05:00:00,292.0120552484,293.117980957,290.40596977442027
2022-02-17 05:00:00,290.0448875384,284.5348815918,285.4730383613724
2022-02-18 05:00:00,286.8054499292,281.7945556641,282.2012113015944
2022-02-22 05:00:00,278.9269786442,281.5890197754,283.8716928457425
2022-02-23 05:00:00,283.9965613698,274.2977294922,277.18094853298504
2022-02-24 05:00:00,266.703162867,288.3126525879,283.63297887954366
2022-02-25 05:00:00,288.8509272893,290.9746704102,288.2230821848309
2022-02-28 05:00:00,288.0385792792,292.4231262207,291.00946545241175
2022-03-01 05:00:00,290.0840623305,288.6649780273,289.6624297728123
2022-03-02 05:00:00,289.0661493178,293.7932434082,292.73513478911053
2022-03-03 05:00:00,296.4357666066,289.6142883301,289.67206037883216
2022-03-04 05:00:00,288.0190042801,283.683380127,283.5339598600576
2022-03-07 05:00:00,282.3818024991,272.966796875,275.3530472883165
2022-03-08 05:00:00,271.8803226634,269.9718933105,270.5033023101638
2022-03-09 05:00:00,277.4001818433,282.352355957,280.26900226660393
2022-03-10 05:00:00,276.9891511743,279.5043945312,278.0524892645888
2022-03-11 05:00:00,281.8238460419,274.1019897461,276.3071258331436
2022-03-14 04:00:00,274.3662359138,270.5493469238,274.8504569920086
2022-03-15 04:00:00,274.3760705576,281.0311584473,279.1076853024154
2022-03-16 04:00:00,282.9493647322,288.1168823242,282.60536984794726
2022-03-17 04:00:00,287.0402718527,288.9291381836,285.9247316344647
2022-03-18 04:00:00,289.075993018,294.0281677246,291.5671300220203
2022-03-21 04:00:00,292.5209814546,292.7852172852,290.5303924211241
2022-03-22 04:00:00,293.4115468544,297.5807800293,296.90462580035046
2022-03-23 04:00:00,294.1065300838,293.1082458496,294.2393715010635
2022-03-24 04:00:00,292.7656651861,297.6199645996,296.3233673399351
2022-03-25 04:00:00,298.7259125533,297.2089233398,294.37986532197584
2022-03-28 04:00:00,297.8450880153,304.0793762207,303.17076343022484
2022-03-29 04:00:00,307.2209281871,308.6889648438,305.03842978867914
2022-03-30 04:00:00,307.074121339,307.1719665527,307.31739759716254
2022-03-31 04:00:00,307.2111137448,301.740234375,303.56430471135576
2022-04-01 04:00:00,302.7776771607,302.8266296387,300.5540014537243
2022-04-04 04:00:00,303.4823140398,308.2583312988,307.3848449502011
2022-04-05 04:00:00,306.5945186039,304.2554626465,305.3767714241153
2022-04-06 04:00:00,298.6867356391,293.117980957,293.43144983006005
2022-04-07 04:00:00,290.3384635445,294.9480895996,295.7999045094648
2022-04-08 04:00:00,294.0379352877,290.6418762207,291.4700794379239
2022-04-11 04:00:00,285.5722785588,279.181427002,280.93300537747274
2022-04-12 04:00:00,283.0766168251,276.049621582,277.34142353037424
2022-04-13 04:00:00,276.7053656058,281.4911499023,280.34910244469324
2022-04-14 04:00:00,281.9510933584,273.8670959473,275.21255060976443
2022-04-18 04:00:00,272.9667410827,274.5424194336,275.54448636189943
2022-04-19 04:00:00,273.4267460083,279.2205810547,278.16976958339137
2022-04-20 04:00:00,283.2331943526,280.2579650879,280.46716427911474
2022-04-21 04:00:00,282.4306202973,274.8262023926,279.3635840263653
2022-04-22 04:00:00,275.6776534545,268.1906738281,270.3202380305727
2022-04-25 04:00:00,267.466521386,274.7381896973,271.7170780460675
2022-04-26 04:00:00,271.5868155186,264.4619445801,266.3761508786294
2022-04-27 04:00:00,276.0887767073,277.1849060059,280.8116459114318
2022-04-28 04:00:00,279.1129220395,283.4583129883,280.8163973359915
2022-04-29 04:00:00,282.4600031548,271.6063232422,273.7758056835588
2022-05-02 04:00:00,271.79230263,278.4082641602,276.4432916981896
2022-05-03 04:00:00,277.909143889,275.775604248,275.21814015253494
2022-05-04 04:00:00,276.5683010676,283.8008422852,278.43688140891516
2022-05-05 04:00:00,279.4555169457,271.440032959,271.16407079489215
2022-05-06 04:00:00,268.9540755967,268.875793457,269.7627586533152
2022-05-09 04:00:00,264.3053467571,258.9421081543,260.82158041301716
2022-05-10 04:00:00,265.9005684118,263.757232666,262.33288727823657
2022-05-11 04:00:00,260.018645467,254.9979553223,259.42910182315495
2022-05-12 04:00:00,252.1989011925,249.9087677002,247.84902876944113
2022-05-13 04:00:00,251.866146897,255.5558013916,254.88710028899013
2022-05-16 04:00:00,254.4204961423,255.9276885986,255.77740243797342
2022-05-17 04:00:00,260.439507141,261.1343994141,259.43808511715946
2022-05-18 04:00:00,257.9952662802,249.245010376,250.29810039797832
2022-05-19 04:00:00,249.0684081806,248.3228759766,250.5941531526595
2022-05-20 04:00:00,252.3448565312,247.7539215088,244.7099970695025
2022-05-23 04:00:00,250.6281602249,255.689956665,253.85134216180901
2022-05-24 04:00:00,252.9825510356,254.6796112061,252.29896868043227
2022-05-25 04:00:00,253.2277875989,257.5244140625,257.6539120545209
2022-05-26 04:00:00,257.279099466,260.8400268555,260.6158249497025
2022-05-27 04:00:00,263.3710354192,268.040435791,266.66427792736897
2022-05-31 04:00:00,267.3439775396,266.6965332031,266.4044797452375
2022-06-01 04:00:00,269.9631508378,267.2360534668,267.93007038769764
2022-06-02 04:00:00,259.4177114707,269.3549194336,265.2318284732055
2022-06-03 04:00:00,265.1662037699,264.8817138672,266.3240778603597
2022-06-06 04:00:00,266.8828438464,263.6358337402,264.82511054348197
2022-06-07 04:00:00,261.5660104007,267.3144836426,266.2969142045896
2022-06-08 04:00:00,266.5395014574,265.264251709,266.1059422645191
2022-06-09 04:00:00,262.684313298,259.7512207031,264.18727158953766
2022-06-10 04:00:00,255.6212988231,248.1757507324,249.2604488594411
2022-06-13 04:00:00,240.4457050669,237.6499328613,240.7795932675378
2022-06-14 04:00:00,239.2194928828,239.8375091553,239.00212048771698
2022-06-15 04:00:00,243.5848012363,246.9691467285,247.6964722670292
2022-06-16 04:00:00,241.2991397682,240.3083648682,240.2404058021864
2022-06-17 04:00:00,240.0434873227,242.9373474121,244.24114032889992
2022-06-21 04:00:00,245.4976953223,248.9114837646,248.62471996023191
2022-06-22 04:00:00,247.0966861488,248.3130950928,250.19873720119188
2022-06-23 04:00:00,250.706694651,253.9340667725,252.32363804490032
2022-06-24 04:00:00,256.8278740571,262.6058044434,261.8105012483837
2022-06-27 04:00:00,263.1061345838,259.8493347168,259.4028898262169
2022-06-28 04:00:00,258.9566294671,251.5993499756,255.1833201073672
2022-06-29 04:00:00,252.6881839354,255.3073883057,254.84603798202005
2022-06-30 04:00:00,252.1584721928,251.9426574707,250.93149564173638
2022-07-01 04:00:00,251.511066412,254.640335083,252.93708594313904
2022-07-05 04:00:00,251.2854484066,257.8481445312,255.66362007839393
2022-07-06 04:00:00,258.7309556023,261.1441345215,261.1847415352371
2022-07-07 04:00:00,260.0749285188,263.2925109863,263.3321585644991
2022-07-08 04:00:00,259.751178387,262.5665588379,261.36446934528624
2022-07-11 04:00:00,260.5948535009,259.4765625,258.7052587948324
2022-07-12 04:00:00,260.8204612615,248.8428039551,249.72555643942178
2022-07-13 04:00:00,245.429034277,247.9108886719,246.58441637406065
2022-07-14 04:00:00,245.8018089789,249.245010376,245.783375424496
2022-07-15 04:00:00,250.8538072157,251.834777832,253.94533050367738
2022-07-18 04:00:00,254.807111952,249.4117736816,250.60917557320698
2022-07-19 04:00:00,252.6783584417,254.5912628174,251.39628382774555
2022-07-20 04:00:00,254.9542487929,257.2791442871,258.26454386492986
2022-07-21 04:00:00,254.846342725,259.8002319336,256.7935875706788
2022-07-22 04:00:00,260.1926127589,255.4054718018,255.46082328643877
2022-07-25 04:00:00,256.0333213816,253.9046020508,253.24982751269317
2022-07-26 04:00:00,254.9150245163,247.1065063477,246.71701434079603
2022-07-27 04:00:00,256.1902637356,263.6260070801,261.43598940188144
2022-07-28 04:00:00,264.6168474838,271.1501159668,269.6106763187048
2022-07-29 04:00:00,272.415575701,275.3977050781,275.1633967003895
2022-08-01 04:00:00,272.5332482084,272.7196350098,273.88066488326797
2022-08-02 04:00:00,270.7479007367,269.5903625488,269.52583424238776
2022-08-03 04:00:00,271.4934235284,277.0947570801,276.88372533630695
2022-08-04 04:00:00,276.4375176431,278.2523193359,276.9522152783016
2022-08-05 04:00:00,273.8379386471,277.5263977051,277.2378233363978
2022-08-08 04:00:00,278.644688454,274.9856872559,276.49896918361884
2022-08-09 04:00:00,274.3186533873,276.9280090332,275.61139243094857
2022-08-10 04:00:00,282.6863193601,283.6574707031,283.26124912673697
2022-08-11 04:00:00,285.3153315336,281.5581970215,282.33457960861483
2022-08-12 04:00:00,282.9904110645,286.3551330566,284.690846615949
2022-08-15 04:00:00,285.4624082234,287.8854064941,287.5101880174933
2022-08-16 04:00:00,286.433653442,287.1399536133,287.0484292990927
2022-08-17 04:00:00,284.8297247759,286.3829650879,287.7266244668023
2022-08-18 04:00:00,285.2720916619,285.2524414062,286.0119142137888
2022-08-19 04:00:00,284.0039629702,281.300567627,281.83535083379
2022-08-22 04:00:00,277.299513022,273.0429077148,273.8869130305393
2022-08-23 04:00:00,271.7550964355,271.7550964355,273.0782023209845
2022-08-24 04:00:00,270.7425850248,271.1161499023,272.21352042511216
2022-08-25 04:00:00,272.6300385369,274.1242980957,271.92330353068843
2022-08-26 04:00:00,274.3503719128,263.5466308594,266.4453748473483
2022-08-29 04:00:00,261.3445953636,260.7351074219,261.18720202788404
2022-08-30 04:00:00,262.1507355408,258.5134277344,257.76738277777173
2022-08-31 04:00:00,260.8924295338,257.038848877,259.159346720266
2022-09-01 04:00:00,254.4828385816,255.986907959,253.47128526819316
2022-09-02 04:00:00,257.2649371114,251.7205047607,253.92225949739816
2022-09-06 04:00:00,251.8581323029,248.958114624,249.87904069502727
2022-09-07 04:00:00,250.3835465601,253.7160949707,252.63923002231402
2022-09-08 04:00:00,253.1459614359,254.1388244629,253.4418542264176
2022-09-09 04:00:00,256.0852083904,259.9780883789,259.86383172166643
2022-09-12 04:00:00,261.2757608634,262.1310119629,262.35436360686043
2022-09-13 04:00:00,254.4533851548,247.7194824219,249.94622745454114
2022-09-14 04:00:00,249.2333686335,247.9455718994,247.02072704349064
2022-09-15 04:00:00,245.5370976974,241.221496582,242.31613732715698
2022-09-16 04:00:00,240.1204700502,240.5923461914,239.37776607097314
2022-09-19 04:00:00,238.3608220626,240.376083374,239.3571175406163
2022-09-20 04:00:00,237.96760613,238.3411560059,237.34112672794254
2022-09-21 04:00:00,240.1302994913,234.9004516602,238.57886073470766
2022-09-22 04:00:00,233.8387472902,236.8960418701,238.49082757649415
2022-09-23 04:00:00,235.4804495936,233.8879089355,233.38472667602642
2022-09-26 04:00:00,233.0326577023,233.4258728027,236.57835394660674
2022-09-27 04:00:00,235.9130094124,232.4035186768,233.0512506039354
2022-09-28 04:00:00,232.7967433581,236.9845581055,235.60946161543583
2022-09-29 04:00:00,234.8414640452,233.4750213623,232.21910118862854
2022-09-30 04:00:00,234.2516415831,228.9529876709,231.65417737809867
2022-10-03 04:00:00,231.4204527462,236.6601257324,235.8592529784163
2022-10-04 04:00:00,240.9363921303,244.6621704102,245.19746881139605
2022-10-05 04:00:00,241.8211696977,244.9767608643,244.08277245422218
2022-10-06 04:00:00,243.7282692943,242.6075897217,244.33933151142463
2022-10-07 04:00:00,236.8173987708,230.2702789307,231.0100020306683
2022-10-10 04:00:00,229.1004410088,225.3648376465,225.2949309892229
2022-10-11 04:00:00,223.7624581828,221.5899200439,222.22440576361862
2022-10-12 04:00:00,221.5800893472,221.9241638184,222.54316879183807
2022-10-13 04:00:00,216.1241506197,230.2702789307,228.34204538514047
2022-10-14 04:00:00,231.5482271056,224.6865234375,227.16356096128692
2022-10-17 04:00:00,231.8235199618,233.5045318604,233.9542587336839
2022-10-18 04:00:00,239.1177751678,234.4580993652,233.405908300615
2022-10-19 04:00:00,233.0228277213,232.4723205566,232.99930707517726
2022-10-20 04:00:00,231.7743688277,232.1479187012,235.57888591360242
2022-10-21 04:00:00,230.7618194352,238.0167388916,237.21548791150838
2022-10-24 04:00:00,239.6289396014,243.0597991943,241.02131545623257
2022-10-25 04:00:00,243.0696142588,246.4120025635,245.0873572326044
2022-10-26 04:00:00,227.2523286026,227.3997955322,232.10718178535643
2022-10-27 04:00:00,227.1245010057,222.9072113037,225.07645988455118
2022-10-28 04:00:00,222.4058768854,231.8726654053,230.5151328792602
2022-10-31 04:00:00,229.7984261071,228.1960601807,228.79659398919193
2022-11-01 04:00:00,230.6242147843,224.3031768799,225.74735297468777
2022-11-02 04:00:00,225.571325087,216.3699493408,219.4486624629037
2022-11-03 04:00:00,216.3600734609,210.6190490723,211.79309671834886
2022-11-04 04:00:00,213.8631423241,217.6380615234,213.81873176973227
2022-11-07 05:00:00,218.2279142696,224.0082550049,222.85431434073627
2022-11-08 05:00:00,224.8241853046,224.9913024902,224.99366785231348
2022-11-09 05:00:00,223.5167166236,220.7051849365,222.22853868080145
2022-11-10 05:00:00,231.4401008649,238.8621520996,237.45877818092475
2022-11-11 05:00:00,238.8719773949,242.9221496582,242.134757023833
2022-11-14 05:00:00,237.8889512695,237.4564056396,237.34365994110595
2022-11-15 05:00:00,241.4967450449,237.8692779541,238.14611917860947
2022-11-16 05:00:00,239.3479944174,238.303024292,238.4370069144054
2022-11-17 05:00:00,234.4090190141,238.2537231445,238.79545150631043
2022-11-18 05:00:00,240.0577908555,237.8002624512,236.78977756610698
2022-11-21 05:00:00,238.0072943853,238.6185150146,240.59375347840052
2022-11-22 05:00:00,240.1366561616,241.5562438965,239.35355148331536
2022-11-23 05:00:00,241.6351295837,244.0701141357,243.67313430031112
2022-11-25 05:00:00,243.8039282828,243.9813842773,244.68002160310223
2022-11-28 05:00:00,242.5913745224,238.332611084,238.92542205721787
2022-11-29 05:00:00,237.977720367,236.9228973389,236.67857733858983
2022-11-30 05:00:00,237.1594831814,251.5229187012,248.28883254021432
2022-12-01 05:00:00,250.2709025155,251.079284668,249.8527224100814
2022-12-02 05:00:00,246.2783550206,251.4046325684,251.29266633679953
2022-12-05 05:00:00,248.4373070015,246.6529693604,246.84493799955868
2022-12-06 05:00:00,247.2641779308,241.6449737549,242.50611559872243
2022-12-07 05:00:00,241.3590944188,240.9056091309,240.49097377562936
2022-12-08 05:00:00,241.3689494259,243.8926544189,243.1918694690845
2022-12-09 05:00:00,241.2309409356,241.9407348633,243.85894652123636
2022-12-12 05:00:00,243.9419583572,248.9302215576,247.93699964714412
2022-12-13 05:00:00,257.9800447135,253.2776794434,252.84502454796805
2022-12-14 05:00:00,253.484704822,253.573425293,255.66785817944827
2022-12-15 05:00:00,250.1230772861,245.4798431396,245.48241843763662
2022-12-16 05:00:00,245.0263318027,241.2210540771,242.121051213697
2022-12-19 05:00:00,241.3886518193,237.0411682129,236.8278884112344
2022-12-20 05:00:00,236.0060854329,238.3720703125,238.18479078696112
2022-12-21 05:00:00,238.2636214043,240.9647674561,240.2722580873612
2022-12-22 05:00:00,237.8397018497,234.8132324219,232.53926853344973
2022-12-23 05:00:00,232.7626987619,235.3455505371,233.3672469190741
2022-12-27 05:00:00,235.3159541582,233.6006317139,233.3798446153359
2022-12-28 05:00:00,233.5316519434,231.2051086426,233.7344789751324
2022-12-29 05:00:00,232.3092185325,237.5932312012,237.43821312253436
2022-12-30 05:00:00,234.8329443312,236.4201202393,235.1717240320819
2023-01-03 05:00:00,239.6338985596,236.1835174561,237.26078259360884
2023-01-04 05:00:00,228.9870070497,225.8520965576,224.45640203007608
2023-01-05 05:00:00,223.9790150204,219.1583404541,219.98740817437363
2023-01-06 05:00:00,219.8385642044,221.7411956787,219.19821019543087
2023-01-09 05:00:00,223.2396467864,223.9001464844,227.17682190955884
2023-01-10 05:00:00,224.5310931041,225.6056518555,227.1841094013766
2023-01-11 05:00:00,228.0110373214,232.4275360107,231.73674829634308
2023-01-12 05:00:00,231.9247671369,235.128692627,234.37683126263758
2023-01-13 05:00:00,233.6400890231,235.838470459,234.01798087836755
2023-01-17 05:00:00,234.5963627768,236.9426269531,236.41439134877157
2023-01-18 05:00:00,238.1453003087,232.4669494629,234.02050125202987
2023-01-19 05:00:00,230.4657467122,228.6419677734,229.50388037954946
2023-01-20 05:00:00,231.5304401084,236.814453125,236.06526724616057
2023-01-23 05:00:00,237.6819619361,239.1409759521,239.90647662744917
2023-01-24 05:00:00,239.0621278724,238.6086425781,238.74957309138887
2023-01-25 05:00:00,231.1558127275,237.1989135742,235.28692297858368
2023-01-26 05:00:00,240.1958243036,244.484161377,242.71477235918323
2023-01-27 05:00:00,245.4601112393,244.6418762207,244.59898775156586
2023-01-30 05:00:00,241.0436348359,239.2691650391,240.24655238273084
2023-01-31 05:00:00,239.9986547341,244.2968444824,243.348664261353
2023-02-01 05:00:00,244.4841489707,249.166809082,248.2314938277528
2023-02-02 05:00:00,255.150759218,260.848815918,258.692342444417
2023-02-03 05:00:00,255.8605710221,254.6874389648,257.74181273039426
2023-02-06 05:00:00,253.790321285,253.1298065186,252.539210798092
2023-02-07 05:00:00,256.8365100019,263.7668457031,263.148621215562
2023-02-08 05:00:00,269.3268851099,262.9486083984,266.5909679930477
2023-02-09 05:00:00,269.9183944349,259.8827209473,261.23043124230895
2023-02-10 05:00:00,257.822337045,259.3700866699,259.38156551414784
2023-02-13 05:00:00,263.8457193291,267.4735412598,269.140212516955
2023-02-14 05:00:00,268.804404482,268.3114929199,268.08145912518194
2023-02-15 05:00:00,265.1786082933,266.1669006348,265.5753762342026
2023-02-16 05:00:00,260.9289122519,259.0808105469,261.5783259134097
2023-02-17 05:00:00,256.3531572122,255.0387115479,254.36883068703537
2023-02-21 05:00:00,251.5006599597,249.7118530273,250.16805408780556
2023-02-22 05:00:00,251.1152106132,248.5654144287,248.474984246495
2023-02-23 05:00:00,252.5679910268,251.7872467041,249.62261067339142
2023-02-24 05:00:00,247.033572633,246.302230835,246.5768124482087
2023-02-27 05:00:00,249.5042918382,247.2312164307,247.51401308734995
2023-02-28 05:00:00,246.1539998901,246.4998931885,248.03507726326586
2023-03-01 05:00:00,247.8241875862,243.3867645264,244.1017631739069
2023-03-02 05:00:00,243.6634940527,248.1701049805,246.93121706984664
2023-03-03 05:00:00,249.2374803702,252.3011779785,251.52438229728176
2023-03-06 05:00:00,253.4277893524,253.8626403809,256.2133318460526
2023-03-07 05:00:00,253.2993528484,251.1745300293,252.2476888625858
2023-03-08 05:00:00,251.0657979056,250.7297821045,249.05297611154805
2023-03-09 05:00:00,252.8249750204,249.3659515381,252.4921320934995
2023-03-10 05:00:00,248.1404493705,245.6795959473,246.8567018530472
2023-03-13 04:00:00,244.5035190475,250.9471893311,251.56490451797498
2023-03-14 04:00:00,253.7440761099,257.7367858887,256.6533624179592
2023-03-15 04:00:00,256.93623849,262.3323059082,261.6441807749443
2023-03-16 04:00:00,262.1050157758,272.9663696289,269.623873017847
2023-03-17 04:00:00,275.0022535971,276.1585388184,277.64539679048585
2023-03-20 04:00:00,273.7372044558,269.0428161621,268.5031735329293
2023-03-21 04:00:00,271.6617734831,270.5746459961,267.6039713720588
2023-03-22 04:00:00,270.1991324059,269.102142334,275.4344223487949
2023-03-23 04:00:00,274.6859919057,274.4092712402,275.1463794136479
2023-03-24 04:00:00,273.994156413,277.2851867676,275.3132884422174
2023-03-27 04:00:00,277.2160164281,273.1442565918,274.1343976445198
2023-03-28 04:00:00,272.5611622639,272.0077209473,270.0324850773022
2023-03-29 04:00:00,275.6940502547,277.2259216309,277.2487690739881
2023-03-30 04:00:00,280.902341812,280.7244262695,279.1148022381868
2023-03-31 04:00:00,280.4081793044,284.9246520996,284.43091985296746
2023-04-03 04:00:00,283.165539187,283.8672485352,282.712432608864
2023-04-04 04:00:00,283.8672122529,283.817779541,285.3990287959406
2023-04-05 04:00:00,282.5033784853,281.0110473633,281.39976042169906
2023-04-06 04:00:00,279.8943077212,288.1860961914,286.1307459637826
2023-04-10 04:00:00,285.824007072,286.0019226074,282.70924247475415
2023-04-11 04:00:00,282.4045341583,279.5187072754,279.48613024116753
2023-04-12 04:00:00,281.4558188051,280.1710205078,281.14952873396794
2023-04-13 04:00:00,280.269827996,286.4466552734,285.1493011784049
2023-04-14 04:00:00,283.6398949429,282.7899780273,282.3611052208853
2023-04-17 04:00:00,286.5356290784,285.4188537598,285.02489922376657
2023-04-18 04:00:00,288.1564136155,284.9938659668,284.8389420514827
2023-04-19 04:00:00,282.6417161444,285.0729370117,284.13930164467746
2023-04-20 04:00:00,281.9103979818,282.7603149414,285.03294348966836
2023-04-21 04:00:00,281.673209456,282.4144287109,281.35368187995573
2023-04-24 04:00:00,278.7873606159,278.4710998535,278.5257847707171
2023-04-25 04:00:00,276.2375767759,272.1954650879,274.7329675208655
2023-04-26 04:00:00,293.2264027284,291.9119567871,292.49002366229286
2023-04-27 04:00:00,292.5049129439,301.2611694336,299.4193538158285
2023-04-28 04:00:00,300.4507997562,303.6627502441,304.040297298012
2023-05-01 04:00:00,303.3761314574,301.982635498,303.47836180492277
2023-05-02 04:00:00,304.1568434893,301.8343505859,302.40601192075565
2023-05-03 04:00:00,303.0302225774,300.8362121582,302.8206080782035
2023-05-04 04:00:00,302.6546199125,301.8343505859,301.82097493627504
2023-05-05 04:00:00,302.1407566651,307.0130310059,306.1417035493288
2023-05-08 04:00:00,306.4990909089,305.0364074707,303.5431961384776
2023-05-09 04:00:00,304.3940541022,303.4057617188,304.9245460155152
2023-05-10 04:00:00,305.0067936262,308.6535949707,307.9736846800122
2023-05-11 04:00:00,306.4694466681,306.479309082,304.4187058150126
2023-05-12 04:00:00,306.9141803085,305.3526916504,304.0570819562985
2023-05-15 04:00:00,305.4812042903,305.8369750977,305.1987839499386
2023-05-16 04:00:00,306.2026591752,308.0903015137,309.57342200378685
2023-05-17 04:00:00,309.308561694,311.0022277832,310.0400259666477
2023-05-18 04:00:00,311.5271070453,315.4790039062,314.7256015128178
2023-05-19 04:00:00,313.7160201569,315.3007507324,315.33638487418875
2023-05-22 04:00:00,315.5583226128,318.1136779785,318.5400404883654
2023-05-23 04:00:00,316.974663418,312.250213623,315.4478169220497
2023-05-24 04:00:00,311.7252716558,310.8536682129,311.695536336779
2023-05-25 04:00:00,320.1539739978,322.8084106445,320.67213764326334
2023-05-26 04:00:00,320.9265111434,329.7118530273,328.4901026469819
2023-05-30 04:00:00,332.0295527953,328.0479125977,328.88033707050283
2023-05-31 04:00:00,329.1175817979,325.2548217773,328.20292514099856
2023-06-01 04:00:00,322.8183098643,329.4048156738,328.1040700424651
2023-06-02 04:00:00,331.0588612576,332.1978759766,332.5558944254792
2023-06-05 04:00:00,332.0196302543,332.7327575684,334.53947468813476
2023-06-06 04:00:00,332.1285650064,330.4943237305,329.9070585341583
2023-06-07 04:00:00,328.4837294722,320.2926940918,323.4398961476253
2023-06-08 04:00:00,320.8473190218,322.1547241211,322.83017509361525
2023-06-09 04:00:00,321.8872716615,323.6701049805,325.67186072132495
2023-06-12 04:00:00,325.442992961,328.6817932129,325.7081303608698
2023-06-13 04:00:00,331.2768155452,331.0985412598,330.21099858423224
2023-06-14 04:00:00,331.1479655101,334.1193237305,333.9168550606154
2023-06-15 04:00:00,334.2580078676,344.7766113281,344.04256317437216
2023-06-16 04:00:00,347.9658981054,339.061706543,340.6655451594896
2023-06-20 04:00:00,336.0705816841,334.8226013184,335.7388614925942
2023-06-21 04:00:00,333.1586279176,330.3754577637,331.015345962161
2023-06-22 04:00:00,330.9301079264,336.4667358398,335.3376929780221
2023-06-23 04:00:00,331.1678306353,331.8215332031,333.597144861512
2023-06-26 04:00:00,330.5339436111,325.4628295898,328.4138209126568
2023-06-27 04:00:00,328.691674934,331.3758239746,330.27845581119334
2023-06-28 04:00:00,331.4649743422,332.6436157227,333.726520666335
2023-06-29 04:00:00,331.5144764531,331.8512268066,331.2450218167836
2023-06-30 04:00:00,334.5254464744,337.2888183594,338.33451679927816
2023-07-03 04:00:00,335.9517086008,334.7631530762,335.4866974925295
2023-07-05 04:00:00,331.8908475051,334.9216308594,337.08649805403354
2023-07-06 04:00:00,334.079711546,338.0118103027,337.39812795668115
2023-07-07 04:00:00,336.0804144606,334.0004577637,336.4581462856345
2023-07-10 04:00:00,331.4055305337,328.6619567871,326.4293490407166
2023-07-11 04:00:00,327.8992953536,329.2958374023,326.2929031476351
2023-07-12 04:00:00,333.3864960623,333.9807739258,336.93155776647006
2023-07-13 04:00:00,336.3181401724,339.3885498047,339.5142985236915
2023-07-14 04:00:00,344.2714787737,341.9439086914,344.9251557387646
2023-07-17 04:00:00,342.3797499909,342.4292907715,340.8928927212792
2023-07-18 04:00:00,342.5283020416,356.0578918457,356.1948154866859
2023-07-19 04:00:00,358.2963365841,351.6900024414,351.4946851700853
2023-07-20 04:00:00,350.1944264068,343.558380127,347.18486476355514
2023-07-21 04:00:00,345.8165864159,340.4879455566,339.3345999657538
2023-07-24 04:00:00,342.5481412461,341.8151855469,340.8243804265131
2023-07-25 04:00:00,343.7960724908,347.6291503906,346.2166723711242
2023-07-26 04:00:00,338.1802020793,334.5452270508,334.13620603064703
2023-07-27 04:00:00,337.2293903251,327.5625610352,328.7422437598109
2023-07-28 04:00:00,330.4844161031,335.1395263672,335.39010411341246
2023-07-31 04:00:00,333.7034045607,332.7129516602,331.72645037773486
2023-08-01 04:00:00,331.9898915235,333.12890625,333.74125602980655
2023-08-02 04:00:00,330.4448025862,324.3733215332,324.75955738444253
2023-08-03 04:00:00,322.8876183145,323.5413208008,326.24307770352164
2023-08-04 04:00:00,328.7114975059,324.6506347656,327.75958696996474
2023-08-07 04:00:00,325.2350261029,326.958404541,327.03722236979985
2023-08-08 04:00:00,323.8384494933,322.9371337891,322.3029288884977
2023-08-09 04:00:00,323.3531358045,319.1536254883,319.70229608685554
2023-08-10 04:00:00,322.9074194331,319.8469238281,320.9869201457891
2023-08-11 04:00:00,317.2024423381,317.9452819824,318.36842492213873
2023-08-14 04:00:00,318.3216560894,320.9463500977,319.6771178683538
2023-08-15 04:00:00,319.9162706505,318.7871398926,320.162326854414
2023-08-16 04:00:00,318.4100144134,318.0130004883,320.76882964929905
2023-08-17 04:00:00,318.151931576,314.5191955566,315.9368964821537
2023-08-18 04:00:00,312.1470278785,314.1222229004,313.0865159638707
2023-08-21 04:00:00,315.5613799215,319.4819641113,318.9614417972909
2023-08-22 04:00:00,323.0749772225,320.0576171875,320.52273342797037
2023-08-23 04:00:00,321.4075108926,324.5638122559,325.679472278636
2023-08-24 04:00:00,330.3702287533,317.5861816406,320.07274602756326
2023-08-25 04:00:00,319.0750010222,320.5737609863,320.2485283476043
2023-08-28 04:00:00,323.2337802929,321.2883911133,320.69510155702415
2023-08-29 04:00:00,319.4819382936,325.9632873535,325.39580099819045
2023-08-30 04:00:00,326.2213834796,326.3404846191,325.63248590456516
2023-08-31 04:00:00,326.747419947,325.318145752,326.43693636243904
2023-09-01 04:00:00,328.8416767325,326.2114257812,325.9645250480585
2023-09-05 04:00:00,326.5489125751,331.0650024414,331.2107272023107
2023-09-06 04:00:00,330.8962688139,330.3999938965,329.4463523997323
2023-09-07 04:00:00,328.8218721764,327.4521484375,328.7101449724656
2023-09-08 04:00:00,327.6307814011,331.7796325684,332.22309247346607
2023-09-11 04:00:00,334.7275356821,335.4223327637,334.5229553695881
2023-09-12 04:00:00,333.3180933022,329.298248291,330.8316393025516
2023-09-13 04:00:00,328.841723163,333.5563354492,333.43150128742104
2023-09-14 04:00:00,336.6232649865,336.1766357422,336.19070782148015
2023-09-15 04:00:00,334.4099230549,327.7598266602,329.0913328633022
2023-09-18 04:00:00,325.3578369372,326.6084594727,326.56039173826866
2023-09-19 04:00:00,323.7400032852,326.2015075684,325.24073762837
2023-09-20 04:00:00,327.0550938253,318.3801879883,319.96839804788704
2023-09-21 04:00:00,316.8814670316,317.1494445801,318.44031489724193
2023-09-22 04:00:00,318.9261420526,314.6482543945,315.0724150282147
2023-09-25 04:00:00,314.231351421,315.1742858887,314.10834580909943
2023-09-26 04:00:00,312.7822284177,309.8145141602,309.4555066217075
2023-09-27 04:00:00,309.9733162394,310.4596862793,309.71045164440545
2023-09-28 04:00:00,308.6730936919,311.3033752441,311.2480094652017
2023-09-29 04:00:00,315.3827132152,313.3976135254,314.77380623132547
2023-10-02 04:00:00,313.9236626353,319.4025268555,317.74737334912663
2023-10-03 04:00:00,318.4397804218,311.0552368164,311.1990933246027
2023-10-04 04:00:00,311.6904459471,316.5837097168,316.7188390017808
2023-10-05 04:00:00,316.7127353294,316.9807128906,314.26955410136105
2023-10-06 04:00:00,314.1916678669,324.8218994141,324.2160286290134
2023-10-09 04:00:00,322.3305880976,327.3628234863,325.7242859630354
2023-10-10 04:00:00,328.4942809524,325.9434509277,326.2322854720685
2023-10-11 04:00:00,328.7424437404,329.9434509277,328.64905147059596
2023-10-12 04:00:00,328.1072092853,328.6928100586,329.32926820222167
2023-10-13 04:00:00,329.9037111607,325.2883605957,326.38274445939476
2023-10-16 04:00:00,328.5835928745,330.1617736816,332.56240127126193
2023-10-17 04:00:00,327.1344908262,329.5860900879,328.7118618315535
2023-10-18 04:00:00,330.0129083872,327.6506347656,329.3111946329049
2023-10-19 04:00:00,329.6754265829,328.8516235352,332.71361711555767
2023-10-20 04:00:00,329.2486626169,324.2362976074,324.5417974588594
2023-10-23 04:00:00,323.0452233842,326.8665466309,328.18490992151783
2023-10-24 04:00:00,328.8317573726,328.0675048828,326.53955109904746
2023-10-25 04:00:00,342.4495254607,338.1319580078,337.5783981779351
2023-10-26 04:00:00,338.0029548956,325.4472045898,327.87027842308026
2023-10-27 04:00:00,327.9682508374,327.3528747559,331.5617325517941
2023-10-30 04:00:00,330.9260284377,334.7969665527,334.70419771443187
2023-10-31 04:00:00,336.3255414628,335.5910339355,333.35291521480326
2023-11-01 04:00:00,337.2585179648,343.4917297363,343.49023705486115
2023-11-02 04:00:00,344.6530047713,345.7249755859,344.2282879448764
2023-11-03 04:00:00,347.0252038084,350.1715698242,349.22077993343976
2023-11-06 05:00:00,350.8167694918,353.8738098145,354.33386232493876
2023-11-07 05:00:00,356.7224383921,357.8440246582,358.045429653748
2023-11-08 05:00:00,358.9854149812,360.4941101074,360.1670741571904
2023-11-09 05:00:00,359.6007983355,358.0028076172,360.3399387254517
2023-11-10 05:00:00,358.7968132661,366.9158935547,365.58518502595325
2023-11-13 05:00:00,365.4767470879,363.9482116699,364.15590473427756
2023-11-14 05:00:00,368.2459210436,367.5114135742,366.34632233272356
2023-11-15 05:00:00,369.261848037,367.6606140137,367.64328701458487
2023-11-16 05:00:00,368.9436328731,374.1253356934,372.93582161392044
2023-11-17 05:00:00,371.5792022636,367.8396606445,367.0655036153665
2023-11-20 05:00:00,369.2022053086,375.3883972168,375.4323367408656
2023-11-21 05:00:00,373.6280182633,371.0421447754,370.6789724137533
2023-11-22 05:00:00,375.9453516887,375.7961730957,375.2432829823765
2023-11-24 05:00:00,375.2789554627,375.3784179688,374.38036622565664
2023-11-27 05:00:00,374.7319625089,376.5520019531,377.70154911144755
2023-11-28 05:00:00,376.293450756,380.6198120117,380.2098585037576
2023-11-29 05:00:00,381.6740250549,376.7907104492,377.24320532354477
2023-11-30 05:00:00,376.4326724266,376.850402832,375.59090860475294
2023-12-01 05:00:00,374.7120739853,372.4743041992,371.6750645043311
2023-12-04 05:00:00,367.0937538444,367.1335449219,362.65229341632266
2023-12-05 05:00:00,364.4581343822,370.4951171875,369.37325334230525
2023-12-06 05:00:00,371.5096051517,366.7953491211,367.8238482738757
2023-12-07 05:00:00,366.228438561,368.9336547852,367.5724096766229
2023-12-08 05:00:00,367.1932038904,372.1958618164,370.9223196527608
2023-12-11 05:00:00,366.4770898263,369.2817382812,367.34918059664227
2023-12-12 05:00:00,368.8342205561,372.3450317383,371.72911105867536
2023-12-13 05:00:00,373.9760776046,372.3350524902,371.2779919139718
2023-12-14 05:00:00,371.280838713,363.9409484863,364.3702016680894
2023-12-15 05:00:00,364.8559595045,368.7148742676,369.1444614512241
2023-12-18 05:00:00,367.4418020194,370.6243896484,370.0008756362405
2023-12-19 05:00:00,369.470741617,371.2311401367,369.901980034168
2023-12-20 05:00:00,372.9616658636,368.60546875,370.45446927088676
2023-12-21 05:00:00,370.5349289498,371.5096130371,370.30083601548523
2023-12-22 05:00:00,371.6488129168,372.5439147949,372.4412985060508
2023-12-26 05:00:00,372.9616528951,372.6235046387,373.65575558670787
2023-12-27 05:00:00,371.658773318,372.0367126465,372.42498064231074
2023-12-28 05:00:00,373.329619455,373.2401123047,373.60215670327494
2023-12-29 05:00:00,373.9561806088,373.9959716797,373.1862738346239
2024-01-02 05:00:00,371.8278333128,368.854095459,367.9136234336056
2024-01-03 05:00:00,367.0042175414,368.5855712891,370.3367974481187
2024-01-04 05:00:00,368.6551739921,365.9400024414,368.0512582188242
2024-01-05 05:00:00,366.9644379305,365.7510681152,367.7382060953229
2024-01-08 05:00:00,367.292633953,372.6533508301,372.09261538392616
2024-01-09 05:00:00,369.9879231586,373.7473754883,372.8445651924635
2024-01-10 05:00:00,374.324186207,380.6893920898,380.8202828069259
2024-01-11 05:00:00,383.9018550003,382.5393066406,383.29966817725506
2024-01-12 05:00:00,383.3946161527,386.3584289551,385.6323317909056
2024-01-16 05:00:00,391.5202083439,388.1486206055,387.2027673816983
2024-01-17 05:00:00,385.8710751867,387.3529663086,385.3294485397365
2024-01-18 05:00:00,389.5907576087,391.7290649414,390.4789923995459
2024-01-19 05:00:00,393.6088350587,396.5030212402,394.44943465536875
2024-01-22 05:00:00,397.8456367009,394.3547363281,393.38881732838973
2024-01-23 05:00:00,393.5988482846,396.7317199707,395.3715719738
2024-01-24 05:00:00,399.3574118919,400.3718566895,402.1087431684288
2024-01-25 05:00:00,402.1223132064,402.6693115234,403.19482125649733
2024-01-26 05:00:00,402.1720162977,401.7344055176,402.4225159019783
2024-01-29 05:00:00,403.8528106405,407.4929199219,405.9400601766706
2024-01-30 05:00:00,410.019113636,406.3690490723,406.24504381077355
2024-01-31 05:00:00,404.7479340534,395.4189147949,403.58834977409026
2024-02-01 05:00:00,399.6458227621,401.5852355957,404.9133958112436
2024-02-02 05:00:00,401.615075887,408.9848022461,408.78967425050087
2024-02-05 05:00:00,407.6719673273,403.4450683594,404.17905612453774
2024-02-06 05:00:00,403.6737833373,403.2858886719,403.28966960600144
2024-02-07 05:00:00,405.22532133,411.7993774414,411.0309898422563
2024-02-08 05:00:00,411.7993678722,411.8590393066,412.1864266959851
2024-02-09 05:00:00,412.9928590099,418.2640380859,417.6978654677557
2024-02-12 05:00:00,418.2740175142,413.0028381348,414.03248486642315
2024-02-13 05:00:00,402.7389159312,404.1114196777,405.9224618805781
2024-02-14 05:00:00,406.6024273727,408.0173034668,405.524331693453
2024-02-15 05:00:00,406.6721740492,405.0978393555,404.68883999467766
2024-02-16 05:00:00,406.492810056,402.606842041,403.4293448477223
2024-02-20 05:00:00,401.7897635057,401.3414001465,398.84568992528546
2024-02-21 05:00:00,398.7308310393,400.733581543,398.3795644960786
2024-02-22 05:00:00,408.7147844427,410.1695251465,409.8997945423662
2024-02-23 05:00:00,414.1751061359,408.8642578125,409.1804422818949
2024-02-26 05:00:00,409.9802259921,406.0743408203,407.56359219493726
2024-02-27 05:00:00,406.5226714964,406.0145263672,403.7783292114507
2024-02-28 05:00:00,406.7119992344,406.2536621094,405.66193335978346
2024-02-29 05:00:00,407.1703867237,412.1524047852,409.71882911860837
2024-03-01 05:00:00,409.7908782935,414.0056762695,413.54641578842325
2024-03-04 05:00:00,411.9531071342,413.4277954102,414.5573517230899
2024-03-05 05:00:00,412.471195229,401.2018737793,401.994190312571
2024-03-06 05:00:00,401.5207303496,400.6438903809,399.8589792255905
2024-03-07 05:00:00,404.6594510933,407.6686096191,404.7415002397913
2024-03-08 05:00:00,406.4927962204,404.7590637207,405.8463078160507
2024-03-11 04:00:00,402.307909005,403.0651550293,402.18197963278476
2024-03-12 04:00:00,406.1540135998,413.7864685059,412.16175868878213
2024-03-13 04:00:00,416.5963580658,413.6071472168,411.56035621591445
2024-03-14 04:00:00,418.7286340487,423.6907348633,423.26891580538825
2024-03-15 04:00:00,417.7820672195,414.9223937988,415.4053575583615
2024-03-18 04:00:00,412.7601865176,415.819152832,417.92575706132334
2024-03-19 04:00:00,416.3272978236,419.8944396973,417.9078405783116
2024-03-20 04:00:00,420.482319534,423.7007141113,422.9511500445691
2024-03-21 04:00:00,428.2841428024,427.8258056641,427.31736980763833
2024-03-22 04:00:00,428.1546284078,427.198059082,425.7309224321001
2024-03-25 04:00:00,423.7106482645,421.3392028809,422.857287885478
2024-03-26 04:00:00,424.0792944107,420.1335449219,421.29423936444675
2024-03-27 04:00:00,422.9135215483,419.9143371582,418.8545989490523
2024-03-28 04:00:00,419.4460363048,419.2069091797,419.1029711035611
2024-04-01 04:00:00,422.4253254432,423.0430908203,424.5533035069741
2024-04-02 04:00:00,418.5991130718,419.9243469238,418.9600663507016
2024-04-03 04:00:00,418.2204849357,418.9378967285,420.9373352539792
2024-04-04 04:00:00,423.4615511456,416.3771362305,420.6091424961905
2024-04-05 04:00:00,418.4994913096,423.989654541,422.6631249806508
2024-04-08 04:00:00,423.6409193804,423.0629882812,424.218262582704
2024-04-09 04:00:00,424.9063459467,424.7469177246,422.37317651084766
2024-04-10 04:00:00,420.6716338302,421.7377929688,420.51323077133713
2024-04-11 04:00:00,424.2885941813,426.3909912109,424.660385352424
2024-04-12 04:00:00,422.5249521782,420.3826904297,420.30914805585286
2024-04-15 04:00:00,425.0657870863,412.1524047852,414.6747928100314
2024-04-16 04:00:00,413.0790458992,413.0889892578,415.8570175940855
2024-04-17 04:00:00,415.7494033422,410.3588562012,411.70068699821593
2024-04-18 04:00:00,409.1532132353,402.8160705566,405.00817150448324
2024-04-19 04:00:00,402.5769461656,397.6846008301,398.92568524603075
2024-04-22 04:00:00,398.6411348292,399.5179748535,397.6405475495109
2024-04-23 04:00:00,402.7861765539,406.1042175293,405.3683571564226
2024-04-24 04:00:00,408.0870384485,407.5888366699,408.50891876952085
2024-04-25 04:00:00,392.612897302,397.604888916,392.6250293462593
2024-04-26 04:00:00,410.687701504,404.8587341309,406.4341049550533
2024-04-29 04:00:00,403.7925555014,400.8033447266,400.0128103659028
2024-04-30 04:00:00,400.0460498169,387.9297790527,390.691850117417
2024-05-01 04:00:00,391.1979854891,393.5196228027,396.86291137271303
2024-05-02 04:00:00,396.2298648524,396.4092102051,395.94282388818766
2024-05-03 04:00:00,400.8332267481,405.197479248,404.7645433159297
2024-05-06 04:00:00,407.2899567664,412.0527648926,409.80990459968393
2024-05-07 04:00:00,413.1687335044,407.8678588867,408.9806618938568
2024-05-08 04:00:00,406.702065959,409.0635375977,409.1321298597377
2024-05-09 04:00:00,409.0934214363,410.8371276855,410.0207376525167
2024-05-10 04:00:00,411.4548987962,413.2484130859,412.8894395770276
2024-05-13 04:00:00,416.506666011,412.2320861816,411.22093271249844
2024-05-14 04:00:00,410.538208698,415.0618896484,414.9094146994825
2024-05-15 04:00:00,417.1481137201,422.3187866211,421.74513016261574
2024-05-16 04:00:00,421.0411147305,420.2325744629,423.1546859659196
2024-05-17 04:00:00,421.779773894,419.4539489746,418.77574416912205
2024-05-20 04:00:00,419.4539624148,424.5747375488,424.909051713247
2024-05-21 04:00:00,426.0620511343,428.2680969238,429.71467669022877
2024-05-22 04:00:00,429.3162033054,429.7454223633,429.14848296040265
2024-05-23 04:00:00,432.1910106071,426.2317504883,426.8384244462719
2024-05-24 04:00:00,426.4214201614,429.3860778809,427.618863941171
2024-05-28 04:00:00,428.8570153769,429.5457763672,427.7424751961913
2024-05-29 04:00:00,424.9241078593,428.397857666,429.5420332221779
2024-05-30 04:00:00,423.5365985674,413.9239501953,415.56755333676347
2024-05-31 04:00:00,416.0001981551,414.3831176758,406.18837264944204
2024-06-03 04:00:00,414.7823944159,412.7760009766,410.4118788943583
2024-06-04 04:00:00,411.6879758759,415.3214416504,413.00310002533433
2024-06-05 04:00:00,417.0582741969,423.2471313477,421.19761119371213
2024-06-06 04:00:00,423.2471333721,423.7561950684,421.87579446613586
2024-06-07 04:00:00,425.4332109319,423.0874328613,423.2998994142057
2024-06-10 04:00:00,423.9359096003,427.100189209,426.4027693584682
2024-06-11 04:00:00,424.7144922107,431.9015197754,430.7799386868184
2024-06-12 04:00:00,434.5367860452,440.2664489746,439.64719461864206
2024-06-13 04:00:00,440.0568553291,440.7855224609,441.31963274373476
2024-06-14 04:00:00,437.4914526434,441.7737426758,440.50577919819216
2024-06-17 04:00:00,441.7936939789,447.563293457,447.2930214365177
2024-06-18 04:00:00,448.9008887251,445.5369567871,445.70761841291244
2024-06-20 04:00:00,445.4970284658,444.8981323242,441.9659735027657
2024-06-21 04:00:00,446.5750882817,448.9707641602,448.8770321384141
2024-06-24 04:00:00,448.9907357543,446.8645935059,448.97941878517514
2024-06-25 04:00:00,447.4435174765,450.138671875,449.1929949456607
2024-06-26 04:00:00,448.1921782643,451.346496582,451.6459418153546
2024-06-27 04:00:00,451.3664398492,452.0352478027,454.68143631421134
2024-06-28 04:00:00,452.2548582409,446.1458740234,448.994058503631
2024-07-01 04:00:00,447.8527763611,455.9082641602,452.69142918052796
2024-07-02 04:00:00,452.3846266957,458.4536743164,457.85467141724644
2024-07-03 04:00:00,457.3656343023,459.9409790039,459.8609198308004
2024-07-05 04:00:00,458.783071685,466.7187805176,465.64355620574497
2024-07-08 04:00:00,465.7105933903,465.4011535645,465.39918702170723
2024-07-09 04:00:00,466.1597961165,458.7132263184,459.3922113256438
2024-07-10 04:00:00,460.3901839011,465.4111328125,463.05712998055463
2024-07-11 04:00:00,462.147029106,453.8819274902,454.48490385663786
2024-07-12 04:00:00,453.5125737073,452.7339782715,452.5401936299245
2024-07-15 04:00:00,452.4844332949,453.1432495117,454.5490455430423
2024-07-16 04:00:00,453.4027989348,448.7112426758,447.6350724767368
2024-07-17 04:00:00,441.7936959321,442.7220153809,441.21513316687845
2024-07-18 04:00:00,443.5405562956,439.5776977539,435.9396602051855
2024-07-19 04:00:00,432.3207827754,436.3235473633,438.2131355323139
2024-07-22 04:00:00,440.9951415746,442.1430664062,441.2933694885486
2024-07-23 04:00:00,443.1013491116,444.0496520996,446.4711131145584
2024-07-24 04:00:00,439.6575641864,428.128326416,430.1611297431456
2024-07-25 04:00:00,428.0284992274,417.6472167969,419.81541535034046
2024-07-26 04:00:00,417.4475956402,424.5048522949,425.5698423109732
2024-07-29 04:00:00,430.8034993953,425.9622497559,425.96576882405907
2024-07-30 04:00:00,426.9504705673,422.1591186523,419.7775318187987
2024-07-31 04:00:00,419.7434462344,417.5973205566,414.26399340080457
2024-08-01 04:00:00,420.0329297411,416.3595275879,419.28284045521025
2024-08-02 04:00:00,411.7478386039,407.7550354004,407.3425838837128
2024-08-05 04:00:00,388.4698348609,394.4390563965,395.22311577473863
2024-08-06 04:00:00,399.2803346769,398.8910217285,402.93581129907477
2024-08-07 04:00:00,407.904818098,397.7131652832,400.1142430067707
2024-08-08 04:00:00,401.7159344179,401.9654846191,402.766167581481
2024-08-09 04:00:00,403.3030798438,405.2894897461,405.4404691737385
2024-08-12 04:00:00,406.3276141642,406.0780639648,405.7634559149011
2024-08-13 04:00:00,408.8530756322,413.2651367188,413.5214841337796
2024-08-14 04:00:00,414.053694069,416.1099853516,414.8521673640461
2024-08-15 04:00:00,419.799987793,421.0299987793,419.5162126787138
2024-08-16 04:00:00,420.6000061035,418.4700012207,418.89116506802844
2024-08-19 04:00:00,418.9599914551,421.5299987793,419.53615989242587
2024-08-20 04:00:00,421.700012207,424.799987793,425.41344413638296
2024-08-21 04:00:00,424.0799865723,424.1400146484,424.41047911683506
2024-08-22 04:00:00,424.3599853516,415.549987793,418.5496245145957
2024-08-23 04:00:00,416.9800109863,416.7900085449,415.1384776427452
2024-08-26 04:00:00,416.3699951172,413.4899902344,413.3319839387808
2024-08-27 04:00:00,412.8599853516,413.8399963379,412.321359089277
2024-08-28 04:00:00,414.8800048828,410.6000061035,409.07819375900976
2024-08-29 04:00:00,414.9400024414,413.1199951172,417.35934371003384
2024-08-30 04:00:00,415.6000061035,417.1400146484,414.64668377563805
2024-09-03 04:00:00,417.9100036621,409.4400024414,410.7777946614484
2024-09-04 04:00:00,405.9100036621,408.8999938965,409.27789147192846
2024-09-05 04:00:00,407.6199951172,408.3900146484,411.15009172922026
2024-09-06 04:00:00,409.0599975586,401.700012207,403.8262503508053
2024-09-09 04:00:00,407.2399902344,405.7200012207,404.5339225168528
2024-09-10 04:00:00,408.200012207,414.200012207,414.6498311513973
2024-09-11 04:00:00,415.5,423.0400085449,417.67414958798656
2024-09-12 04:00:00,423.3099975586,427.0,423.99716004995184
2024-09-13 04:00:00,425.8299865723,430.5899963379,430.7346463684694
2024-09-16 04:00:00,430.6000061035,431.3399963379,431.4012551249261
2024-09-17 04:00:00,440.2300109863,435.1499938965,435.30970884020286
2024-09-18 04:00:00,435.0,430.8099975586,432.4493274227299
2024-09-19 04:00:00,441.2300109863,438.6900024414,438.3079266220585
2024-09-20 04:00:00,437.2200012207,435.2699890137,436.79072580720435
2024-09-23 04:00:00,434.2799987793,433.5100097656,433.2230956905288
2024-09-24 04:00:00,433.0,429.1700134277,427.9653073167972
2024-09-25 04:00:00,429.8299865723,432.1099853516,431.85741923166063
2024-09-26 04:00:00,435.0899963379,431.3099975586,430.73979838999696
2024-09-27 04:00:00,431.5199890137,428.0199890137,428.86957829037317
2024-09-30 04:00:00,428.2099914551,430.299987793,428.05434888589355
2024-10-01 04:00:00,428.450012207,420.6900024414,420.84908195720845
2024-10-02 04:00:00,422.5799865723,417.1300048828,418.3143897156101
2024-10-03 04:00:00,417.6300048828,416.5400085449,416.8122531068112
2024-10-04 04:00:00,418.2399902344,416.0599975586,417.1594312227077
2024-10-07 04:00:00,416.0,409.5400085449,411.45871059612693
2024-10-08 04:00:00,410.8999938965,414.7099914551,412.82258934866525
2024-10-09 04:00:00,415.8599853516,417.4599914551,418.58564418974214
2024-10-10 04:00:00,415.2300109863,415.8399963379,415.62857211730557
